id,subfolder,target,type
1995-2000_1,1995-2000,"[('viral_ADJ',)]","[('Number',)]"
1995-2000_2,1995-2000,"[('viral_ADJ',)]","[('Number',)]"
1995-2000_3,1995-2000,"[('viral_ADJ',)]","[('Number',)]"
1995-2000_4,1995-2000,"[('viral_ADJ',)]","[('Number',)]"
1995-2000_5,1995-2000,"[('viral_ADJ',)]","[('Number',)]"
1995-2000_6,1995-2000,"[('viral_ADJ',)]","[('Number',)]"
1995-2000_7,1995-2000,"[('viral_ADJ',)]","[('Number',)]"
1995-2000_8,1995-2000,"[('viral_ADJ',)]","[('Number',)]"
1995-2000_9,1995-2000,"[('viral_ADJ',)]","[('Number',)]"
1995-2000_10,1995-2000,"[('viral_ADJ',)]","[('Number',)]"
1995-2000_11,1995-2000,"[('viral_ADJ',)]","[('Number',)]"
1995-2000_12,1995-2000,"[('viral_ADJ',)]","[('Number',)]"
1995-2000_13,1995-2000,"[('viral_ADJ',)]","[('Number',)]"
1995-2000_14,1995-2000,"[('viral_ADJ',)]","[('Number',)]"
1995-2000_15,1995-2000,"[('viral_ADJ',)]","[('Number',)]"
1995-2000_16,1995-2000,"[('viral_ADJ',)]","[('Number',)]"
1995-2000_17,1995-2000,"[('viral_ADJ',)]","[('Number',)]"
1995-2000_18,1995-2000,"[('viral_ADJ',)]","[('Number',)]"
1995-2000_19,1995-2000,"[('viral_ADJ',)]","[('Number',)]"
1995-2000_20,1995-2000,"[('viral_ADJ',)]","[('Number',)]"
1995-2000_21,1995-2000,"[('viral_ADJ',)]","[('Number',)]"
1995-2000_22,1995-2000,"[('viral_ADJ',)]","[('Number',)]"
1995-2000_23,1995-2000,"[('viral_ADJ',)]","[('Number',)]"
1995-2000_24,1995-2000,"[('viral_ADJ',)]","[('Number',)]"
1995-2000_25,1995-2000,"[('viral_ADJ',)]","[('Number',)]"
1995-2000_26,1995-2000,"[('viral_ADJ',)]","[('Number',)]"
1995-2000_27,1995-2000,"[('viral_ADJ',)]","[('Number',)]"
1995-2000_28,1995-2000,"[('viral_ADJ',)]","[('Number',)]"
1995-2000_29,1995-2000,"[('viral_ADJ',)]","[('Number',)]"
1995-2000_30,1995-2000,"[('viral_ADJ',)]","[('Number',)]"
1995-2000_31,1995-2000,"[('viral_ADJ',)]","[('Degree',)]"
1995-2000_32,1995-2000,"[('viral_ADJ',)]","[('Degree',)]"
1995-2000_33,1995-2000,"[('viral_ADJ',)]","[('Degree',)]"
1995-2000_34,1995-2000,"[('viral_ADJ',)]","[('Degree',)]"
1995-2000_35,1995-2000,"[('viral_ADJ',)]","[('Degree',)]"
1995-2000_36,1995-2000,"[('viral_ADJ',)]","[('Degree',)]"
1995-2000_37,1995-2000,"[('viral_ADJ',)]","[('Degree',)]"
1995-2000_38,1995-2000,"[('viral_ADJ',)]","[('Degree',)]"
1995-2000_39,1995-2000,"[('viral_ADJ',)]","[('Degree',)]"
1995-2000_40,1995-2000,"[('viral_ADJ',)]","[('Degree',)]"
1995-2000_41,1995-2000,"[('viral_ADJ',)]","[('Degree',)]"
1995-2000_42,1995-2000,"[('viral_ADJ',)]","[('Degree',)]"
1995-2000_43,1995-2000,"[('viral_ADJ',)]","[('Degree',)]"
1995-2000_44,1995-2000,"[('viral_ADJ',)]","[('Degree',)]"
1995-2000_45,1995-2000,"[('viral_ADJ',)]","[('Degree',)]"
1995-2000_46,1995-2000,"[('viral_ADJ',)]","[('Degree',)]"
1995-2000_47,1995-2000,"[('viral_ADJ',)]","[('Degree',)]"
1995-2000_48,1995-2000,"[('viral_ADJ',)]","[('Degree',)]"
1995-2000_49,1995-2000,"[('viral_ADJ',)]","[('Case',)]"
1995-2000_50,1995-2000,"[('viral_ADJ',)]","[('Case',)]"
1995-2000_51,1995-2000,"[('viral_ADJ',)]","[('Case',)]"
1995-2000_52,1995-2000,"[('viral_ADJ',)]","[('Case',)]"
1995-2000_53,1995-2000,"[('viral_ADJ',)]","[('Case',)]"
1995-2000_54,1995-2000,"[('viral_ADJ',)]","[('Gender',)]"
1995-2000_55,1995-2000,"[('viral_ADJ',)]","[('Gender',)]"
1995-2000_56,1995-2000,"[('viral_ADJ',)]","[('Gender',)]"
1995-2000_57,1995-2000,"[('viral_ADJ',)]","[('Variant',)]"
1995-2000_58,1995-2000,"[('viral_ADJ',)]","[('Variant',)]"
1995-2000_59,1995-2000,"[('viral_ADJ',)]","[('Variant',)]"
2001-2005_1,2001-2005,"[('viral_ADJ',)]","[('Number',)]"
2001-2005_2,2001-2005,"[('viral_ADJ',)]","[('Number',)]"
2001-2005_3,2001-2005,"[('viral_ADJ',)]","[('Number',)]"
2001-2005_4,2001-2005,"[('viral_ADJ',)]","[('Number',)]"
2001-2005_5,2001-2005,"[('viral_ADJ',)]","[('Number',)]"
2001-2005_6,2001-2005,"[('viral_ADJ',)]","[('Number',)]"
2001-2005_7,2001-2005,"[('viral_ADJ',)]","[('Number',)]"
2001-2005_8,2001-2005,"[('viral_ADJ',)]","[('Number',)]"
2001-2005_9,2001-2005,"[('viral_ADJ',)]","[('Number',)]"
2001-2005_10,2001-2005,"[('viral_ADJ',)]","[('Number',)]"
2001-2005_11,2001-2005,"[('viral_ADJ',)]","[('Number',)]"
2001-2005_12,2001-2005,"[('viral_ADJ',)]","[('Number',)]"
2001-2005_13,2001-2005,"[('viral_ADJ',)]","[('Number',)]"
2001-2005_14,2001-2005,"[('viral_ADJ',)]","[('Number',)]"
2001-2005_15,2001-2005,"[('viral_ADJ',)]","[('Number',)]"
2001-2005_16,2001-2005,"[('viral_ADJ',)]","[('Number',)]"
2001-2005_17,2001-2005,"[('viral_ADJ',)]","[('Number',)]"
2001-2005_18,2001-2005,"[('viral_ADJ',)]","[('Number',)]"
2001-2005_19,2001-2005,"[('viral_ADJ',)]","[('Number',)]"
2001-2005_20,2001-2005,"[('viral_ADJ',)]","[('Number',)]"
2001-2005_21,2001-2005,"[('viral_ADJ',)]","[('Degree',)]"
2001-2005_22,2001-2005,"[('viral_ADJ',)]","[('Degree',)]"
2001-2005_23,2001-2005,"[('viral_ADJ',)]","[('Degree',)]"
2001-2005_24,2001-2005,"[('viral_ADJ',)]","[('Degree',)]"
2001-2005_25,2001-2005,"[('viral_ADJ',)]","[('Degree',)]"
2001-2005_26,2001-2005,"[('viral_ADJ',)]","[('Degree',)]"
2001-2005_27,2001-2005,"[('viral_ADJ',)]","[('Degree',)]"
2001-2005_28,2001-2005,"[('viral_ADJ',)]","[('Degree',)]"
2001-2005_29,2001-2005,"[('viral_ADJ',)]","[('Degree',)]"
2001-2005_30,2001-2005,"[('viral_ADJ',)]","[('Degree',)]"
2001-2005_31,2001-2005,"[('viral_ADJ',)]","[('Degree',)]"
2001-2005_32,2001-2005,"[('viral_ADJ',)]","[('Gender',)]"
2001-2005_33,2001-2005,"[('viral_ADJ',)]","[('Gender',)]"
2001-2005_34,2001-2005,"[('viral_ADJ',)]","[('Gender',)]"
2001-2005_35,2001-2005,"[('viral_ADJ',)]","[('Gender',)]"
2001-2005_36,2001-2005,"[('viral_ADJ',)]","[('Case',)]"
2001-2005_37,2001-2005,"[('viral_ADJ',)]","[('Case',)]"
2001-2005_38,2001-2005,"[('viral_ADJ',)]","[('Variant',)]"
2006-2010_1,2006-2010,"[('viral_ADJ',)]","[('Number',)]"
2006-2010_2,2006-2010,"[('viral_ADJ',)]","[('Number',)]"
2006-2010_3,2006-2010,"[('viral_ADJ',)]","[('Number',)]"
2006-2010_4,2006-2010,"[('viral_ADJ',)]","[('Number',)]"
2006-2010_5,2006-2010,"[('viral_ADJ',)]","[('Number',)]"
2006-2010_6,2006-2010,"[('viral_ADJ',)]","[('Number',)]"
2006-2010_7,2006-2010,"[('viral_ADJ',)]","[('Number',)]"
2006-2010_8,2006-2010,"[('viral_ADJ',)]","[('Number',)]"
2006-2010_9,2006-2010,"[('viral_ADJ',)]","[('Number',)]"
2006-2010_10,2006-2010,"[('viral_ADJ',)]","[('Number',)]"
2006-2010_11,2006-2010,"[('viral_ADJ',)]","[('Number',)]"
2006-2010_12,2006-2010,"[('viral_ADJ',)]","[('Number',)]"
2006-2010_13,2006-2010,"[('viral_ADJ',)]","[('Number',)]"
2006-2010_14,2006-2010,"[('viral_ADJ',)]","[('Number',)]"
2006-2010_15,2006-2010,"[('viral_ADJ',)]","[('Number',)]"
2006-2010_16,2006-2010,"[('viral_ADJ',)]","[('Number',)]"
2006-2010_17,2006-2010,"[('viral_ADJ',)]","[('Number',)]"
2006-2010_18,2006-2010,"[('viral_ADJ',)]","[('Number',)]"
2006-2010_19,2006-2010,"[('viral_ADJ',)]","[('Number',)]"
2006-2010_20,2006-2010,"[('viral_ADJ',)]","[('Number',)]"
2006-2010_21,2006-2010,"[('viral_ADJ',)]","[('Number',)]"
2006-2010_22,2006-2010,"[('viral_ADJ',)]","[('Number',)]"
2006-2010_23,2006-2010,"[('viral_ADJ',)]","[('Number',)]"
2006-2010_24,2006-2010,"[('viral_ADJ',)]","[('Number',)]"
2006-2010_25,2006-2010,"[('viral_ADJ',)]","[('Number',)]"
2006-2010_26,2006-2010,"[('viral_ADJ',)]","[('Number',)]"
2006-2010_27,2006-2010,"[('viral_ADJ',)]","[('Number',)]"
2006-2010_28,2006-2010,"[('viral_ADJ',)]","[('Number',)]"
2006-2010_29,2006-2010,"[('viral_ADJ',)]","[('Number',)]"
2006-2010_30,2006-2010,"[('viral_ADJ',)]","[('Number',)]"
2006-2010_31,2006-2010,"[('viral_ADJ',)]","[('Number',)]"
2006-2010_32,2006-2010,"[('viral_ADJ',)]","[('Number',)]"
2006-2010_33,2006-2010,"[('viral_ADJ',)]","[('Number',)]"
2006-2010_34,2006-2010,"[('viral_ADJ',)]","[('Number',)]"
2006-2010_35,2006-2010,"[('viral_ADJ',)]","[('Number',)]"
2006-2010_36,2006-2010,"[('viral_ADJ',)]","[('Number',)]"
2006-2010_37,2006-2010,"[('viral_ADJ',)]","[('Number',)]"
2006-2010_38,2006-2010,"[('viral_ADJ',)]","[('Number',)]"
2006-2010_39,2006-2010,"[('viral_ADJ',)]","[('Number',)]"
2006-2010_40,2006-2010,"[('viral_ADJ',)]","[('Number',)]"
2006-2010_41,2006-2010,"[('viral_ADJ',)]","[('Number',)]"
2006-2010_42,2006-2010,"[('viral_ADJ',)]","[('Number',)]"
2006-2010_43,2006-2010,"[('viral_ADJ',)]","[('Number',)]"
2006-2010_44,2006-2010,"[('viral_ADJ',)]","[('Number',)]"
2006-2010_45,2006-2010,"[('viral_ADJ',)]","[('Number',)]"
2006-2010_46,2006-2010,"[('viral_ADJ',)]","[('Number',)]"
2006-2010_47,2006-2010,"[('viral_ADJ',)]","[('Number',)]"
2006-2010_48,2006-2010,"[('viral_ADJ',)]","[('Number',)]"
2006-2010_49,2006-2010,"[('viral_ADJ',)]","[('Number',)]"
2006-2010_50,2006-2010,"[('viral_ADJ',)]","[('Number',)]"
2006-2010_51,2006-2010,"[('viral_ADJ',)]","[('Number',)]"
2006-2010_52,2006-2010,"[('viral_ADJ',)]","[('Number',)]"
2006-2010_53,2006-2010,"[('viral_ADJ',)]","[('Number',)]"
2006-2010_54,2006-2010,"[('viral_ADJ',)]","[('Number',)]"
2006-2010_55,2006-2010,"[('viral_ADJ',)]","[('Number',)]"
2006-2010_56,2006-2010,"[('viral_ADJ',)]","[('Number',)]"
2006-2010_57,2006-2010,"[('viral_ADJ',)]","[('Number',)]"
2006-2010_58,2006-2010,"[('viral_ADJ',)]","[('Number',)]"
2006-2010_59,2006-2010,"[('viral_ADJ',)]","[('Number',)]"
2006-2010_60,2006-2010,"[('viral_ADJ',)]","[('Number',)]"
2006-2010_61,2006-2010,"[('viral_ADJ',)]","[('Number',)]"
2006-2010_62,2006-2010,"[('viral_ADJ',)]","[('Number',)]"
2006-2010_63,2006-2010,"[('viral_ADJ',)]","[('Number',)]"
2006-2010_64,2006-2010,"[('viral_ADJ',)]","[('Number',)]"
2006-2010_65,2006-2010,"[('viral_ADJ',)]","[('Number',)]"
2006-2010_66,2006-2010,"[('viral_ADJ',)]","[('Number',)]"
2006-2010_67,2006-2010,"[('viral_ADJ',)]","[('Number',)]"
2006-2010_68,2006-2010,"[('viral_ADJ',)]","[('Number',)]"
2006-2010_69,2006-2010,"[('viral_ADJ',)]","[('Number',)]"
2006-2010_70,2006-2010,"[('viral_ADJ',)]","[('Number',)]"
2006-2010_71,2006-2010,"[('viral_ADJ',)]","[('Number',)]"
2006-2010_72,2006-2010,"[('viral_ADJ',)]","[('Number',)]"
2006-2010_73,2006-2010,"[('viral_ADJ',)]","[('Degree',)]"
2006-2010_74,2006-2010,"[('viral_ADJ',)]","[('Degree',)]"
2006-2010_75,2006-2010,"[('viral_ADJ',)]","[('Degree',)]"
2006-2010_76,2006-2010,"[('viral_ADJ',)]","[('Degree',)]"
2006-2010_77,2006-2010,"[('viral_ADJ',)]","[('Degree',)]"
2006-2010_78,2006-2010,"[('viral_ADJ',)]","[('Degree',)]"
2006-2010_79,2006-2010,"[('viral_ADJ',)]","[('Degree',)]"
2006-2010_80,2006-2010,"[('viral_ADJ',)]","[('Degree',)]"
2006-2010_81,2006-2010,"[('viral_ADJ',)]","[('Degree',)]"
2006-2010_82,2006-2010,"[('viral_ADJ',)]","[('Degree',)]"
2006-2010_83,2006-2010,"[('viral_ADJ',)]","[('Degree',)]"
2006-2010_84,2006-2010,"[('viral_ADJ',)]","[('Degree',)]"
2006-2010_85,2006-2010,"[('viral_ADJ',)]","[('Degree',)]"
2006-2010_86,2006-2010,"[('viral_ADJ',)]","[('Degree',)]"
2006-2010_87,2006-2010,"[('viral_ADJ',)]","[('Degree',)]"
2006-2010_88,2006-2010,"[('viral_ADJ',)]","[('Degree',)]"
2006-2010_89,2006-2010,"[('viral_ADJ',)]","[('Degree',)]"
2006-2010_90,2006-2010,"[('viral_ADJ',)]","[('Degree',)]"
2006-2010_91,2006-2010,"[('viral_ADJ',)]","[('Degree',)]"
2006-2010_92,2006-2010,"[('viral_ADJ',)]","[('Degree',)]"
2006-2010_93,2006-2010,"[('viral_ADJ',)]","[('Degree',)]"
2006-2010_94,2006-2010,"[('viral_ADJ',)]","[('Degree',)]"
2006-2010_95,2006-2010,"[('viral_ADJ',)]","[('Degree',)]"
2006-2010_96,2006-2010,"[('viral_ADJ',)]","[('Degree',)]"
2006-2010_97,2006-2010,"[('viral_ADJ',)]","[('Degree',)]"
2006-2010_98,2006-2010,"[('viral_ADJ',)]","[('Degree',)]"
2006-2010_99,2006-2010,"[('viral_ADJ',)]","[('Degree',)]"
2006-2010_100,2006-2010,"[('viral_ADJ',)]","[('Degree',)]"
2006-2010_101,2006-2010,"[('viral_ADJ',)]","[('Degree',)]"
2006-2010_102,2006-2010,"[('viral_ADJ',)]","[('Degree',)]"
2006-2010_103,2006-2010,"[('viral_ADJ',)]","[('Degree',)]"
2006-2010_104,2006-2010,"[('viral_ADJ',)]","[('Degree',)]"
2006-2010_105,2006-2010,"[('viral_ADJ',)]","[('Degree',)]"
2006-2010_106,2006-2010,"[('viral_ADJ',)]","[('Degree',)]"
2006-2010_107,2006-2010,"[('viral_ADJ',)]","[('Degree',)]"
2006-2010_108,2006-2010,"[('viral_ADJ',)]","[('Degree',)]"
2006-2010_109,2006-2010,"[('viral_ADJ',)]","[('Degree',)]"
2006-2010_110,2006-2010,"[('viral_ADJ',)]","[('Degree',)]"
2006-2010_111,2006-2010,"[('viral_ADJ',)]","[('Gender',)]"
2006-2010_112,2006-2010,"[('viral_ADJ',)]","[('Gender',)]"
2006-2010_113,2006-2010,"[('viral_ADJ',)]","[('Gender',)]"
2006-2010_114,2006-2010,"[('viral_ADJ',)]","[('Gender',)]"
2006-2010_115,2006-2010,"[('viral_ADJ',)]","[('Gender',)]"
2006-2010_116,2006-2010,"[('viral_ADJ',)]","[('Gender',)]"
2006-2010_117,2006-2010,"[('viral_ADJ',)]","[('Gender',)]"
2006-2010_118,2006-2010,"[('viral_ADJ',)]","[('Gender',)]"
2006-2010_119,2006-2010,"[('viral_ADJ',)]","[('Gender',)]"
2006-2010_120,2006-2010,"[('viral_ADJ',)]","[('Gender',)]"
2006-2010_121,2006-2010,"[('viral_ADJ',)]","[('Gender',)]"
2006-2010_122,2006-2010,"[('viral_ADJ',)]","[('Gender',)]"
2006-2010_123,2006-2010,"[('viral_ADJ',)]","[('Gender',)]"
2006-2010_124,2006-2010,"[('viral_ADJ',)]","[('Gender',)]"
2006-2010_125,2006-2010,"[('viral_ADJ',)]","[('Gender',)]"
2006-2010_126,2006-2010,"[('viral_ADJ',)]","[('Gender',)]"
2006-2010_127,2006-2010,"[('viral_ADJ',)]","[('Gender',)]"
2006-2010_128,2006-2010,"[('viral_ADJ',)]","[('Gender',)]"
2006-2010_129,2006-2010,"[('viral_ADJ',)]","[('Gender',)]"
2006-2010_130,2006-2010,"[('viral_ADJ',)]","[('Gender',)]"
2006-2010_131,2006-2010,"[('viral_ADJ',)]","[('Gender',)]"
2006-2010_132,2006-2010,"[('viral_ADJ',)]","[('Gender',)]"
2006-2010_133,2006-2010,"[('viral_ADJ',)]","[('Gender',)]"
2006-2010_134,2006-2010,"[('viral_ADJ',)]","[('Gender',)]"
2006-2010_135,2006-2010,"[('viral_ADJ',)]","[('Case',)]"
2006-2010_136,2006-2010,"[('viral_ADJ',)]","[('Case',)]"
2006-2010_137,2006-2010,"[('viral_ADJ',)]","[('Case',)]"
2006-2010_138,2006-2010,"[('viral_ADJ',)]","[('Case',)]"
2006-2010_139,2006-2010,"[('viral_ADJ',)]","[('Case',)]"
2006-2010_140,2006-2010,"[('viral_ADJ',)]","[('Case',)]"
2006-2010_141,2006-2010,"[('viral_ADJ',)]","[('Case',)]"
2006-2010_142,2006-2010,"[('viral_ADJ',)]","[('Case',)]"
2006-2010_143,2006-2010,"[('viral_ADJ',)]","[('Case',)]"
2006-2010_144,2006-2010,"[('viral_ADJ',)]","[('Case',)]"
2006-2010_145,2006-2010,"[('viral_ADJ',)]","[('Case',)]"
2006-2010_146,2006-2010,"[('viral_ADJ',)]","[('Case',)]"
2006-2010_147,2006-2010,"[('viral_ADJ',)]","[('Variant',)]"
2006-2010_148,2006-2010,"[('viral_ADJ',)]","[('Variant',)]"
2006-2010_149,2006-2010,"[('viral_ADJ',)]","[('Variant',)]"
2006-2010_150,2006-2010,"[('viral_ADJ',)]","[('Variant',)]"
2006-2010_151,2006-2010,"[('viral_ADJ',)]","[('Variant',)]"
2006-2010_152,2006-2010,"[('viral_ADJ',)]","[('Variant',)]"
2011-2015_1,2011-2015,"[('viral_ADJ',)]","[('Number',)]"
2011-2015_2,2011-2015,"[('viral_ADJ',)]","[('Number',)]"
2011-2015_3,2011-2015,"[('viral_ADJ',)]","[('Number',)]"
2011-2015_4,2011-2015,"[('viral_ADJ',)]","[('Number',)]"
2011-2015_5,2011-2015,"[('viral_ADJ',)]","[('Number',)]"
2011-2015_6,2011-2015,"[('viral_ADJ',)]","[('Number',)]"
2011-2015_7,2011-2015,"[('viral_ADJ',)]","[('Number',)]"
2011-2015_8,2011-2015,"[('viral_ADJ',)]","[('Number',)]"
2011-2015_9,2011-2015,"[('viral_ADJ',)]","[('Number',)]"
2011-2015_10,2011-2015,"[('viral_ADJ',)]","[('Number',)]"
2011-2015_11,2011-2015,"[('viral_ADJ',)]","[('Number',)]"
2011-2015_12,2011-2015,"[('viral_ADJ',)]","[('Number',)]"
2011-2015_13,2011-2015,"[('viral_ADJ',)]","[('Number',)]"
2011-2015_14,2011-2015,"[('viral_ADJ',)]","[('Number',)]"
2011-2015_15,2011-2015,"[('viral_ADJ',)]","[('Number',)]"
2011-2015_16,2011-2015,"[('viral_ADJ',)]","[('Number',)]"
2011-2015_17,2011-2015,"[('viral_ADJ',)]","[('Number',)]"
2011-2015_18,2011-2015,"[('viral_ADJ',)]","[('Number',)]"
2011-2015_19,2011-2015,"[('viral_ADJ',)]","[('Number',)]"
2011-2015_20,2011-2015,"[('viral_ADJ',)]","[('Number',)]"
2011-2015_21,2011-2015,"[('viral_ADJ',)]","[('Number',)]"
2011-2015_22,2011-2015,"[('viral_ADJ',)]","[('Number',)]"
2011-2015_23,2011-2015,"[('viral_ADJ',)]","[('Number',)]"
2011-2015_24,2011-2015,"[('viral_ADJ',)]","[('Number',)]"
2011-2015_25,2011-2015,"[('viral_ADJ',)]","[('Number',)]"
2011-2015_26,2011-2015,"[('viral_ADJ',)]","[('Number',)]"
2011-2015_27,2011-2015,"[('viral_ADJ',)]","[('Number',)]"
2011-2015_28,2011-2015,"[('viral_ADJ',)]","[('Number',)]"
2011-2015_29,2011-2015,"[('viral_ADJ',)]","[('Number',)]"
2011-2015_30,2011-2015,"[('viral_ADJ',)]","[('Number',)]"
2011-2015_31,2011-2015,"[('viral_ADJ',)]","[('Number',)]"
2011-2015_32,2011-2015,"[('viral_ADJ',)]","[('Number',)]"
2011-2015_33,2011-2015,"[('viral_ADJ',)]","[('Number',)]"
2011-2015_34,2011-2015,"[('viral_ADJ',)]","[('Number',)]"
2011-2015_35,2011-2015,"[('viral_ADJ',)]","[('Number',)]"
2011-2015_36,2011-2015,"[('viral_ADJ',)]","[('Number',)]"
2011-2015_37,2011-2015,"[('viral_ADJ',)]","[('Number',)]"
2011-2015_38,2011-2015,"[('viral_ADJ',)]","[('Number',)]"
2011-2015_39,2011-2015,"[('viral_ADJ',)]","[('Number',)]"
2011-2015_40,2011-2015,"[('viral_ADJ',)]","[('Number',)]"
2011-2015_41,2011-2015,"[('viral_ADJ',)]","[('Number',)]"
2011-2015_42,2011-2015,"[('viral_ADJ',)]","[('Number',)]"
2011-2015_43,2011-2015,"[('viral_ADJ',)]","[('Number',)]"
2011-2015_44,2011-2015,"[('viral_ADJ',)]","[('Number',)]"
2011-2015_45,2011-2015,"[('viral_ADJ',)]","[('Number',)]"
2011-2015_46,2011-2015,"[('viral_ADJ',)]","[('Number',)]"
2011-2015_47,2011-2015,"[('viral_ADJ',)]","[('Number',)]"
2011-2015_48,2011-2015,"[('viral_ADJ',)]","[('Number',)]"
2011-2015_49,2011-2015,"[('viral_ADJ',)]","[('Number',)]"
2011-2015_50,2011-2015,"[('viral_ADJ',)]","[('Number',)]"
2011-2015_51,2011-2015,"[('viral_ADJ',)]","[('Number',)]"
2011-2015_52,2011-2015,"[('viral_ADJ',)]","[('Number',)]"
2011-2015_53,2011-2015,"[('viral_ADJ',)]","[('Number',)]"
2011-2015_54,2011-2015,"[('viral_ADJ',)]","[('Number',)]"
2011-2015_55,2011-2015,"[('viral_ADJ',)]","[('Number',)]"
2011-2015_56,2011-2015,"[('viral_ADJ',)]","[('Number',)]"
2011-2015_57,2011-2015,"[('viral_ADJ',)]","[('Number',)]"
2011-2015_58,2011-2015,"[('viral_ADJ',)]","[('Number',)]"
2011-2015_59,2011-2015,"[('viral_ADJ',)]","[('Number',)]"
2011-2015_60,2011-2015,"[('viral_ADJ',)]","[('Number',)]"
2011-2015_61,2011-2015,"[('viral_ADJ',)]","[('Number',)]"
2011-2015_62,2011-2015,"[('viral_ADJ',)]","[('Number',)]"
2011-2015_63,2011-2015,"[('viral_ADJ',)]","[('Number',)]"
2011-2015_64,2011-2015,"[('viral_ADJ',)]","[('Number',)]"
2011-2015_65,2011-2015,"[('viral_ADJ',)]","[('Number',)]"
2011-2015_66,2011-2015,"[('viral_ADJ',)]","[('Number',)]"
2011-2015_67,2011-2015,"[('viral_ADJ',)]","[('Number',)]"
2011-2015_68,2011-2015,"[('viral_ADJ',)]","[('Number',)]"
2011-2015_69,2011-2015,"[('viral_ADJ',)]","[('Number',)]"
2011-2015_70,2011-2015,"[('viral_ADJ',)]","[('Number',)]"
2011-2015_71,2011-2015,"[('viral_ADJ',)]","[('Number',)]"
2011-2015_72,2011-2015,"[('viral_ADJ',)]","[('Number',)]"
2011-2015_73,2011-2015,"[('viral_ADJ',)]","[('Number',)]"
2011-2015_74,2011-2015,"[('viral_ADJ',)]","[('Number',)]"
2011-2015_75,2011-2015,"[('viral_ADJ',)]","[('Number',)]"
2011-2015_76,2011-2015,"[('viral_ADJ',)]","[('Number',)]"
2011-2015_77,2011-2015,"[('viral_ADJ',)]","[('Number',)]"
2011-2015_78,2011-2015,"[('viral_ADJ',)]","[('Number',)]"
2011-2015_79,2011-2015,"[('viral_ADJ',)]","[('Number',)]"
2011-2015_80,2011-2015,"[('viral_ADJ',)]","[('Number',)]"
2011-2015_81,2011-2015,"[('viral_ADJ',)]","[('Number',)]"
2011-2015_82,2011-2015,"[('viral_ADJ',)]","[('Number',)]"
2011-2015_83,2011-2015,"[('viral_ADJ',)]","[('Number',)]"
2011-2015_84,2011-2015,"[('viral_ADJ',)]","[('Number',)]"
2011-2015_85,2011-2015,"[('viral_ADJ',)]","[('Number',)]"
2011-2015_86,2011-2015,"[('viral_ADJ',)]","[('Number',)]"
2011-2015_87,2011-2015,"[('viral_ADJ',)]","[('Number',)]"
2011-2015_88,2011-2015,"[('viral_ADJ',)]","[('Number',)]"
2011-2015_89,2011-2015,"[('viral_ADJ',)]","[('Number',)]"
2011-2015_90,2011-2015,"[('viral_ADJ',)]","[('Degree',)]"
2011-2015_91,2011-2015,"[('viral_ADJ',)]","[('Degree',)]"
2011-2015_92,2011-2015,"[('viral_ADJ',)]","[('Degree',)]"
2011-2015_93,2011-2015,"[('viral_ADJ',)]","[('Degree',)]"
2011-2015_94,2011-2015,"[('viral_ADJ',)]","[('Degree',)]"
2011-2015_95,2011-2015,"[('viral_ADJ',)]","[('Degree',)]"
2011-2015_96,2011-2015,"[('viral_ADJ',)]","[('Degree',)]"
2011-2015_97,2011-2015,"[('viral_ADJ',)]","[('Degree',)]"
2011-2015_98,2011-2015,"[('viral_ADJ',)]","[('Degree',)]"
2011-2015_99,2011-2015,"[('viral_ADJ',)]","[('Degree',)]"
2011-2015_100,2011-2015,"[('viral_ADJ',)]","[('Degree',)]"
2011-2015_101,2011-2015,"[('viral_ADJ',)]","[('Degree',)]"
2011-2015_102,2011-2015,"[('viral_ADJ',)]","[('Degree',)]"
2011-2015_103,2011-2015,"[('viral_ADJ',)]","[('Degree',)]"
2011-2015_104,2011-2015,"[('viral_ADJ',)]","[('Degree',)]"
2011-2015_105,2011-2015,"[('viral_ADJ',)]","[('Degree',)]"
2011-2015_106,2011-2015,"[('viral_ADJ',)]","[('Degree',)]"
2011-2015_107,2011-2015,"[('viral_ADJ',)]","[('Degree',)]"
2011-2015_108,2011-2015,"[('viral_ADJ',)]","[('Degree',)]"
2011-2015_109,2011-2015,"[('viral_ADJ',)]","[('Degree',)]"
2011-2015_110,2011-2015,"[('viral_ADJ',)]","[('Degree',)]"
2011-2015_111,2011-2015,"[('viral_ADJ',)]","[('Degree',)]"
2011-2015_112,2011-2015,"[('viral_ADJ',)]","[('Degree',)]"
2011-2015_113,2011-2015,"[('viral_ADJ',)]","[('Degree',)]"
2011-2015_114,2011-2015,"[('viral_ADJ',)]","[('Degree',)]"
2011-2015_115,2011-2015,"[('viral_ADJ',)]","[('Degree',)]"
2011-2015_116,2011-2015,"[('viral_ADJ',)]","[('Degree',)]"
2011-2015_117,2011-2015,"[('viral_ADJ',)]","[('Degree',)]"
2011-2015_118,2011-2015,"[('viral_ADJ',)]","[('Degree',)]"
2011-2015_119,2011-2015,"[('viral_ADJ',)]","[('Degree',)]"
2011-2015_120,2011-2015,"[('viral_ADJ',)]","[('Degree',)]"
2011-2015_121,2011-2015,"[('viral_ADJ',)]","[('Degree',)]"
2011-2015_122,2011-2015,"[('viral_ADJ',)]","[('Degree',)]"
2011-2015_123,2011-2015,"[('viral_ADJ',)]","[('Degree',)]"
2011-2015_124,2011-2015,"[('viral_ADJ',)]","[('Degree',)]"
2011-2015_125,2011-2015,"[('viral_ADJ',)]","[('Degree',)]"
2011-2015_126,2011-2015,"[('viral_ADJ',)]","[('Degree',)]"
2011-2015_127,2011-2015,"[('viral_ADJ',)]","[('Degree',)]"
2011-2015_128,2011-2015,"[('viral_ADJ',)]","[('Degree',)]"
2011-2015_129,2011-2015,"[('viral_ADJ',)]","[('Degree',)]"
2011-2015_130,2011-2015,"[('viral_ADJ',)]","[('Degree',)]"
2011-2015_131,2011-2015,"[('viral_ADJ',)]","[('Degree',)]"
2011-2015_132,2011-2015,"[('viral_ADJ',)]","[('Degree',)]"
2011-2015_133,2011-2015,"[('viral_ADJ',)]","[('Degree',)]"
2011-2015_134,2011-2015,"[('viral_ADJ',)]","[('Degree',)]"
2011-2015_135,2011-2015,"[('viral_ADJ',)]","[('Degree',)]"
2011-2015_136,2011-2015,"[('viral_ADJ',)]","[('Degree',)]"
2011-2015_137,2011-2015,"[('viral_ADJ',)]","[('Degree',)]"
2011-2015_138,2011-2015,"[('viral_ADJ',)]","[('Degree',)]"
2011-2015_139,2011-2015,"[('viral_ADJ',)]","[('Degree',)]"
2011-2015_140,2011-2015,"[('viral_ADJ',)]","[('Degree',)]"
2011-2015_141,2011-2015,"[('viral_ADJ',)]","[('Degree',)]"
2011-2015_142,2011-2015,"[('viral_ADJ',)]","[('Degree',)]"
2011-2015_143,2011-2015,"[('viral_ADJ',)]","[('Degree',)]"
2011-2015_144,2011-2015,"[('viral_ADJ',)]","[('Degree',)]"
2011-2015_145,2011-2015,"[('viral_ADJ',)]","[('Degree',)]"
2011-2015_146,2011-2015,"[('viral_ADJ',)]","[('Degree',)]"
2011-2015_147,2011-2015,"[('viral_ADJ',)]","[('Degree',)]"
2011-2015_148,2011-2015,"[('viral_ADJ',)]","[('Degree',)]"
2011-2015_149,2011-2015,"[('viral_ADJ',)]","[('Degree',)]"
2011-2015_150,2011-2015,"[('viral_ADJ',)]","[('Degree',)]"
2011-2015_151,2011-2015,"[('viral_ADJ',)]","[('Degree',)]"
2011-2015_152,2011-2015,"[('viral_ADJ',)]","[('Degree',)]"
2011-2015_153,2011-2015,"[('viral_ADJ',)]","[('Degree',)]"
2011-2015_154,2011-2015,"[('viral_ADJ',)]","[('Degree',)]"
2011-2015_155,2011-2015,"[('viral_ADJ',)]","[('Degree',)]"
2011-2015_156,2011-2015,"[('viral_ADJ',)]","[('Degree',)]"
2011-2015_157,2011-2015,"[('viral_ADJ',)]","[('Degree',)]"
2011-2015_158,2011-2015,"[('viral_ADJ',)]","[('Degree',)]"
2011-2015_159,2011-2015,"[('viral_ADJ',)]","[('Degree',)]"
2011-2015_160,2011-2015,"[('viral_ADJ',)]","[('Degree',)]"
2011-2015_161,2011-2015,"[('viral_ADJ',)]","[('Degree',)]"
2011-2015_162,2011-2015,"[('viral_ADJ',)]","[('Degree',)]"
2011-2015_163,2011-2015,"[('viral_ADJ',)]","[('Degree',)]"
2011-2015_164,2011-2015,"[('viral_ADJ',)]","[('Degree',)]"
2011-2015_165,2011-2015,"[('viral_ADJ',)]","[('Degree',)]"
2011-2015_166,2011-2015,"[('viral_ADJ',)]","[('Degree',)]"
2011-2015_167,2011-2015,"[('viral_ADJ',)]","[('Degree',)]"
2011-2015_168,2011-2015,"[('viral_ADJ',)]","[('Variant',)]"
2011-2015_169,2011-2015,"[('viral_ADJ',)]","[('Variant',)]"
2011-2015_170,2011-2015,"[('viral_ADJ',)]","[('Variant',)]"
2011-2015_171,2011-2015,"[('viral_ADJ',)]","[('Variant',)]"
2011-2015_172,2011-2015,"[('viral_ADJ',)]","[('Variant',)]"
2011-2015_173,2011-2015,"[('viral_ADJ',)]","[('Variant',)]"
2011-2015_174,2011-2015,"[('viral_ADJ',)]","[('Variant',)]"
2011-2015_175,2011-2015,"[('viral_ADJ',)]","[('Variant',)]"
2011-2015_176,2011-2015,"[('viral_ADJ',)]","[('Variant',)]"
2011-2015_177,2011-2015,"[('viral_ADJ',)]","[('Variant',)]"
2011-2015_178,2011-2015,"[('viral_ADJ',)]","[('Variant',)]"
2011-2015_179,2011-2015,"[('viral_ADJ',)]","[('Variant',)]"
2011-2015_180,2011-2015,"[('viral_ADJ',)]","[('Variant',)]"
2011-2015_181,2011-2015,"[('viral_ADJ',)]","[('Variant',)]"
2011-2015_182,2011-2015,"[('viral_ADJ',)]","[('Variant',)]"
2011-2015_183,2011-2015,"[('viral_ADJ',)]","[('Variant',)]"
2011-2015_184,2011-2015,"[('viral_ADJ',)]","[('Variant',)]"
2011-2015_185,2011-2015,"[('viral_ADJ',)]","[('Variant',)]"
2011-2015_186,2011-2015,"[('viral_ADJ',)]","[('Variant',)]"
2011-2015_187,2011-2015,"[('viral_ADJ',)]","[('Variant',)]"
2011-2015_188,2011-2015,"[('viral_ADJ',)]","[('Variant',)]"
2011-2015_189,2011-2015,"[('viral_ADJ',)]","[('Variant',)]"
2011-2015_190,2011-2015,"[('viral_ADJ',)]","[('Variant',)]"
2011-2015_191,2011-2015,"[('viral_ADJ',)]","[('Variant',)]"
2011-2015_192,2011-2015,"[('viral_ADJ',)]","[('Variant',)]"
2011-2015_193,2011-2015,"[('viral_ADJ',)]","[('Variant',)]"
2011-2015_194,2011-2015,"[('viral_ADJ',)]","[('Variant',)]"
2011-2015_195,2011-2015,"[('viral_ADJ',)]","[('Variant',)]"
2011-2015_196,2011-2015,"[('viral_ADJ',)]","[('Variant',)]"
2011-2015_197,2011-2015,"[('viral_ADJ',)]","[('Variant',)]"
2011-2015_198,2011-2015,"[('viral_ADJ',)]","[('Variant',)]"
2011-2015_199,2011-2015,"[('viral_ADJ',)]","[('Variant',)]"
2011-2015_200,2011-2015,"[('viral_ADJ',)]","[('Variant',)]"
2011-2015_201,2011-2015,"[('viral_ADJ',)]","[('Gender',)]"
2011-2015_202,2011-2015,"[('viral_ADJ',)]","[('Gender',)]"
2011-2015_203,2011-2015,"[('viral_ADJ',)]","[('Gender',)]"
2011-2015_204,2011-2015,"[('viral_ADJ',)]","[('Gender',)]"
2011-2015_205,2011-2015,"[('viral_ADJ',)]","[('Gender',)]"
2011-2015_206,2011-2015,"[('viral_ADJ',)]","[('Gender',)]"
2011-2015_207,2011-2015,"[('viral_ADJ',)]","[('Gender',)]"
2011-2015_208,2011-2015,"[('viral_ADJ',)]","[('Gender',)]"
2011-2015_209,2011-2015,"[('viral_ADJ',)]","[('Gender',)]"
2011-2015_210,2011-2015,"[('viral_ADJ',)]","[('Gender',)]"
2011-2015_211,2011-2015,"[('viral_ADJ',)]","[('Gender',)]"
2011-2015_212,2011-2015,"[('viral_ADJ',)]","[('Gender',)]"
2011-2015_213,2011-2015,"[('viral_ADJ',)]","[('Gender',)]"
2011-2015_214,2011-2015,"[('viral_ADJ',)]","[('Gender',)]"
2011-2015_215,2011-2015,"[('viral_ADJ',)]","[('Gender',)]"
2011-2015_216,2011-2015,"[('viral_ADJ',)]","[('Gender',)]"
2011-2015_217,2011-2015,"[('viral_ADJ',)]","[('Gender',)]"
2011-2015_218,2011-2015,"[('viral_ADJ',)]","[('Gender',)]"
2011-2015_219,2011-2015,"[('viral_ADJ',)]","[('Gender',)]"
2011-2015_220,2011-2015,"[('viral_ADJ',)]","[('Gender',)]"
2011-2015_221,2011-2015,"[('viral_ADJ',)]","[('Gender',)]"
2011-2015_222,2011-2015,"[('viral_ADJ',)]","[('Gender',)]"
2011-2015_223,2011-2015,"[('viral_ADJ',)]","[('Gender',)]"
2011-2015_224,2011-2015,"[('viral_ADJ',)]","[('Gender',)]"
2011-2015_225,2011-2015,"[('viral_ADJ',)]","[('Gender',)]"
2011-2015_226,2011-2015,"[('viral_ADJ',)]","[('Gender',)]"
2011-2015_227,2011-2015,"[('viral_ADJ',)]","[('Gender',)]"
2011-2015_228,2011-2015,"[('viral_ADJ',)]","[('Gender',)]"
2011-2015_229,2011-2015,"[('viral_ADJ',)]","[('Gender',)]"
2011-2015_230,2011-2015,"[('viral_ADJ',)]","[('Gender',)]"
2011-2015_231,2011-2015,"[('viral_ADJ',)]","[('Gender',)]"
2011-2015_232,2011-2015,"[('viral_ADJ',)]","[('Case',)]"
2011-2015_233,2011-2015,"[('viral_ADJ',)]","[('Case',)]"
2011-2015_234,2011-2015,"[('viral_ADJ',)]","[('Case',)]"
2011-2015_235,2011-2015,"[('viral_ADJ',)]","[('Case',)]"
2011-2015_236,2011-2015,"[('viral_ADJ',)]","[('Case',)]"
2011-2015_237,2011-2015,"[('viral_ADJ',)]","[('Case',)]"
2011-2015_238,2011-2015,"[('viral_ADJ',)]","[('Case',)]"
2011-2015_239,2011-2015,"[('viral_ADJ',)]","[('Case',)]"
2011-2015_240,2011-2015,"[('viral_ADJ',)]","[('Case',)]"
2011-2015_241,2011-2015,"[('viral_ADJ',)]","[('Case',)]"
2011-2015_242,2011-2015,"[('viral_ADJ',)]","[('Case',)]"
2011-2015_243,2011-2015,"[('viral_ADJ',)]","[('Case',)]"
2016-2020_1,2016-2020,"[('viral_ADJ',)]","[('Degree',)]"
2016-2020_2,2016-2020,"[('viral_ADJ',)]","[('Degree',)]"
2016-2020_3,2016-2020,"[('viral_ADJ',)]","[('Degree',)]"
2016-2020_4,2016-2020,"[('viral_ADJ',)]","[('Degree',)]"
2016-2020_5,2016-2020,"[('viral_ADJ',)]","[('Degree',)]"
2016-2020_6,2016-2020,"[('viral_ADJ',)]","[('Degree',)]"
2016-2020_7,2016-2020,"[('viral_ADJ',)]","[('Degree',)]"
2016-2020_8,2016-2020,"[('viral_ADJ',)]","[('Degree',)]"
2016-2020_9,2016-2020,"[('viral_ADJ',)]","[('Degree',)]"
2016-2020_10,2016-2020,"[('viral_ADJ',)]","[('Degree',)]"
2016-2020_11,2016-2020,"[('viral_ADJ',)]","[('Degree',)]"
2016-2020_12,2016-2020,"[('viral_ADJ',)]","[('Degree',)]"
2016-2020_13,2016-2020,"[('viral_ADJ',)]","[('Degree',)]"
2016-2020_14,2016-2020,"[('viral_ADJ',)]","[('Degree',)]"
2016-2020_15,2016-2020,"[('viral_ADJ',)]","[('Degree',)]"
2016-2020_16,2016-2020,"[('viral_ADJ',)]","[('Degree',)]"
2016-2020_17,2016-2020,"[('viral_ADJ',)]","[('Degree',)]"
2016-2020_18,2016-2020,"[('viral_ADJ',)]","[('Degree',)]"
2016-2020_19,2016-2020,"[('viral_ADJ',)]","[('Degree',)]"
2016-2020_20,2016-2020,"[('viral_ADJ',)]","[('Degree',)]"
2016-2020_21,2016-2020,"[('viral_ADJ',)]","[('Degree',)]"
2016-2020_22,2016-2020,"[('viral_ADJ',)]","[('Degree',)]"
2016-2020_23,2016-2020,"[('viral_ADJ',)]","[('Degree',)]"
2016-2020_24,2016-2020,"[('viral_ADJ',)]","[('Degree',)]"
2016-2020_25,2016-2020,"[('viral_ADJ',)]","[('Degree',)]"
2016-2020_26,2016-2020,"[('viral_ADJ',)]","[('Degree',)]"
2016-2020_27,2016-2020,"[('viral_ADJ',)]","[('Degree',)]"
2016-2020_28,2016-2020,"[('viral_ADJ',)]","[('Degree',)]"
2016-2020_29,2016-2020,"[('viral_ADJ',)]","[('Degree',)]"
2016-2020_30,2016-2020,"[('viral_ADJ',)]","[('Degree',)]"
2016-2020_31,2016-2020,"[('viral_ADJ',)]","[('Degree',)]"
2016-2020_32,2016-2020,"[('viral_ADJ',)]","[('Degree',)]"
2016-2020_33,2016-2020,"[('viral_ADJ',)]","[('Degree',)]"
2016-2020_34,2016-2020,"[('viral_ADJ',)]","[('Degree',)]"
2016-2020_35,2016-2020,"[('viral_ADJ',)]","[('Degree',)]"
2016-2020_36,2016-2020,"[('viral_ADJ',)]","[('Degree',)]"
2016-2020_37,2016-2020,"[('viral_ADJ',)]","[('Degree',)]"
2016-2020_38,2016-2020,"[('viral_ADJ',)]","[('Degree',)]"
2016-2020_39,2016-2020,"[('viral_ADJ',)]","[('Degree',)]"
2016-2020_40,2016-2020,"[('viral_ADJ',)]","[('Degree',)]"
2016-2020_41,2016-2020,"[('viral_ADJ',)]","[('Degree',)]"
2016-2020_42,2016-2020,"[('viral_ADJ',)]","[('Degree',)]"
2016-2020_43,2016-2020,"[('viral_ADJ',)]","[('Degree',)]"
2016-2020_44,2016-2020,"[('viral_ADJ',)]","[('Degree',)]"
2016-2020_45,2016-2020,"[('viral_ADJ',)]","[('Degree',)]"
2016-2020_46,2016-2020,"[('viral_ADJ',)]","[('Degree',)]"
2016-2020_47,2016-2020,"[('viral_ADJ',)]","[('Degree',)]"
2016-2020_48,2016-2020,"[('viral_ADJ',)]","[('Degree',)]"
2016-2020_49,2016-2020,"[('viral_ADJ',)]","[('Degree',)]"
2016-2020_50,2016-2020,"[('viral_ADJ',)]","[('Degree',)]"
2016-2020_51,2016-2020,"[('viral_ADJ',)]","[('Degree',)]"
2016-2020_52,2016-2020,"[('viral_ADJ',)]","[('Degree',)]"
2016-2020_53,2016-2020,"[('viral_ADJ',)]","[('Degree',)]"
2016-2020_54,2016-2020,"[('viral_ADJ',)]","[('Degree',)]"
2016-2020_55,2016-2020,"[('viral_ADJ',)]","[('Degree',)]"
2016-2020_56,2016-2020,"[('viral_ADJ',)]","[('Degree',)]"
2016-2020_57,2016-2020,"[('viral_ADJ',)]","[('Degree',)]"
2016-2020_58,2016-2020,"[('viral_ADJ',)]","[('Degree',)]"
2016-2020_59,2016-2020,"[('viral_ADJ',)]","[('Degree',)]"
2016-2020_60,2016-2020,"[('viral_ADJ',)]","[('Degree',)]"
2016-2020_61,2016-2020,"[('viral_ADJ',)]","[('Degree',)]"
2016-2020_62,2016-2020,"[('viral_ADJ',)]","[('Degree',)]"
2016-2020_63,2016-2020,"[('viral_ADJ',)]","[('Degree',)]"
2016-2020_64,2016-2020,"[('viral_ADJ',)]","[('Degree',)]"
2016-2020_65,2016-2020,"[('viral_ADJ',)]","[('Degree',)]"
2016-2020_66,2016-2020,"[('viral_ADJ',)]","[('Degree',)]"
2016-2020_67,2016-2020,"[('viral_ADJ',)]","[('Degree',)]"
2016-2020_68,2016-2020,"[('viral_ADJ',)]","[('Degree',)]"
2016-2020_69,2016-2020,"[('viral_ADJ',)]","[('Degree',)]"
2016-2020_70,2016-2020,"[('viral_ADJ',)]","[('Degree',)]"
2016-2020_71,2016-2020,"[('viral_ADJ',)]","[('Degree',)]"
2016-2020_72,2016-2020,"[('viral_ADJ',)]","[('Degree',)]"
2016-2020_73,2016-2020,"[('viral_ADJ',)]","[('Degree',)]"
2016-2020_74,2016-2020,"[('viral_ADJ',)]","[('Degree',)]"
2016-2020_75,2016-2020,"[('viral_ADJ',)]","[('Degree',)]"
2016-2020_76,2016-2020,"[('viral_ADJ',)]","[('Degree',)]"
2016-2020_77,2016-2020,"[('viral_ADJ',)]","[('Degree',)]"
2016-2020_78,2016-2020,"[('viral_ADJ',)]","[('Degree',)]"
2016-2020_79,2016-2020,"[('viral_ADJ',)]","[('Degree',)]"
2016-2020_80,2016-2020,"[('viral_ADJ',)]","[('Degree',)]"
2016-2020_81,2016-2020,"[('viral_ADJ',)]","[('Degree',)]"
2016-2020_82,2016-2020,"[('viral_ADJ',)]","[('Degree',)]"
2016-2020_83,2016-2020,"[('viral_ADJ',)]","[('Degree',)]"
2016-2020_84,2016-2020,"[('viral_ADJ',)]","[('Degree',)]"
2016-2020_85,2016-2020,"[('viral_ADJ',)]","[('Degree',)]"
2016-2020_86,2016-2020,"[('viral_ADJ',)]","[('Degree',)]"
2016-2020_87,2016-2020,"[('viral_ADJ',)]","[('Degree',)]"
2016-2020_88,2016-2020,"[('viral_ADJ',)]","[('Degree',)]"
2016-2020_89,2016-2020,"[('viral_ADJ',)]","[('Degree',)]"
2016-2020_90,2016-2020,"[('viral_ADJ',)]","[('Degree',)]"
2016-2020_91,2016-2020,"[('viral_ADJ',)]","[('Degree',)]"
2016-2020_92,2016-2020,"[('viral_ADJ',)]","[('Degree',)]"
2016-2020_93,2016-2020,"[('viral_ADJ',)]","[('Degree',)]"
2016-2020_94,2016-2020,"[('viral_ADJ',)]","[('Degree',)]"
2016-2020_95,2016-2020,"[('viral_ADJ',)]","[('Degree',)]"
2016-2020_96,2016-2020,"[('viral_ADJ',)]","[('Degree',)]"
2016-2020_97,2016-2020,"[('viral_ADJ',)]","[('Degree',)]"
2016-2020_98,2016-2020,"[('viral_ADJ',)]","[('Degree',)]"
2016-2020_99,2016-2020,"[('viral_ADJ',)]","[('Degree',)]"
2016-2020_100,2016-2020,"[('viral_ADJ',)]","[('Degree',)]"
2016-2020_101,2016-2020,"[('viral_ADJ',)]","[('Degree',)]"
2016-2020_102,2016-2020,"[('viral_ADJ',)]","[('Degree',)]"
2016-2020_103,2016-2020,"[('viral_ADJ',)]","[('Degree',)]"
2016-2020_104,2016-2020,"[('viral_ADJ',)]","[('Degree',)]"
2016-2020_105,2016-2020,"[('viral_ADJ',)]","[('Degree',)]"
2016-2020_106,2016-2020,"[('viral_ADJ',)]","[('Degree',)]"
2016-2020_107,2016-2020,"[('viral_ADJ',)]","[('Degree',)]"
2016-2020_108,2016-2020,"[('viral_ADJ',)]","[('Degree',)]"
2016-2020_109,2016-2020,"[('viral_ADJ',)]","[('Degree',)]"
2016-2020_110,2016-2020,"[('viral_ADJ',)]","[('Degree',)]"
2016-2020_111,2016-2020,"[('viral_ADJ',)]","[('Degree',)]"
2016-2020_112,2016-2020,"[('viral_ADJ',)]","[('Degree',)]"
2016-2020_113,2016-2020,"[('viral_ADJ',)]","[('Degree',)]"
2016-2020_114,2016-2020,"[('viral_ADJ',)]","[('Degree',)]"
2016-2020_115,2016-2020,"[('viral_ADJ',)]","[('Degree',)]"
2016-2020_116,2016-2020,"[('viral_ADJ',)]","[('Degree',)]"
2016-2020_117,2016-2020,"[('viral_ADJ',)]","[('Degree',)]"
2016-2020_118,2016-2020,"[('viral_ADJ',)]","[('Degree',)]"
2016-2020_119,2016-2020,"[('viral_ADJ',)]","[('Degree',)]"
2016-2020_120,2016-2020,"[('viral_ADJ',)]","[('Degree',)]"
2016-2020_121,2016-2020,"[('viral_ADJ',)]","[('Degree',)]"
2016-2020_122,2016-2020,"[('viral_ADJ',)]","[('Degree',)]"
2016-2020_123,2016-2020,"[('viral_ADJ',)]","[('Degree',)]"
2016-2020_124,2016-2020,"[('viral_ADJ',)]","[('Degree',)]"
2016-2020_125,2016-2020,"[('viral_ADJ',)]","[('Degree',)]"
2016-2020_126,2016-2020,"[('viral_ADJ',)]","[('Degree',)]"
2016-2020_127,2016-2020,"[('viral_ADJ',)]","[('Degree',)]"
2016-2020_128,2016-2020,"[('viral_ADJ',)]","[('Degree',)]"
2016-2020_129,2016-2020,"[('viral_ADJ',)]","[('Degree',)]"
2016-2020_130,2016-2020,"[('viral_ADJ',)]","[('Degree',)]"
2016-2020_131,2016-2020,"[('viral_ADJ',)]","[('Degree',)]"
2016-2020_132,2016-2020,"[('viral_ADJ',)]","[('Degree',)]"
2016-2020_133,2016-2020,"[('viral_ADJ',)]","[('Degree',)]"
2016-2020_134,2016-2020,"[('viral_ADJ',)]","[('Degree',)]"
2016-2020_135,2016-2020,"[('viral_ADJ',)]","[('Degree',)]"
2016-2020_136,2016-2020,"[('viral_ADJ',)]","[('Degree',)]"
2016-2020_137,2016-2020,"[('viral_ADJ',)]","[('Degree',)]"
2016-2020_138,2016-2020,"[('viral_ADJ',)]","[('Degree',)]"
2016-2020_139,2016-2020,"[('viral_ADJ',)]","[('Degree',)]"
2016-2020_140,2016-2020,"[('viral_ADJ',)]","[('Degree',)]"
2016-2020_141,2016-2020,"[('viral_ADJ',)]","[('Degree',)]"
2016-2020_142,2016-2020,"[('viral_ADJ',)]","[('Degree',)]"
2016-2020_143,2016-2020,"[('viral_ADJ',)]","[('Degree',)]"
2016-2020_144,2016-2020,"[('viral_ADJ',)]","[('Degree',)]"
2016-2020_145,2016-2020,"[('viral_ADJ',)]","[('Degree',)]"
2016-2020_146,2016-2020,"[('viral_ADJ',)]","[('Degree',)]"
2016-2020_147,2016-2020,"[('viral_ADJ',)]","[('Degree',)]"
2016-2020_148,2016-2020,"[('viral_ADJ',)]","[('Degree',)]"
2016-2020_149,2016-2020,"[('viral_ADJ',)]","[('Degree',)]"
2016-2020_150,2016-2020,"[('viral_ADJ',)]","[('Degree',)]"
2016-2020_151,2016-2020,"[('viral_ADJ',)]","[('Degree',)]"
2016-2020_152,2016-2020,"[('viral_ADJ',)]","[('Degree',)]"
2016-2020_153,2016-2020,"[('viral_ADJ',)]","[('Degree',)]"
2016-2020_154,2016-2020,"[('viral_ADJ',)]","[('Degree',)]"
2016-2020_155,2016-2020,"[('viral_ADJ',)]","[('Degree',)]"
2016-2020_156,2016-2020,"[('viral_ADJ',)]","[('Degree',)]"
2016-2020_157,2016-2020,"[('viral_ADJ',)]","[('Degree',)]"
2016-2020_158,2016-2020,"[('viral_ADJ',)]","[('Degree',)]"
2016-2020_159,2016-2020,"[('viral_ADJ',)]","[('Degree',)]"
2016-2020_160,2016-2020,"[('viral_ADJ',)]","[('Degree',)]"
2016-2020_161,2016-2020,"[('viral_ADJ',)]","[('Degree',)]"
2016-2020_162,2016-2020,"[('viral_ADJ',)]","[('Degree',)]"
2016-2020_163,2016-2020,"[('viral_ADJ',)]","[('Degree',)]"
2016-2020_164,2016-2020,"[('viral_ADJ',)]","[('Degree',)]"
2016-2020_165,2016-2020,"[('viral_ADJ',)]","[('Degree',)]"
2016-2020_166,2016-2020,"[('viral_ADJ',)]","[('Degree',)]"
2016-2020_167,2016-2020,"[('viral_ADJ',)]","[('Degree',)]"
2016-2020_168,2016-2020,"[('viral_ADJ',)]","[('Variant',)]"
2016-2020_169,2016-2020,"[('viral_ADJ',)]","[('Variant',)]"
2016-2020_170,2016-2020,"[('viral_ADJ',)]","[('Variant',)]"
2016-2020_171,2016-2020,"[('viral_ADJ',)]","[('Variant',)]"
2016-2020_172,2016-2020,"[('viral_ADJ',)]","[('Variant',)]"
2016-2020_173,2016-2020,"[('viral_ADJ',)]","[('Variant',)]"
2016-2020_174,2016-2020,"[('viral_ADJ',)]","[('Variant',)]"
2016-2020_175,2016-2020,"[('viral_ADJ',)]","[('Variant',)]"
2016-2020_176,2016-2020,"[('viral_ADJ',)]","[('Variant',)]"
2016-2020_177,2016-2020,"[('viral_ADJ',)]","[('Variant',)]"
2016-2020_178,2016-2020,"[('viral_ADJ',)]","[('Variant',)]"
2016-2020_179,2016-2020,"[('viral_ADJ',)]","[('Variant',)]"
2016-2020_180,2016-2020,"[('viral_ADJ',)]","[('Variant',)]"
2016-2020_181,2016-2020,"[('viral_ADJ',)]","[('Variant',)]"
2016-2020_182,2016-2020,"[('viral_ADJ',)]","[('Variant',)]"
2016-2020_183,2016-2020,"[('viral_ADJ',)]","[('Variant',)]"
2016-2020_184,2016-2020,"[('viral_ADJ',)]","[('Variant',)]"
2016-2020_185,2016-2020,"[('viral_ADJ',)]","[('Variant',)]"
2016-2020_186,2016-2020,"[('viral_ADJ',)]","[('Variant',)]"
2016-2020_187,2016-2020,"[('viral_ADJ',)]","[('Variant',)]"
2016-2020_188,2016-2020,"[('viral_ADJ',)]","[('Variant',)]"
2016-2020_189,2016-2020,"[('viral_ADJ',)]","[('Variant',)]"
2016-2020_190,2016-2020,"[('viral_ADJ',)]","[('Variant',)]"
2016-2020_191,2016-2020,"[('viral_ADJ',)]","[('Variant',)]"
2016-2020_192,2016-2020,"[('viral_ADJ',)]","[('Variant',)]"
2016-2020_193,2016-2020,"[('viral_ADJ',)]","[('Variant',)]"
2016-2020_194,2016-2020,"[('viral_ADJ',)]","[('Variant',)]"
2016-2020_195,2016-2020,"[('viral_ADJ',)]","[('Variant',)]"
2016-2020_196,2016-2020,"[('viral_ADJ',)]","[('Variant',)]"
2016-2020_197,2016-2020,"[('viral_ADJ',)]","[('Variant',)]"
2016-2020_198,2016-2020,"[('viral_ADJ',)]","[('Variant',)]"
2016-2020_199,2016-2020,"[('viral_ADJ',)]","[('Variant',)]"
2016-2020_200,2016-2020,"[('viral_ADJ',)]","[('Variant',)]"
2016-2020_201,2016-2020,"[('viral_ADJ',)]","[('Variant',)]"
2016-2020_202,2016-2020,"[('viral_ADJ',)]","[('Variant',)]"
2016-2020_203,2016-2020,"[('viral_ADJ',)]","[('Variant',)]"
2016-2020_204,2016-2020,"[('viral_ADJ',)]","[('Variant',)]"
2016-2020_205,2016-2020,"[('viral_ADJ',)]","[('Variant',)]"
2016-2020_206,2016-2020,"[('viral_ADJ',)]","[('Variant',)]"
2016-2020_207,2016-2020,"[('viral_ADJ',)]","[('Variant',)]"
2016-2020_208,2016-2020,"[('viral_ADJ',)]","[('Variant',)]"
2016-2020_209,2016-2020,"[('viral_ADJ',)]","[('Variant',)]"
2016-2020_210,2016-2020,"[('viral_ADJ',)]","[('Variant',)]"
2016-2020_211,2016-2020,"[('viral_ADJ',)]","[('Variant',)]"
2016-2020_212,2016-2020,"[('viral_ADJ',)]","[('Variant',)]"
2016-2020_213,2016-2020,"[('viral_ADJ',)]","[('Variant',)]"
2016-2020_214,2016-2020,"[('viral_ADJ',)]","[('Variant',)]"
2016-2020_215,2016-2020,"[('viral_ADJ',)]","[('Variant',)]"
2016-2020_216,2016-2020,"[('viral_ADJ',)]","[('Variant',)]"
2016-2020_217,2016-2020,"[('viral_ADJ',)]","[('Variant',)]"
2016-2020_218,2016-2020,"[('viral_ADJ',)]","[('Variant',)]"
2016-2020_219,2016-2020,"[('viral_ADJ',)]","[('Variant',)]"
2016-2020_220,2016-2020,"[('viral_ADJ',)]","[('Variant',)]"
2016-2020_221,2016-2020,"[('viral_ADJ',)]","[('Variant',)]"
2016-2020_222,2016-2020,"[('viral_ADJ',)]","[('Variant',)]"
2016-2020_223,2016-2020,"[('viral_ADJ',)]","[('Variant',)]"
2016-2020_224,2016-2020,"[('viral_ADJ',)]","[('Variant',)]"
2016-2020_225,2016-2020,"[('viral_ADJ',)]","[('Variant',)]"
2016-2020_226,2016-2020,"[('viral_ADJ',)]","[('Variant',)]"
2016-2020_227,2016-2020,"[('viral_ADJ',)]","[('Variant',)]"
2016-2020_228,2016-2020,"[('viral_ADJ',)]","[('Variant',)]"
2016-2020_229,2016-2020,"[('viral_ADJ',)]","[('Variant',)]"
2016-2020_230,2016-2020,"[('viral_ADJ',)]","[('Variant',)]"
2016-2020_231,2016-2020,"[('viral_ADJ',)]","[('Variant',)]"
2016-2020_232,2016-2020,"[('viral_ADJ',)]","[('Variant',)]"
2016-2020_233,2016-2020,"[('viral_ADJ',)]","[('Variant',)]"
2016-2020_234,2016-2020,"[('viral_ADJ',)]","[('Variant',)]"
2016-2020_235,2016-2020,"[('viral_ADJ',)]","[('Variant',)]"
2016-2020_236,2016-2020,"[('viral_ADJ',)]","[('Variant',)]"
2016-2020_237,2016-2020,"[('viral_ADJ',)]","[('Variant',)]"
2016-2020_238,2016-2020,"[('viral_ADJ',)]","[('Variant',)]"
2016-2020_239,2016-2020,"[('viral_ADJ',)]","[('Variant',)]"
2016-2020_240,2016-2020,"[('viral_ADJ',)]","[('Variant',)]"
2016-2020_241,2016-2020,"[('viral_ADJ',)]","[('Variant',)]"
2016-2020_242,2016-2020,"[('viral_ADJ',)]","[('Variant',)]"
2016-2020_243,2016-2020,"[('viral_ADJ',)]","[('Variant',)]"
2016-2020_244,2016-2020,"[('viral_ADJ',)]","[('Variant',)]"
2016-2020_245,2016-2020,"[('viral_ADJ',)]","[('Variant',)]"
2016-2020_246,2016-2020,"[('viral_ADJ',)]","[('Variant',)]"
2016-2020_247,2016-2020,"[('viral_ADJ',)]","[('Variant',)]"
2016-2020_248,2016-2020,"[('viral_ADJ',)]","[('Variant',)]"
2016-2020_249,2016-2020,"[('viral_ADJ',)]","[('Variant',)]"
2016-2020_250,2016-2020,"[('viral_ADJ',)]","[('Variant',)]"
2016-2020_251,2016-2020,"[('viral_ADJ',)]","[('Variant',)]"
2016-2020_252,2016-2020,"[('viral_ADJ',)]","[('Variant',)]"
2016-2020_253,2016-2020,"[('viral_ADJ',)]","[('Variant',)]"
2016-2020_254,2016-2020,"[('viral_ADJ',)]","[('Variant',)]"
2016-2020_255,2016-2020,"[('viral_ADJ',)]","[('Variant',)]"
2016-2020_256,2016-2020,"[('viral_ADJ',)]","[('Variant',)]"
2016-2020_257,2016-2020,"[('viral_ADJ',)]","[('Variant',)]"
2016-2020_258,2016-2020,"[('viral_ADJ',)]","[('Variant',)]"
2016-2020_259,2016-2020,"[('viral_ADJ',)]","[('Variant',)]"
2016-2020_260,2016-2020,"[('viral_ADJ',)]","[('Variant',)]"
2016-2020_261,2016-2020,"[('viral_ADJ',)]","[('Variant',)]"
2016-2020_262,2016-2020,"[('viral_ADJ',)]","[('Variant',)]"
2016-2020_263,2016-2020,"[('viral_ADJ',)]","[('Variant',)]"
2016-2020_264,2016-2020,"[('viral_ADJ',)]","[('Variant',)]"
2016-2020_265,2016-2020,"[('viral_ADJ',)]","[('Variant',)]"
2016-2020_266,2016-2020,"[('viral_ADJ',)]","[('Variant',)]"
2016-2020_267,2016-2020,"[('viral_ADJ',)]","[('Variant',)]"
2016-2020_268,2016-2020,"[('viral_ADJ',)]","[('Variant',)]"
2016-2020_269,2016-2020,"[('viral_ADJ',)]","[('Variant',)]"
2016-2020_270,2016-2020,"[('viral_ADJ',)]","[('Variant',)]"
2016-2020_271,2016-2020,"[('viral_ADJ',)]","[('Variant',)]"
2016-2020_272,2016-2020,"[('viral_ADJ',)]","[('Variant',)]"
2016-2020_273,2016-2020,"[('viral_ADJ',)]","[('Variant',)]"
2016-2020_274,2016-2020,"[('viral_ADJ',)]","[('Variant',)]"
2016-2020_275,2016-2020,"[('viral_ADJ',)]","[('Variant',)]"
2016-2020_276,2016-2020,"[('viral_ADJ',)]","[('Variant',)]"
2016-2020_277,2016-2020,"[('viral_ADJ',)]","[('Variant',)]"
2016-2020_278,2016-2020,"[('viral_ADJ',)]","[('Variant',)]"
2016-2020_279,2016-2020,"[('viral_ADJ',)]","[('Variant',)]"
2016-2020_280,2016-2020,"[('viral_ADJ',)]","[('Variant',)]"
2016-2020_281,2016-2020,"[('viral_ADJ',)]","[('Variant',)]"
2016-2020_282,2016-2020,"[('viral_ADJ',)]","[('Variant',)]"
2016-2020_283,2016-2020,"[('viral_ADJ',)]","[('Variant',)]"
2016-2020_284,2016-2020,"[('viral_ADJ',)]","[('Variant',)]"
2016-2020_285,2016-2020,"[('viral_ADJ',)]","[('Variant',)]"
2016-2020_286,2016-2020,"[('viral_ADJ',)]","[('Variant',)]"
2016-2020_287,2016-2020,"[('viral_ADJ',)]","[('Variant',)]"
2016-2020_288,2016-2020,"[('viral_ADJ',)]","[('Variant',)]"
2016-2020_289,2016-2020,"[('viral_ADJ',)]","[('Variant',)]"
2016-2020_290,2016-2020,"[('viral_ADJ',)]","[('Variant',)]"
2016-2020_291,2016-2020,"[('viral_ADJ',)]","[('Variant',)]"
2016-2020_292,2016-2020,"[('viral_ADJ',)]","[('Variant',)]"
2016-2020_293,2016-2020,"[('viral_ADJ',)]","[('Variant',)]"
2016-2020_294,2016-2020,"[('viral_ADJ',)]","[('Variant',)]"
2016-2020_295,2016-2020,"[('viral_ADJ',)]","[('Variant',)]"
2016-2020_296,2016-2020,"[('viral_ADJ',)]","[('Variant',)]"
2016-2020_297,2016-2020,"[('viral_ADJ',)]","[('Number',)]"
2016-2020_298,2016-2020,"[('viral_ADJ',)]","[('Number',)]"
2016-2020_299,2016-2020,"[('viral_ADJ',)]","[('Number',)]"
2016-2020_300,2016-2020,"[('viral_ADJ',)]","[('Number',)]"
2016-2020_301,2016-2020,"[('viral_ADJ',)]","[('Number',)]"
2016-2020_302,2016-2020,"[('viral_ADJ',)]","[('Number',)]"
2016-2020_303,2016-2020,"[('viral_ADJ',)]","[('Number',)]"
2016-2020_304,2016-2020,"[('viral_ADJ',)]","[('Number',)]"
2016-2020_305,2016-2020,"[('viral_ADJ',)]","[('Number',)]"
2016-2020_306,2016-2020,"[('viral_ADJ',)]","[('Number',)]"
2016-2020_307,2016-2020,"[('viral_ADJ',)]","[('Number',)]"
2016-2020_308,2016-2020,"[('viral_ADJ',)]","[('Number',)]"
2016-2020_309,2016-2020,"[('viral_ADJ',)]","[('Number',)]"
2016-2020_310,2016-2020,"[('viral_ADJ',)]","[('Number',)]"
2016-2020_311,2016-2020,"[('viral_ADJ',)]","[('Number',)]"
2016-2020_312,2016-2020,"[('viral_ADJ',)]","[('Number',)]"
2016-2020_313,2016-2020,"[('viral_ADJ',)]","[('Number',)]"
2016-2020_314,2016-2020,"[('viral_ADJ',)]","[('Number',)]"
2016-2020_315,2016-2020,"[('viral_ADJ',)]","[('Number',)]"
2016-2020_316,2016-2020,"[('viral_ADJ',)]","[('Number',)]"
2016-2020_317,2016-2020,"[('viral_ADJ',)]","[('Number',)]"
2016-2020_318,2016-2020,"[('viral_ADJ',)]","[('Number',)]"
2016-2020_319,2016-2020,"[('viral_ADJ',)]","[('Number',)]"
2016-2020_320,2016-2020,"[('viral_ADJ',)]","[('Number',)]"
2016-2020_321,2016-2020,"[('viral_ADJ',)]","[('Number',)]"
2016-2020_322,2016-2020,"[('viral_ADJ',)]","[('Number',)]"
2016-2020_323,2016-2020,"[('viral_ADJ',)]","[('Number',)]"
2016-2020_324,2016-2020,"[('viral_ADJ',)]","[('Number',)]"
2016-2020_325,2016-2020,"[('viral_ADJ',)]","[('Number',)]"
2016-2020_326,2016-2020,"[('viral_ADJ',)]","[('Number',)]"
2016-2020_327,2016-2020,"[('viral_ADJ',)]","[('Number',)]"
2016-2020_328,2016-2020,"[('viral_ADJ',)]","[('Number',)]"
2016-2020_329,2016-2020,"[('viral_ADJ',)]","[('Number',)]"
2016-2020_330,2016-2020,"[('viral_ADJ',)]","[('Number',)]"
2016-2020_331,2016-2020,"[('viral_ADJ',)]","[('Number',)]"
2016-2020_332,2016-2020,"[('viral_ADJ',)]","[('Number',)]"
2016-2020_333,2016-2020,"[('viral_ADJ',)]","[('Number',)]"
2016-2020_334,2016-2020,"[('viral_ADJ',)]","[('Number',)]"
2016-2020_335,2016-2020,"[('viral_ADJ',)]","[('Number',)]"
2016-2020_336,2016-2020,"[('viral_ADJ',)]","[('Number',)]"
2016-2020_337,2016-2020,"[('viral_ADJ',)]","[('Number',)]"
2016-2020_338,2016-2020,"[('viral_ADJ',)]","[('Number',)]"
2016-2020_339,2016-2020,"[('viral_ADJ',)]","[('Number',)]"
2016-2020_340,2016-2020,"[('viral_ADJ',)]","[('Number',)]"
2016-2020_341,2016-2020,"[('viral_ADJ',)]","[('Number',)]"
2016-2020_342,2016-2020,"[('viral_ADJ',)]","[('Number',)]"
2016-2020_343,2016-2020,"[('viral_ADJ',)]","[('Number',)]"
2016-2020_344,2016-2020,"[('viral_ADJ',)]","[('Number',)]"
2016-2020_345,2016-2020,"[('viral_ADJ',)]","[('Number',)]"
2016-2020_346,2016-2020,"[('viral_ADJ',)]","[('Number',)]"
2016-2020_347,2016-2020,"[('viral_ADJ',)]","[('Number',)]"
2016-2020_348,2016-2020,"[('viral_ADJ',)]","[('Number',)]"
2016-2020_349,2016-2020,"[('viral_ADJ',)]","[('Number',)]"
2016-2020_350,2016-2020,"[('viral_ADJ',)]","[('Number',)]"
2016-2020_351,2016-2020,"[('viral_ADJ',)]","[('Number',)]"
2016-2020_352,2016-2020,"[('viral_ADJ',)]","[('Number',)]"
2016-2020_353,2016-2020,"[('viral_ADJ',)]","[('Number',)]"
2016-2020_354,2016-2020,"[('viral_ADJ',)]","[('Number',)]"
2016-2020_355,2016-2020,"[('viral_ADJ',)]","[('Number',)]"
2016-2020_356,2016-2020,"[('viral_ADJ',)]","[('Number',)]"
2016-2020_357,2016-2020,"[('viral_ADJ',)]","[('Number',)]"
2016-2020_358,2016-2020,"[('viral_ADJ',)]","[('Number',)]"
2016-2020_359,2016-2020,"[('viral_ADJ',)]","[('Number',)]"
2016-2020_360,2016-2020,"[('viral_ADJ',)]","[('Number',)]"
2016-2020_361,2016-2020,"[('viral_ADJ',)]","[('Number',)]"
2016-2020_362,2016-2020,"[('viral_ADJ',)]","[('Number',)]"
2016-2020_363,2016-2020,"[('viral_ADJ',)]","[('Number',)]"
2016-2020_364,2016-2020,"[('viral_ADJ',)]","[('Number',)]"
2016-2020_365,2016-2020,"[('viral_ADJ',)]","[('Number',)]"
2016-2020_366,2016-2020,"[('viral_ADJ',)]","[('Number',)]"
2016-2020_367,2016-2020,"[('viral_ADJ',)]","[('Number',)]"
2016-2020_368,2016-2020,"[('viral_ADJ',)]","[('Number',)]"
2016-2020_369,2016-2020,"[('viral_ADJ',)]","[('Number',)]"
2016-2020_370,2016-2020,"[('viral_ADJ',)]","[('Number',)]"
2016-2020_371,2016-2020,"[('viral_ADJ',)]","[('Number',)]"
2016-2020_372,2016-2020,"[('viral_ADJ',)]","[('Number',)]"
2016-2020_373,2016-2020,"[('viral_ADJ',)]","[('Number',)]"
2016-2020_374,2016-2020,"[('viral_ADJ',)]","[('Number',)]"
2016-2020_375,2016-2020,"[('viral_ADJ',)]","[('Number',)]"
2016-2020_376,2016-2020,"[('viral_ADJ',)]","[('Number',)]"
2016-2020_377,2016-2020,"[('viral_ADJ',)]","[('Number',)]"
2016-2020_378,2016-2020,"[('viral_ADJ',)]","[('Number',)]"
2016-2020_379,2016-2020,"[('viral_ADJ',)]","[('Number',)]"
2016-2020_380,2016-2020,"[('viral_ADJ',)]","[('Number',)]"
2016-2020_381,2016-2020,"[('viral_ADJ',)]","[('Number',)]"
2016-2020_382,2016-2020,"[('viral_ADJ',)]","[('Number',)]"
2016-2020_383,2016-2020,"[('viral_ADJ',)]","[('Number',)]"
2016-2020_384,2016-2020,"[('viral_ADJ',)]","[('Number',)]"
2016-2020_385,2016-2020,"[('viral_ADJ',)]","[('Number',)]"
2016-2020_386,2016-2020,"[('viral_ADJ',)]","[('Gender',)]"
2016-2020_387,2016-2020,"[('viral_ADJ',)]","[('Gender',)]"
2016-2020_388,2016-2020,"[('viral_ADJ',)]","[('Gender',)]"
2016-2020_389,2016-2020,"[('viral_ADJ',)]","[('Gender',)]"
2016-2020_390,2016-2020,"[('viral_ADJ',)]","[('Gender',)]"
2016-2020_391,2016-2020,"[('viral_ADJ',)]","[('Gender',)]"
2016-2020_392,2016-2020,"[('viral_ADJ',)]","[('Gender',)]"
2016-2020_393,2016-2020,"[('viral_ADJ',)]","[('Gender',)]"
2016-2020_394,2016-2020,"[('viral_ADJ',)]","[('Gender',)]"
2016-2020_395,2016-2020,"[('viral_ADJ',)]","[('Gender',)]"
2016-2020_396,2016-2020,"[('viral_ADJ',)]","[('Gender',)]"
2016-2020_397,2016-2020,"[('viral_ADJ',)]","[('Gender',)]"
2016-2020_398,2016-2020,"[('viral_ADJ',)]","[('Gender',)]"
2016-2020_399,2016-2020,"[('viral_ADJ',)]","[('Gender',)]"
2016-2020_400,2016-2020,"[('viral_ADJ',)]","[('Gender',)]"
2016-2020_401,2016-2020,"[('viral_ADJ',)]","[('Gender',)]"
2016-2020_402,2016-2020,"[('viral_ADJ',)]","[('Gender',)]"
2016-2020_403,2016-2020,"[('viral_ADJ',)]","[('Case',)]"
2016-2020_404,2016-2020,"[('viral_ADJ',)]","[('Case',)]"
2016-2020_405,2016-2020,"[('viral_ADJ',)]","[('Case',)]"
2016-2020_406,2016-2020,"[('viral_ADJ',)]","[('Case',)]"
2016-2020_407,2016-2020,"[('viral_ADJ',)]","[('Case',)]"
2016-2020_408,2016-2020,"[('viral_ADJ',)]","[('Case',)]"
2016-2020_409,2016-2020,"[('viral_ADJ',)]","[('Case',)]"
2016-2020_410,2016-2020,"[('viral_ADJ',)]","[('Case',)]"
2016-2020_411,2016-2020,"[('viral_ADJ',)]","[('Case',)]"
2016-2020_412,2016-2020,"[('viral_ADJ',)]","[('Case',)]"
2016-2020_413,2016-2020,"[('viral_ADJ',)]","[('Case',)]"
2021-2025_1,2021-2025,"[('viral_ADJ',)]","[('Degree',)]"
2021-2025_2,2021-2025,"[('viral_ADJ',)]","[('Degree',)]"
2021-2025_3,2021-2025,"[('viral_ADJ',)]","[('Degree',)]"
2021-2025_4,2021-2025,"[('viral_ADJ',)]","[('Degree',)]"
2021-2025_5,2021-2025,"[('viral_ADJ',)]","[('Degree',)]"
2021-2025_6,2021-2025,"[('viral_ADJ',)]","[('Degree',)]"
2021-2025_7,2021-2025,"[('viral_ADJ',)]","[('Degree',)]"
2021-2025_8,2021-2025,"[('viral_ADJ',)]","[('Degree',)]"
2021-2025_9,2021-2025,"[('viral_ADJ',)]","[('Degree',)]"
2021-2025_10,2021-2025,"[('viral_ADJ',)]","[('Degree',)]"
2021-2025_11,2021-2025,"[('viral_ADJ',)]","[('Degree',)]"
2021-2025_12,2021-2025,"[('viral_ADJ',)]","[('Degree',)]"
2021-2025_13,2021-2025,"[('viral_ADJ',)]","[('Degree',)]"
2021-2025_14,2021-2025,"[('viral_ADJ',)]","[('Degree',)]"
2021-2025_15,2021-2025,"[('viral_ADJ',)]","[('Degree',)]"
2021-2025_16,2021-2025,"[('viral_ADJ',)]","[('Degree',)]"
2021-2025_17,2021-2025,"[('viral_ADJ',)]","[('Degree',)]"
2021-2025_18,2021-2025,"[('viral_ADJ',)]","[('Degree',)]"
2021-2025_19,2021-2025,"[('viral_ADJ',)]","[('Degree',)]"
2021-2025_20,2021-2025,"[('viral_ADJ',)]","[('Degree',)]"
2021-2025_21,2021-2025,"[('viral_ADJ',)]","[('Degree',)]"
2021-2025_22,2021-2025,"[('viral_ADJ',)]","[('Degree',)]"
2021-2025_23,2021-2025,"[('viral_ADJ',)]","[('Degree',)]"
2021-2025_24,2021-2025,"[('viral_ADJ',)]","[('Degree',)]"
2021-2025_25,2021-2025,"[('viral_ADJ',)]","[('Degree',)]"
2021-2025_26,2021-2025,"[('viral_ADJ',)]","[('Degree',)]"
2021-2025_27,2021-2025,"[('viral_ADJ',)]","[('Degree',)]"
2021-2025_28,2021-2025,"[('viral_ADJ',)]","[('Degree',)]"
2021-2025_29,2021-2025,"[('viral_ADJ',)]","[('Degree',)]"
2021-2025_30,2021-2025,"[('viral_ADJ',)]","[('Degree',)]"
2021-2025_31,2021-2025,"[('viral_ADJ',)]","[('Degree',)]"
2021-2025_32,2021-2025,"[('viral_ADJ',)]","[('Degree',)]"
2021-2025_33,2021-2025,"[('viral_ADJ',)]","[('Degree',)]"
2021-2025_34,2021-2025,"[('viral_ADJ',)]","[('Degree',)]"
2021-2025_35,2021-2025,"[('viral_ADJ',)]","[('Degree',)]"
2021-2025_36,2021-2025,"[('viral_ADJ',)]","[('Degree',)]"
2021-2025_37,2021-2025,"[('viral_ADJ',)]","[('Degree',)]"
2021-2025_38,2021-2025,"[('viral_ADJ',)]","[('Degree',)]"
2021-2025_39,2021-2025,"[('viral_ADJ',)]","[('Degree',)]"
2021-2025_40,2021-2025,"[('viral_ADJ',)]","[('Degree',)]"
2021-2025_41,2021-2025,"[('viral_ADJ',)]","[('Degree',)]"
2021-2025_42,2021-2025,"[('viral_ADJ',)]","[('Degree',)]"
2021-2025_43,2021-2025,"[('viral_ADJ',)]","[('Degree',)]"
2021-2025_44,2021-2025,"[('viral_ADJ',)]","[('Degree',)]"
2021-2025_45,2021-2025,"[('viral_ADJ',)]","[('Degree',)]"
2021-2025_46,2021-2025,"[('viral_ADJ',)]","[('Degree',)]"
2021-2025_47,2021-2025,"[('viral_ADJ',)]","[('Degree',)]"
2021-2025_48,2021-2025,"[('viral_ADJ',)]","[('Degree',)]"
2021-2025_49,2021-2025,"[('viral_ADJ',)]","[('Degree',)]"
2021-2025_50,2021-2025,"[('viral_ADJ',)]","[('Degree',)]"
2021-2025_51,2021-2025,"[('viral_ADJ',)]","[('Degree',)]"
2021-2025_52,2021-2025,"[('viral_ADJ',)]","[('Degree',)]"
2021-2025_53,2021-2025,"[('viral_ADJ',)]","[('Degree',)]"
2021-2025_54,2021-2025,"[('viral_ADJ',)]","[('Degree',)]"
2021-2025_55,2021-2025,"[('viral_ADJ',)]","[('Degree',)]"
2021-2025_56,2021-2025,"[('viral_ADJ',)]","[('Degree',)]"
2021-2025_57,2021-2025,"[('viral_ADJ',)]","[('Degree',)]"
2021-2025_58,2021-2025,"[('viral_ADJ',)]","[('Degree',)]"
2021-2025_59,2021-2025,"[('viral_ADJ',)]","[('Degree',)]"
2021-2025_60,2021-2025,"[('viral_ADJ',)]","[('Degree',)]"
2021-2025_61,2021-2025,"[('viral_ADJ',)]","[('Degree',)]"
2021-2025_62,2021-2025,"[('viral_ADJ',)]","[('Degree',)]"
2021-2025_63,2021-2025,"[('viral_ADJ',)]","[('Degree',)]"
2021-2025_64,2021-2025,"[('viral_ADJ',)]","[('Degree',)]"
2021-2025_65,2021-2025,"[('viral_ADJ',)]","[('Degree',)]"
2021-2025_66,2021-2025,"[('viral_ADJ',)]","[('Degree',)]"
2021-2025_67,2021-2025,"[('viral_ADJ',)]","[('Degree',)]"
2021-2025_68,2021-2025,"[('viral_ADJ',)]","[('Degree',)]"
2021-2025_69,2021-2025,"[('viral_ADJ',)]","[('Degree',)]"
2021-2025_70,2021-2025,"[('viral_ADJ',)]","[('Degree',)]"
2021-2025_71,2021-2025,"[('viral_ADJ',)]","[('Degree',)]"
2021-2025_72,2021-2025,"[('viral_ADJ',)]","[('Degree',)]"
2021-2025_73,2021-2025,"[('viral_ADJ',)]","[('Degree',)]"
2021-2025_74,2021-2025,"[('viral_ADJ',)]","[('Degree',)]"
2021-2025_75,2021-2025,"[('viral_ADJ',)]","[('Degree',)]"
2021-2025_76,2021-2025,"[('viral_ADJ',)]","[('Degree',)]"
2021-2025_77,2021-2025,"[('viral_ADJ',)]","[('Degree',)]"
2021-2025_78,2021-2025,"[('viral_ADJ',)]","[('Degree',)]"
2021-2025_79,2021-2025,"[('viral_ADJ',)]","[('Degree',)]"
2021-2025_80,2021-2025,"[('viral_ADJ',)]","[('Degree',)]"
2021-2025_81,2021-2025,"[('viral_ADJ',)]","[('Degree',)]"
2021-2025_82,2021-2025,"[('viral_ADJ',)]","[('Degree',)]"
2021-2025_83,2021-2025,"[('viral_ADJ',)]","[('Degree',)]"
2021-2025_84,2021-2025,"[('viral_ADJ',)]","[('Degree',)]"
2021-2025_85,2021-2025,"[('viral_ADJ',)]","[('Degree',)]"
2021-2025_86,2021-2025,"[('viral_ADJ',)]","[('Degree',)]"
2021-2025_87,2021-2025,"[('viral_ADJ',)]","[('Degree',)]"
2021-2025_88,2021-2025,"[('viral_ADJ',)]","[('Degree',)]"
2021-2025_89,2021-2025,"[('viral_ADJ',)]","[('Degree',)]"
2021-2025_90,2021-2025,"[('viral_ADJ',)]","[('Degree',)]"
2021-2025_91,2021-2025,"[('viral_ADJ',)]","[('Degree',)]"
2021-2025_92,2021-2025,"[('viral_ADJ',)]","[('Degree',)]"
2021-2025_93,2021-2025,"[('viral_ADJ',)]","[('Degree',)]"
2021-2025_94,2021-2025,"[('viral_ADJ',)]","[('Degree',)]"
2021-2025_95,2021-2025,"[('viral_ADJ',)]","[('Degree',)]"
2021-2025_96,2021-2025,"[('viral_ADJ',)]","[('Degree',)]"
2021-2025_97,2021-2025,"[('viral_ADJ',)]","[('Degree',)]"
2021-2025_98,2021-2025,"[('viral_ADJ',)]","[('Degree',)]"
2021-2025_99,2021-2025,"[('viral_ADJ',)]","[('Degree',)]"
2021-2025_100,2021-2025,"[('viral_ADJ',)]","[('Degree',)]"
2021-2025_101,2021-2025,"[('viral_ADJ',)]","[('Degree',)]"
2021-2025_102,2021-2025,"[('viral_ADJ',)]","[('Degree',)]"
2021-2025_103,2021-2025,"[('viral_ADJ',)]","[('Degree',)]"
2021-2025_104,2021-2025,"[('viral_ADJ',)]","[('Degree',)]"
2021-2025_105,2021-2025,"[('viral_ADJ',)]","[('Degree',)]"
2021-2025_106,2021-2025,"[('viral_ADJ',)]","[('Degree',)]"
2021-2025_107,2021-2025,"[('viral_ADJ',)]","[('Degree',)]"
2021-2025_108,2021-2025,"[('viral_ADJ',)]","[('Degree',)]"
2021-2025_109,2021-2025,"[('viral_ADJ',)]","[('Degree',)]"
2021-2025_110,2021-2025,"[('viral_ADJ',)]","[('Degree',)]"
2021-2025_111,2021-2025,"[('viral_ADJ',)]","[('Degree',)]"
2021-2025_112,2021-2025,"[('viral_ADJ',)]","[('Degree',)]"
2021-2025_113,2021-2025,"[('viral_ADJ',)]","[('Degree',)]"
2021-2025_114,2021-2025,"[('viral_ADJ',)]","[('Degree',)]"
2021-2025_115,2021-2025,"[('viral_ADJ',)]","[('Degree',)]"
2021-2025_116,2021-2025,"[('viral_ADJ',)]","[('Degree',)]"
2021-2025_117,2021-2025,"[('viral_ADJ',)]","[('Degree',)]"
2021-2025_118,2021-2025,"[('viral_ADJ',)]","[('Degree',)]"
2021-2025_119,2021-2025,"[('viral_ADJ',)]","[('Degree',)]"
2021-2025_120,2021-2025,"[('viral_ADJ',)]","[('Degree',)]"
2021-2025_121,2021-2025,"[('viral_ADJ',)]","[('Degree',)]"
2021-2025_122,2021-2025,"[('viral_ADJ',)]","[('Degree',)]"
2021-2025_123,2021-2025,"[('viral_ADJ',)]","[('Degree',)]"
2021-2025_124,2021-2025,"[('viral_ADJ',)]","[('Degree',)]"
2021-2025_125,2021-2025,"[('viral_ADJ',)]","[('Degree',)]"
2021-2025_126,2021-2025,"[('viral_ADJ',)]","[('Degree',)]"
2021-2025_127,2021-2025,"[('viral_ADJ',)]","[('Degree',)]"
2021-2025_128,2021-2025,"[('viral_ADJ',)]","[('Degree',)]"
2021-2025_129,2021-2025,"[('viral_ADJ',)]","[('Degree',)]"
2021-2025_130,2021-2025,"[('viral_ADJ',)]","[('Degree',)]"
2021-2025_131,2021-2025,"[('viral_ADJ',)]","[('Degree',)]"
2021-2025_132,2021-2025,"[('viral_ADJ',)]","[('Degree',)]"
2021-2025_133,2021-2025,"[('viral_ADJ',)]","[('Degree',)]"
2021-2025_134,2021-2025,"[('viral_ADJ',)]","[('Degree',)]"
2021-2025_135,2021-2025,"[('viral_ADJ',)]","[('Degree',)]"
2021-2025_136,2021-2025,"[('viral_ADJ',)]","[('Degree',)]"
2021-2025_137,2021-2025,"[('viral_ADJ',)]","[('Degree',)]"
2021-2025_138,2021-2025,"[('viral_ADJ',)]","[('Degree',)]"
2021-2025_139,2021-2025,"[('viral_ADJ',)]","[('Degree',)]"
2021-2025_140,2021-2025,"[('viral_ADJ',)]","[('Degree',)]"
2021-2025_141,2021-2025,"[('viral_ADJ',)]","[('Degree',)]"
2021-2025_142,2021-2025,"[('viral_ADJ',)]","[('Degree',)]"
2021-2025_143,2021-2025,"[('viral_ADJ',)]","[('Degree',)]"
2021-2025_144,2021-2025,"[('viral_ADJ',)]","[('Degree',)]"
2021-2025_145,2021-2025,"[('viral_ADJ',)]","[('Degree',)]"
2021-2025_146,2021-2025,"[('viral_ADJ',)]","[('Degree',)]"
2021-2025_147,2021-2025,"[('viral_ADJ',)]","[('Degree',)]"
2021-2025_148,2021-2025,"[('viral_ADJ',)]","[('Degree',)]"
2021-2025_149,2021-2025,"[('viral_ADJ',)]","[('Degree',)]"
2021-2025_150,2021-2025,"[('viral_ADJ',)]","[('Degree',)]"
2021-2025_151,2021-2025,"[('viral_ADJ',)]","[('Degree',)]"
2021-2025_152,2021-2025,"[('viral_ADJ',)]","[('Degree',)]"
2021-2025_153,2021-2025,"[('viral_ADJ',)]","[('Degree',)]"
2021-2025_154,2021-2025,"[('viral_ADJ',)]","[('Degree',)]"
2021-2025_155,2021-2025,"[('viral_ADJ',)]","[('Degree',)]"
2021-2025_156,2021-2025,"[('viral_ADJ',)]","[('Degree',)]"
2021-2025_157,2021-2025,"[('viral_ADJ',)]","[('Degree',)]"
2021-2025_158,2021-2025,"[('viral_ADJ',)]","[('Degree',)]"
2021-2025_159,2021-2025,"[('viral_ADJ',)]","[('Degree',)]"
2021-2025_160,2021-2025,"[('viral_ADJ',)]","[('Degree',)]"
2021-2025_161,2021-2025,"[('viral_ADJ',)]","[('Degree',)]"
2021-2025_162,2021-2025,"[('viral_ADJ',)]","[('Degree',)]"
2021-2025_163,2021-2025,"[('viral_ADJ',)]","[('Degree',)]"
2021-2025_164,2021-2025,"[('viral_ADJ',)]","[('Degree',)]"
2021-2025_165,2021-2025,"[('viral_ADJ',)]","[('Degree',)]"
2021-2025_166,2021-2025,"[('viral_ADJ',)]","[('Degree',)]"
2021-2025_167,2021-2025,"[('viral_ADJ',)]","[('Degree',)]"
2021-2025_168,2021-2025,"[('viral_ADJ',)]","[('Degree',)]"
2021-2025_169,2021-2025,"[('viral_ADJ',)]","[('Degree',)]"
2021-2025_170,2021-2025,"[('viral_ADJ',)]","[('Degree',)]"
2021-2025_171,2021-2025,"[('viral_ADJ',)]","[('Degree',)]"
2021-2025_172,2021-2025,"[('viral_ADJ',)]","[('Degree',)]"
2021-2025_173,2021-2025,"[('viral_ADJ',)]","[('Degree',)]"
2021-2025_174,2021-2025,"[('viral_ADJ',)]","[('Degree',)]"
2021-2025_175,2021-2025,"[('viral_ADJ',)]","[('Degree',)]"
2021-2025_176,2021-2025,"[('viral_ADJ',)]","[('Degree',)]"
2021-2025_177,2021-2025,"[('viral_ADJ',)]","[('Degree',)]"
2021-2025_178,2021-2025,"[('viral_ADJ',)]","[('Degree',)]"
2021-2025_179,2021-2025,"[('viral_ADJ',)]","[('Degree',)]"
2021-2025_180,2021-2025,"[('viral_ADJ',)]","[('Degree',)]"
2021-2025_181,2021-2025,"[('viral_ADJ',)]","[('Degree',)]"
2021-2025_182,2021-2025,"[('viral_ADJ',)]","[('Degree',)]"
2021-2025_183,2021-2025,"[('viral_ADJ',)]","[('Degree',)]"
2021-2025_184,2021-2025,"[('viral_ADJ',)]","[('Degree',)]"
2021-2025_185,2021-2025,"[('viral_ADJ',)]","[('Degree',)]"
2021-2025_186,2021-2025,"[('viral_ADJ',)]","[('Degree',)]"
2021-2025_187,2021-2025,"[('viral_ADJ',)]","[('Degree',)]"
2021-2025_188,2021-2025,"[('viral_ADJ',)]","[('Degree',)]"
2021-2025_189,2021-2025,"[('viral_ADJ',)]","[('Degree',)]"
2021-2025_190,2021-2025,"[('viral_ADJ',)]","[('Degree',)]"
2021-2025_191,2021-2025,"[('viral_ADJ',)]","[('Degree',)]"
2021-2025_192,2021-2025,"[('viral_ADJ',)]","[('Degree',)]"
2021-2025_193,2021-2025,"[('viral_ADJ',)]","[('Degree',)]"
2021-2025_194,2021-2025,"[('viral_ADJ',)]","[('Degree',)]"
2021-2025_195,2021-2025,"[('viral_ADJ',)]","[('Degree',)]"
2021-2025_196,2021-2025,"[('viral_ADJ',)]","[('Degree',)]"
2021-2025_197,2021-2025,"[('viral_ADJ',)]","[('Degree',)]"
2021-2025_198,2021-2025,"[('viral_ADJ',)]","[('Degree',)]"
2021-2025_199,2021-2025,"[('viral_ADJ',)]","[('Degree',)]"
2021-2025_200,2021-2025,"[('viral_ADJ',)]","[('Degree',)]"
2021-2025_201,2021-2025,"[('viral_ADJ',)]","[('Degree',)]"
2021-2025_202,2021-2025,"[('viral_ADJ',)]","[('Degree',)]"
2021-2025_203,2021-2025,"[('viral_ADJ',)]","[('Degree',)]"
2021-2025_204,2021-2025,"[('viral_ADJ',)]","[('Degree',)]"
2021-2025_205,2021-2025,"[('viral_ADJ',)]","[('Degree',)]"
2021-2025_206,2021-2025,"[('viral_ADJ',)]","[('Degree',)]"
2021-2025_207,2021-2025,"[('viral_ADJ',)]","[('Degree',)]"
2021-2025_208,2021-2025,"[('viral_ADJ',)]","[('Degree',)]"
2021-2025_209,2021-2025,"[('viral_ADJ',)]","[('Degree',)]"
2021-2025_210,2021-2025,"[('viral_ADJ',)]","[('Degree',)]"
2021-2025_211,2021-2025,"[('viral_ADJ',)]","[('Degree',)]"
2021-2025_212,2021-2025,"[('viral_ADJ',)]","[('Degree',)]"
2021-2025_213,2021-2025,"[('viral_ADJ',)]","[('Degree',)]"
2021-2025_214,2021-2025,"[('viral_ADJ',)]","[('Degree',)]"
2021-2025_215,2021-2025,"[('viral_ADJ',)]","[('Degree',)]"
2021-2025_216,2021-2025,"[('viral_ADJ',)]","[('Degree',)]"
2021-2025_217,2021-2025,"[('viral_ADJ',)]","[('Degree',)]"
2021-2025_218,2021-2025,"[('viral_ADJ',)]","[('Degree',)]"
2021-2025_219,2021-2025,"[('viral_ADJ',)]","[('Degree',)]"
2021-2025_220,2021-2025,"[('viral_ADJ',)]","[('Degree',)]"
2021-2025_221,2021-2025,"[('viral_ADJ',)]","[('Degree',)]"
2021-2025_222,2021-2025,"[('viral_ADJ',)]","[('Degree',)]"
2021-2025_223,2021-2025,"[('viral_ADJ',)]","[('Degree',)]"
2021-2025_224,2021-2025,"[('viral_ADJ',)]","[('Degree',)]"
2021-2025_225,2021-2025,"[('viral_ADJ',)]","[('Degree',)]"
2021-2025_226,2021-2025,"[('viral_ADJ',)]","[('Degree',)]"
2021-2025_227,2021-2025,"[('viral_ADJ',)]","[('Degree',)]"
2021-2025_228,2021-2025,"[('viral_ADJ',)]","[('Degree',)]"
2021-2025_229,2021-2025,"[('viral_ADJ',)]","[('Degree',)]"
2021-2025_230,2021-2025,"[('viral_ADJ',)]","[('Degree',)]"
2021-2025_231,2021-2025,"[('viral_ADJ',)]","[('Degree',)]"
2021-2025_232,2021-2025,"[('viral_ADJ',)]","[('Degree',)]"
2021-2025_233,2021-2025,"[('viral_ADJ',)]","[('Degree',)]"
2021-2025_234,2021-2025,"[('viral_ADJ',)]","[('Degree',)]"
2021-2025_235,2021-2025,"[('viral_ADJ',)]","[('Degree',)]"
2021-2025_236,2021-2025,"[('viral_ADJ',)]","[('Degree',)]"
2021-2025_237,2021-2025,"[('viral_ADJ',)]","[('Degree',)]"
2021-2025_238,2021-2025,"[('viral_ADJ',)]","[('Degree',)]"
2021-2025_239,2021-2025,"[('viral_ADJ',)]","[('Degree',)]"
2021-2025_240,2021-2025,"[('viral_ADJ',)]","[('Degree',)]"
2021-2025_241,2021-2025,"[('viral_ADJ',)]","[('Degree',)]"
2021-2025_242,2021-2025,"[('viral_ADJ',)]","[('Degree',)]"
2021-2025_243,2021-2025,"[('viral_ADJ',)]","[('Degree',)]"
2021-2025_244,2021-2025,"[('viral_ADJ',)]","[('Degree',)]"
2021-2025_245,2021-2025,"[('viral_ADJ',)]","[('Degree',)]"
2021-2025_246,2021-2025,"[('viral_ADJ',)]","[('Degree',)]"
2021-2025_247,2021-2025,"[('viral_ADJ',)]","[('Degree',)]"
2021-2025_248,2021-2025,"[('viral_ADJ',)]","[('Degree',)]"
2021-2025_249,2021-2025,"[('viral_ADJ',)]","[('Degree',)]"
2021-2025_250,2021-2025,"[('viral_ADJ',)]","[('Degree',)]"
2021-2025_251,2021-2025,"[('viral_ADJ',)]","[('Degree',)]"
2021-2025_252,2021-2025,"[('viral_ADJ',)]","[('Degree',)]"
2021-2025_253,2021-2025,"[('viral_ADJ',)]","[('Degree',)]"
2021-2025_254,2021-2025,"[('viral_ADJ',)]","[('Degree',)]"
2021-2025_255,2021-2025,"[('viral_ADJ',)]","[('Degree',)]"
2021-2025_256,2021-2025,"[('viral_ADJ',)]","[('Degree',)]"
2021-2025_257,2021-2025,"[('viral_ADJ',)]","[('Degree',)]"
2021-2025_258,2021-2025,"[('viral_ADJ',)]","[('Degree',)]"
2021-2025_259,2021-2025,"[('viral_ADJ',)]","[('Degree',)]"
2021-2025_260,2021-2025,"[('viral_ADJ',)]","[('Degree',)]"
2021-2025_261,2021-2025,"[('viral_ADJ',)]","[('Degree',)]"
2021-2025_262,2021-2025,"[('viral_ADJ',)]","[('Degree',)]"
2021-2025_263,2021-2025,"[('viral_ADJ',)]","[('Degree',)]"
2021-2025_264,2021-2025,"[('viral_ADJ',)]","[('Degree',)]"
2021-2025_265,2021-2025,"[('viral_ADJ',)]","[('Degree',)]"
2021-2025_266,2021-2025,"[('viral_ADJ',)]","[('Degree',)]"
2021-2025_267,2021-2025,"[('viral_ADJ',)]","[('Degree',)]"
2021-2025_268,2021-2025,"[('viral_ADJ',)]","[('Degree',)]"
2021-2025_269,2021-2025,"[('viral_ADJ',)]","[('Degree',)]"
2021-2025_270,2021-2025,"[('viral_ADJ',)]","[('Degree',)]"
2021-2025_271,2021-2025,"[('viral_ADJ',)]","[('Degree',)]"
2021-2025_272,2021-2025,"[('viral_ADJ',)]","[('Degree',)]"
2021-2025_273,2021-2025,"[('viral_ADJ',)]","[('Degree',)]"
2021-2025_274,2021-2025,"[('viral_ADJ',)]","[('Degree',)]"
2021-2025_275,2021-2025,"[('viral_ADJ',)]","[('Degree',)]"
2021-2025_276,2021-2025,"[('viral_ADJ',)]","[('Degree',)]"
2021-2025_277,2021-2025,"[('viral_ADJ',)]","[('Degree',)]"
2021-2025_278,2021-2025,"[('viral_ADJ',)]","[('Degree',)]"
2021-2025_279,2021-2025,"[('viral_ADJ',)]","[('Degree',)]"
2021-2025_280,2021-2025,"[('viral_ADJ',)]","[('Degree',)]"
2021-2025_281,2021-2025,"[('viral_ADJ',)]","[('Degree',)]"
2021-2025_282,2021-2025,"[('viral_ADJ',)]","[('Degree',)]"
2021-2025_283,2021-2025,"[('viral_ADJ',)]","[('Degree',)]"
2021-2025_284,2021-2025,"[('viral_ADJ',)]","[('Degree',)]"
2021-2025_285,2021-2025,"[('viral_ADJ',)]","[('Degree',)]"
2021-2025_286,2021-2025,"[('viral_ADJ',)]","[('Degree',)]"
2021-2025_287,2021-2025,"[('viral_ADJ',)]","[('Degree',)]"
2021-2025_288,2021-2025,"[('viral_ADJ',)]","[('Degree',)]"
2021-2025_289,2021-2025,"[('viral_ADJ',)]","[('Degree',)]"
2021-2025_290,2021-2025,"[('viral_ADJ',)]","[('Degree',)]"
2021-2025_291,2021-2025,"[('viral_ADJ',)]","[('Degree',)]"
2021-2025_292,2021-2025,"[('viral_ADJ',)]","[('Degree',)]"
2021-2025_293,2021-2025,"[('viral_ADJ',)]","[('Degree',)]"
2021-2025_294,2021-2025,"[('viral_ADJ',)]","[('Degree',)]"
2021-2025_295,2021-2025,"[('viral_ADJ',)]","[('Degree',)]"
2021-2025_296,2021-2025,"[('viral_ADJ',)]","[('Degree',)]"
2021-2025_297,2021-2025,"[('viral_ADJ',)]","[('Degree',)]"
2021-2025_298,2021-2025,"[('viral_ADJ',)]","[('Degree',)]"
2021-2025_299,2021-2025,"[('viral_ADJ',)]","[('Degree',)]"
2021-2025_300,2021-2025,"[('viral_ADJ',)]","[('Degree',)]"
2021-2025_301,2021-2025,"[('viral_ADJ',)]","[('Degree',)]"
2021-2025_302,2021-2025,"[('viral_ADJ',)]","[('Degree',)]"
2021-2025_303,2021-2025,"[('viral_ADJ',)]","[('Degree',)]"
2021-2025_304,2021-2025,"[('viral_ADJ',)]","[('Degree',)]"
2021-2025_305,2021-2025,"[('viral_ADJ',)]","[('Degree',)]"
2021-2025_306,2021-2025,"[('viral_ADJ',)]","[('Degree',)]"
2021-2025_307,2021-2025,"[('viral_ADJ',)]","[('Degree',)]"
2021-2025_308,2021-2025,"[('viral_ADJ',)]","[('Degree',)]"
2021-2025_309,2021-2025,"[('viral_ADJ',)]","[('Degree',)]"
2021-2025_310,2021-2025,"[('viral_ADJ',)]","[('Degree',)]"
2021-2025_311,2021-2025,"[('viral_ADJ',)]","[('Degree',)]"
2021-2025_312,2021-2025,"[('viral_ADJ',)]","[('Degree',)]"
2021-2025_313,2021-2025,"[('viral_ADJ',)]","[('Degree',)]"
2021-2025_314,2021-2025,"[('viral_ADJ',)]","[('Degree',)]"
2021-2025_315,2021-2025,"[('viral_ADJ',)]","[('Degree',)]"
2021-2025_316,2021-2025,"[('viral_ADJ',)]","[('Degree',)]"
2021-2025_317,2021-2025,"[('viral_ADJ',)]","[('Degree',)]"
2021-2025_318,2021-2025,"[('viral_ADJ',)]","[('Degree',)]"
2021-2025_319,2021-2025,"[('viral_ADJ',)]","[('Degree',)]"
2021-2025_320,2021-2025,"[('viral_ADJ',)]","[('Degree',)]"
2021-2025_321,2021-2025,"[('viral_ADJ',)]","[('Degree',)]"
2021-2025_322,2021-2025,"[('viral_ADJ',)]","[('Degree',)]"
2021-2025_323,2021-2025,"[('viral_ADJ',)]","[('Degree',)]"
2021-2025_324,2021-2025,"[('viral_ADJ',)]","[('Degree',)]"
2021-2025_325,2021-2025,"[('viral_ADJ',)]","[('Degree',)]"
2021-2025_326,2021-2025,"[('viral_ADJ',)]","[('Degree',)]"
2021-2025_327,2021-2025,"[('viral_ADJ',)]","[('Degree',)]"
2021-2025_328,2021-2025,"[('viral_ADJ',)]","[('Degree',)]"
2021-2025_329,2021-2025,"[('viral_ADJ',)]","[('Degree',)]"
2021-2025_330,2021-2025,"[('viral_ADJ',)]","[('Degree',)]"
2021-2025_331,2021-2025,"[('viral_ADJ',)]","[('Degree',)]"
2021-2025_332,2021-2025,"[('viral_ADJ',)]","[('Degree',)]"
2021-2025_333,2021-2025,"[('viral_ADJ',)]","[('Degree',)]"
2021-2025_334,2021-2025,"[('viral_ADJ',)]","[('Degree',)]"
2021-2025_335,2021-2025,"[('viral_ADJ',)]","[('Degree',)]"
2021-2025_336,2021-2025,"[('viral_ADJ',)]","[('Degree',)]"
2021-2025_337,2021-2025,"[('viral_ADJ',)]","[('Degree',)]"
2021-2025_338,2021-2025,"[('viral_ADJ',)]","[('Degree',)]"
2021-2025_339,2021-2025,"[('viral_ADJ',)]","[('Degree',)]"
2021-2025_340,2021-2025,"[('viral_ADJ',)]","[('Degree',)]"
2021-2025_341,2021-2025,"[('viral_ADJ',)]","[('Degree',)]"
2021-2025_342,2021-2025,"[('viral_ADJ',)]","[('Degree',)]"
2021-2025_343,2021-2025,"[('viral_ADJ',)]","[('Degree',)]"
2021-2025_344,2021-2025,"[('viral_ADJ',)]","[('Degree',)]"
2021-2025_345,2021-2025,"[('viral_ADJ',)]","[('Degree',)]"
2021-2025_346,2021-2025,"[('viral_ADJ',)]","[('Degree',)]"
2021-2025_347,2021-2025,"[('viral_ADJ',)]","[('Degree',)]"
2021-2025_348,2021-2025,"[('viral_ADJ',)]","[('Degree',)]"
2021-2025_349,2021-2025,"[('viral_ADJ',)]","[('Degree',)]"
2021-2025_350,2021-2025,"[('viral_ADJ',)]","[('Degree',)]"
2021-2025_351,2021-2025,"[('viral_ADJ',)]","[('Degree',)]"
2021-2025_352,2021-2025,"[('viral_ADJ',)]","[('Degree',)]"
2021-2025_353,2021-2025,"[('viral_ADJ',)]","[('Degree',)]"
2021-2025_354,2021-2025,"[('viral_ADJ',)]","[('Degree',)]"
2021-2025_355,2021-2025,"[('viral_ADJ',)]","[('Degree',)]"
2021-2025_356,2021-2025,"[('viral_ADJ',)]","[('Degree',)]"
2021-2025_357,2021-2025,"[('viral_ADJ',)]","[('Degree',)]"
2021-2025_358,2021-2025,"[('viral_ADJ',)]","[('Degree',)]"
2021-2025_359,2021-2025,"[('viral_ADJ',)]","[('Degree',)]"
2021-2025_360,2021-2025,"[('viral_ADJ',)]","[('Degree',)]"
2021-2025_361,2021-2025,"[('viral_ADJ',)]","[('Degree',)]"
2021-2025_362,2021-2025,"[('viral_ADJ',)]","[('Degree',)]"
2021-2025_363,2021-2025,"[('viral_ADJ',)]","[('Degree',)]"
2021-2025_364,2021-2025,"[('viral_ADJ',)]","[('Degree',)]"
2021-2025_365,2021-2025,"[('viral_ADJ',)]","[('Degree',)]"
2021-2025_366,2021-2025,"[('viral_ADJ',)]","[('Degree',)]"
2021-2025_367,2021-2025,"[('viral_ADJ',)]","[('Degree',)]"
2021-2025_368,2021-2025,"[('viral_ADJ',)]","[('Degree',)]"
2021-2025_369,2021-2025,"[('viral_ADJ',)]","[('Degree',)]"
2021-2025_370,2021-2025,"[('viral_ADJ',)]","[('Degree',)]"
2021-2025_371,2021-2025,"[('viral_ADJ',)]","[('Degree',)]"
2021-2025_372,2021-2025,"[('viral_ADJ',)]","[('Degree',)]"
2021-2025_373,2021-2025,"[('viral_ADJ',)]","[('Degree',)]"
2021-2025_374,2021-2025,"[('viral_ADJ',)]","[('Degree',)]"
2021-2025_375,2021-2025,"[('viral_ADJ',)]","[('Degree',)]"
2021-2025_376,2021-2025,"[('viral_ADJ',)]","[('Degree',)]"
2021-2025_377,2021-2025,"[('viral_ADJ',)]","[('Degree',)]"
2021-2025_378,2021-2025,"[('viral_ADJ',)]","[('Degree',)]"
2021-2025_379,2021-2025,"[('viral_ADJ',)]","[('Degree',)]"
2021-2025_380,2021-2025,"[('viral_ADJ',)]","[('Degree',)]"
2021-2025_381,2021-2025,"[('viral_ADJ',)]","[('Degree',)]"
2021-2025_382,2021-2025,"[('viral_ADJ',)]","[('Degree',)]"
2021-2025_383,2021-2025,"[('viral_ADJ',)]","[('Degree',)]"
2021-2025_384,2021-2025,"[('viral_ADJ',)]","[('Degree',)]"
2021-2025_385,2021-2025,"[('viral_ADJ',)]","[('Degree',)]"
2021-2025_386,2021-2025,"[('viral_ADJ',)]","[('Degree',)]"
2021-2025_387,2021-2025,"[('viral_ADJ',)]","[('Degree',)]"
2021-2025_388,2021-2025,"[('viral_ADJ',)]","[('Degree',)]"
2021-2025_389,2021-2025,"[('viral_ADJ',)]","[('Degree',)]"
2021-2025_390,2021-2025,"[('viral_ADJ',)]","[('Degree',)]"
2021-2025_391,2021-2025,"[('viral_ADJ',)]","[('Degree',)]"
2021-2025_392,2021-2025,"[('viral_ADJ',)]","[('Degree',)]"
2021-2025_393,2021-2025,"[('viral_ADJ',)]","[('Degree',)]"
2021-2025_394,2021-2025,"[('viral_ADJ',)]","[('Degree',)]"
2021-2025_395,2021-2025,"[('viral_ADJ',)]","[('Degree',)]"
2021-2025_396,2021-2025,"[('viral_ADJ',)]","[('Degree',)]"
2021-2025_397,2021-2025,"[('viral_ADJ',)]","[('Degree',)]"
2021-2025_398,2021-2025,"[('viral_ADJ',)]","[('Degree',)]"
2021-2025_399,2021-2025,"[('viral_ADJ',)]","[('Degree',)]"
2021-2025_400,2021-2025,"[('viral_ADJ',)]","[('Degree',)]"
2021-2025_401,2021-2025,"[('viral_ADJ',)]","[('Degree',)]"
2021-2025_402,2021-2025,"[('viral_ADJ',)]","[('Degree',)]"
2021-2025_403,2021-2025,"[('viral_ADJ',)]","[('Degree',)]"
2021-2025_404,2021-2025,"[('viral_ADJ',)]","[('Degree',)]"
2021-2025_405,2021-2025,"[('viral_ADJ',)]","[('Degree',)]"
2021-2025_406,2021-2025,"[('viral_ADJ',)]","[('Variant',)]"
2021-2025_407,2021-2025,"[('viral_ADJ',)]","[('Variant',)]"
2021-2025_408,2021-2025,"[('viral_ADJ',)]","[('Variant',)]"
2021-2025_409,2021-2025,"[('viral_ADJ',)]","[('Variant',)]"
2021-2025_410,2021-2025,"[('viral_ADJ',)]","[('Variant',)]"
2021-2025_411,2021-2025,"[('viral_ADJ',)]","[('Variant',)]"
2021-2025_412,2021-2025,"[('viral_ADJ',)]","[('Variant',)]"
2021-2025_413,2021-2025,"[('viral_ADJ',)]","[('Variant',)]"
2021-2025_414,2021-2025,"[('viral_ADJ',)]","[('Variant',)]"
2021-2025_415,2021-2025,"[('viral_ADJ',)]","[('Variant',)]"
2021-2025_416,2021-2025,"[('viral_ADJ',)]","[('Variant',)]"
2021-2025_417,2021-2025,"[('viral_ADJ',)]","[('Variant',)]"
2021-2025_418,2021-2025,"[('viral_ADJ',)]","[('Variant',)]"
2021-2025_419,2021-2025,"[('viral_ADJ',)]","[('Variant',)]"
2021-2025_420,2021-2025,"[('viral_ADJ',)]","[('Variant',)]"
2021-2025_421,2021-2025,"[('viral_ADJ',)]","[('Variant',)]"
2021-2025_422,2021-2025,"[('viral_ADJ',)]","[('Variant',)]"
2021-2025_423,2021-2025,"[('viral_ADJ',)]","[('Variant',)]"
2021-2025_424,2021-2025,"[('viral_ADJ',)]","[('Variant',)]"
2021-2025_425,2021-2025,"[('viral_ADJ',)]","[('Variant',)]"
2021-2025_426,2021-2025,"[('viral_ADJ',)]","[('Variant',)]"
2021-2025_427,2021-2025,"[('viral_ADJ',)]","[('Variant',)]"
2021-2025_428,2021-2025,"[('viral_ADJ',)]","[('Variant',)]"
2021-2025_429,2021-2025,"[('viral_ADJ',)]","[('Variant',)]"
2021-2025_430,2021-2025,"[('viral_ADJ',)]","[('Variant',)]"
2021-2025_431,2021-2025,"[('viral_ADJ',)]","[('Variant',)]"
2021-2025_432,2021-2025,"[('viral_ADJ',)]","[('Variant',)]"
2021-2025_433,2021-2025,"[('viral_ADJ',)]","[('Variant',)]"
2021-2025_434,2021-2025,"[('viral_ADJ',)]","[('Variant',)]"
2021-2025_435,2021-2025,"[('viral_ADJ',)]","[('Variant',)]"
2021-2025_436,2021-2025,"[('viral_ADJ',)]","[('Variant',)]"
2021-2025_437,2021-2025,"[('viral_ADJ',)]","[('Variant',)]"
2021-2025_438,2021-2025,"[('viral_ADJ',)]","[('Variant',)]"
2021-2025_439,2021-2025,"[('viral_ADJ',)]","[('Variant',)]"
2021-2025_440,2021-2025,"[('viral_ADJ',)]","[('Variant',)]"
2021-2025_441,2021-2025,"[('viral_ADJ',)]","[('Variant',)]"
2021-2025_442,2021-2025,"[('viral_ADJ',)]","[('Variant',)]"
2021-2025_443,2021-2025,"[('viral_ADJ',)]","[('Variant',)]"
2021-2025_444,2021-2025,"[('viral_ADJ',)]","[('Variant',)]"
2021-2025_445,2021-2025,"[('viral_ADJ',)]","[('Variant',)]"
2021-2025_446,2021-2025,"[('viral_ADJ',)]","[('Variant',)]"
2021-2025_447,2021-2025,"[('viral_ADJ',)]","[('Variant',)]"
2021-2025_448,2021-2025,"[('viral_ADJ',)]","[('Variant',)]"
2021-2025_449,2021-2025,"[('viral_ADJ',)]","[('Variant',)]"
2021-2025_450,2021-2025,"[('viral_ADJ',)]","[('Variant',)]"
2021-2025_451,2021-2025,"[('viral_ADJ',)]","[('Variant',)]"
2021-2025_452,2021-2025,"[('viral_ADJ',)]","[('Variant',)]"
2021-2025_453,2021-2025,"[('viral_ADJ',)]","[('Variant',)]"
2021-2025_454,2021-2025,"[('viral_ADJ',)]","[('Variant',)]"
2021-2025_455,2021-2025,"[('viral_ADJ',)]","[('Variant',)]"
2021-2025_456,2021-2025,"[('viral_ADJ',)]","[('Variant',)]"
2021-2025_457,2021-2025,"[('viral_ADJ',)]","[('Variant',)]"
2021-2025_458,2021-2025,"[('viral_ADJ',)]","[('Variant',)]"
2021-2025_459,2021-2025,"[('viral_ADJ',)]","[('Variant',)]"
2021-2025_460,2021-2025,"[('viral_ADJ',)]","[('Variant',)]"
2021-2025_461,2021-2025,"[('viral_ADJ',)]","[('Variant',)]"
2021-2025_462,2021-2025,"[('viral_ADJ',)]","[('Variant',)]"
2021-2025_463,2021-2025,"[('viral_ADJ',)]","[('Variant',)]"
2021-2025_464,2021-2025,"[('viral_ADJ',)]","[('Variant',)]"
2021-2025_465,2021-2025,"[('viral_ADJ',)]","[('Variant',)]"
2021-2025_466,2021-2025,"[('viral_ADJ',)]","[('Variant',)]"
2021-2025_467,2021-2025,"[('viral_ADJ',)]","[('Variant',)]"
2021-2025_468,2021-2025,"[('viral_ADJ',)]","[('Variant',)]"
2021-2025_469,2021-2025,"[('viral_ADJ',)]","[('Variant',)]"
2021-2025_470,2021-2025,"[('viral_ADJ',)]","[('Variant',)]"
2021-2025_471,2021-2025,"[('viral_ADJ',)]","[('Variant',)]"
2021-2025_472,2021-2025,"[('viral_ADJ',)]","[('Variant',)]"
2021-2025_473,2021-2025,"[('viral_ADJ',)]","[('Variant',)]"
2021-2025_474,2021-2025,"[('viral_ADJ',)]","[('Variant',)]"
2021-2025_475,2021-2025,"[('viral_ADJ',)]","[('Variant',)]"
2021-2025_476,2021-2025,"[('viral_ADJ',)]","[('Variant',)]"
2021-2025_477,2021-2025,"[('viral_ADJ',)]","[('Variant',)]"
2021-2025_478,2021-2025,"[('viral_ADJ',)]","[('Variant',)]"
2021-2025_479,2021-2025,"[('viral_ADJ',)]","[('Variant',)]"
2021-2025_480,2021-2025,"[('viral_ADJ',)]","[('Variant',)]"
2021-2025_481,2021-2025,"[('viral_ADJ',)]","[('Variant',)]"
2021-2025_482,2021-2025,"[('viral_ADJ',)]","[('Variant',)]"
2021-2025_483,2021-2025,"[('viral_ADJ',)]","[('Variant',)]"
2021-2025_484,2021-2025,"[('viral_ADJ',)]","[('Variant',)]"
2021-2025_485,2021-2025,"[('viral_ADJ',)]","[('Variant',)]"
2021-2025_486,2021-2025,"[('viral_ADJ',)]","[('Variant',)]"
2021-2025_487,2021-2025,"[('viral_ADJ',)]","[('Variant',)]"
2021-2025_488,2021-2025,"[('viral_ADJ',)]","[('Variant',)]"
2021-2025_489,2021-2025,"[('viral_ADJ',)]","[('Variant',)]"
2021-2025_490,2021-2025,"[('viral_ADJ',)]","[('Variant',)]"
2021-2025_491,2021-2025,"[('viral_ADJ',)]","[('Variant',)]"
2021-2025_492,2021-2025,"[('viral_ADJ',)]","[('Variant',)]"
2021-2025_493,2021-2025,"[('viral_ADJ',)]","[('Variant',)]"
2021-2025_494,2021-2025,"[('viral_ADJ',)]","[('Variant',)]"
2021-2025_495,2021-2025,"[('viral_ADJ',)]","[('Variant',)]"
2021-2025_496,2021-2025,"[('viral_ADJ',)]","[('Variant',)]"
2021-2025_497,2021-2025,"[('viral_ADJ',)]","[('Variant',)]"
2021-2025_498,2021-2025,"[('viral_ADJ',)]","[('Variant',)]"
2021-2025_499,2021-2025,"[('viral_ADJ',)]","[('Variant',)]"
2021-2025_500,2021-2025,"[('viral_ADJ',)]","[('Variant',)]"
2021-2025_501,2021-2025,"[('viral_ADJ',)]","[('Variant',)]"
2021-2025_502,2021-2025,"[('viral_ADJ',)]","[('Variant',)]"
2021-2025_503,2021-2025,"[('viral_ADJ',)]","[('Variant',)]"
2021-2025_504,2021-2025,"[('viral_ADJ',)]","[('Variant',)]"
2021-2025_505,2021-2025,"[('viral_ADJ',)]","[('Variant',)]"
2021-2025_506,2021-2025,"[('viral_ADJ',)]","[('Variant',)]"
2021-2025_507,2021-2025,"[('viral_ADJ',)]","[('Variant',)]"
2021-2025_508,2021-2025,"[('viral_ADJ',)]","[('Variant',)]"
2021-2025_509,2021-2025,"[('viral_ADJ',)]","[('Variant',)]"
2021-2025_510,2021-2025,"[('viral_ADJ',)]","[('Variant',)]"
2021-2025_511,2021-2025,"[('viral_ADJ',)]","[('Variant',)]"
2021-2025_512,2021-2025,"[('viral_ADJ',)]","[('Variant',)]"
2021-2025_513,2021-2025,"[('viral_ADJ',)]","[('Variant',)]"
2021-2025_514,2021-2025,"[('viral_ADJ',)]","[('Variant',)]"
2021-2025_515,2021-2025,"[('viral_ADJ',)]","[('Variant',)]"
2021-2025_516,2021-2025,"[('viral_ADJ',)]","[('Variant',)]"
2021-2025_517,2021-2025,"[('viral_ADJ',)]","[('Variant',)]"
2021-2025_518,2021-2025,"[('viral_ADJ',)]","[('Variant',)]"
2021-2025_519,2021-2025,"[('viral_ADJ',)]","[('Variant',)]"
2021-2025_520,2021-2025,"[('viral_ADJ',)]","[('Variant',)]"
2021-2025_521,2021-2025,"[('viral_ADJ',)]","[('Variant',)]"
2021-2025_522,2021-2025,"[('viral_ADJ',)]","[('Variant',)]"
2021-2025_523,2021-2025,"[('viral_ADJ',)]","[('Variant',)]"
2021-2025_524,2021-2025,"[('viral_ADJ',)]","[('Variant',)]"
2021-2025_525,2021-2025,"[('viral_ADJ',)]","[('Variant',)]"
2021-2025_526,2021-2025,"[('viral_ADJ',)]","[('Variant',)]"
2021-2025_527,2021-2025,"[('viral_ADJ',)]","[('Variant',)]"
2021-2025_528,2021-2025,"[('viral_ADJ',)]","[('Variant',)]"
2021-2025_529,2021-2025,"[('viral_ADJ',)]","[('Variant',)]"
2021-2025_530,2021-2025,"[('viral_ADJ',)]","[('Variant',)]"
2021-2025_531,2021-2025,"[('viral_ADJ',)]","[('Variant',)]"
2021-2025_532,2021-2025,"[('viral_ADJ',)]","[('Variant',)]"
2021-2025_533,2021-2025,"[('viral_ADJ',)]","[('Variant',)]"
2021-2025_534,2021-2025,"[('viral_ADJ',)]","[('Variant',)]"
2021-2025_535,2021-2025,"[('viral_ADJ',)]","[('Variant',)]"
2021-2025_536,2021-2025,"[('viral_ADJ',)]","[('Variant',)]"
2021-2025_537,2021-2025,"[('viral_ADJ',)]","[('Variant',)]"
2021-2025_538,2021-2025,"[('viral_ADJ',)]","[('Variant',)]"
2021-2025_539,2021-2025,"[('viral_ADJ',)]","[('Variant',)]"
2021-2025_540,2021-2025,"[('viral_ADJ',)]","[('Variant',)]"
2021-2025_541,2021-2025,"[('viral_ADJ',)]","[('Variant',)]"
2021-2025_542,2021-2025,"[('viral_ADJ',)]","[('Variant',)]"
2021-2025_543,2021-2025,"[('viral_ADJ',)]","[('Variant',)]"
2021-2025_544,2021-2025,"[('viral_ADJ',)]","[('Variant',)]"
2021-2025_545,2021-2025,"[('viral_ADJ',)]","[('Variant',)]"
2021-2025_546,2021-2025,"[('viral_ADJ',)]","[('Variant',)]"
2021-2025_547,2021-2025,"[('viral_ADJ',)]","[('Variant',)]"
2021-2025_548,2021-2025,"[('viral_ADJ',)]","[('Variant',)]"
2021-2025_549,2021-2025,"[('viral_ADJ',)]","[('Variant',)]"
2021-2025_550,2021-2025,"[('viral_ADJ',)]","[('Variant',)]"
2021-2025_551,2021-2025,"[('viral_ADJ',)]","[('Variant',)]"
2021-2025_552,2021-2025,"[('viral_ADJ',)]","[('Variant',)]"
2021-2025_553,2021-2025,"[('viral_ADJ',)]","[('Variant',)]"
2021-2025_554,2021-2025,"[('viral_ADJ',)]","[('Variant',)]"
2021-2025_555,2021-2025,"[('viral_ADJ',)]","[('Variant',)]"
2021-2025_556,2021-2025,"[('viral_ADJ',)]","[('Variant',)]"
2021-2025_557,2021-2025,"[('viral_ADJ',)]","[('Variant',)]"
2021-2025_558,2021-2025,"[('viral_ADJ',)]","[('Variant',)]"
2021-2025_559,2021-2025,"[('viral_ADJ',)]","[('Variant',)]"
2021-2025_560,2021-2025,"[('viral_ADJ',)]","[('Variant',)]"
2021-2025_561,2021-2025,"[('viral_ADJ',)]","[('Variant',)]"
2021-2025_562,2021-2025,"[('viral_ADJ',)]","[('Variant',)]"
2021-2025_563,2021-2025,"[('viral_ADJ',)]","[('Variant',)]"
2021-2025_564,2021-2025,"[('viral_ADJ',)]","[('Variant',)]"
2021-2025_565,2021-2025,"[('viral_ADJ',)]","[('Variant',)]"
2021-2025_566,2021-2025,"[('viral_ADJ',)]","[('Variant',)]"
2021-2025_567,2021-2025,"[('viral_ADJ',)]","[('Variant',)]"
2021-2025_568,2021-2025,"[('viral_ADJ',)]","[('Variant',)]"
2021-2025_569,2021-2025,"[('viral_ADJ',)]","[('Variant',)]"
2021-2025_570,2021-2025,"[('viral_ADJ',)]","[('Variant',)]"
2021-2025_571,2021-2025,"[('viral_ADJ',)]","[('Variant',)]"
2021-2025_572,2021-2025,"[('viral_ADJ',)]","[('Variant',)]"
2021-2025_573,2021-2025,"[('viral_ADJ',)]","[('Variant',)]"
2021-2025_574,2021-2025,"[('viral_ADJ',)]","[('Variant',)]"
2021-2025_575,2021-2025,"[('viral_ADJ',)]","[('Variant',)]"
2021-2025_576,2021-2025,"[('viral_ADJ',)]","[('Variant',)]"
2021-2025_577,2021-2025,"[('viral_ADJ',)]","[('Variant',)]"
2021-2025_578,2021-2025,"[('viral_ADJ',)]","[('Variant',)]"
2021-2025_579,2021-2025,"[('viral_ADJ',)]","[('Variant',)]"
2021-2025_580,2021-2025,"[('viral_ADJ',)]","[('Variant',)]"
2021-2025_581,2021-2025,"[('viral_ADJ',)]","[('Variant',)]"
2021-2025_582,2021-2025,"[('viral_ADJ',)]","[('Variant',)]"
2021-2025_583,2021-2025,"[('viral_ADJ',)]","[('Variant',)]"
2021-2025_584,2021-2025,"[('viral_ADJ',)]","[('Variant',)]"
2021-2025_585,2021-2025,"[('viral_ADJ',)]","[('Variant',)]"
2021-2025_586,2021-2025,"[('viral_ADJ',)]","[('Variant',)]"
2021-2025_587,2021-2025,"[('viral_ADJ',)]","[('Variant',)]"
2021-2025_588,2021-2025,"[('viral_ADJ',)]","[('Variant',)]"
2021-2025_589,2021-2025,"[('viral_ADJ',)]","[('Variant',)]"
2021-2025_590,2021-2025,"[('viral_ADJ',)]","[('Variant',)]"
2021-2025_591,2021-2025,"[('viral_ADJ',)]","[('Variant',)]"
2021-2025_592,2021-2025,"[('viral_ADJ',)]","[('Variant',)]"
2021-2025_593,2021-2025,"[('viral_ADJ',)]","[('Variant',)]"
2021-2025_594,2021-2025,"[('viral_ADJ',)]","[('Variant',)]"
2021-2025_595,2021-2025,"[('viral_ADJ',)]","[('Variant',)]"
2021-2025_596,2021-2025,"[('viral_ADJ',)]","[('Variant',)]"
2021-2025_597,2021-2025,"[('viral_ADJ',)]","[('Variant',)]"
2021-2025_598,2021-2025,"[('viral_ADJ',)]","[('Variant',)]"
2021-2025_599,2021-2025,"[('viral_ADJ',)]","[('Variant',)]"
2021-2025_600,2021-2025,"[('viral_ADJ',)]","[('Variant',)]"
2021-2025_601,2021-2025,"[('viral_ADJ',)]","[('Variant',)]"
2021-2025_602,2021-2025,"[('viral_ADJ',)]","[('Variant',)]"
2021-2025_603,2021-2025,"[('viral_ADJ',)]","[('Variant',)]"
2021-2025_604,2021-2025,"[('viral_ADJ',)]","[('Variant',)]"
2021-2025_605,2021-2025,"[('viral_ADJ',)]","[('Variant',)]"
2021-2025_606,2021-2025,"[('viral_ADJ',)]","[('Variant',)]"
2021-2025_607,2021-2025,"[('viral_ADJ',)]","[('Variant',)]"
2021-2025_608,2021-2025,"[('viral_ADJ',)]","[('Variant',)]"
2021-2025_609,2021-2025,"[('viral_ADJ',)]","[('Variant',)]"
2021-2025_610,2021-2025,"[('viral_ADJ',)]","[('Variant',)]"
2021-2025_611,2021-2025,"[('viral_ADJ',)]","[('Variant',)]"
2021-2025_612,2021-2025,"[('viral_ADJ',)]","[('Variant',)]"
2021-2025_613,2021-2025,"[('viral_ADJ',)]","[('Variant',)]"
2021-2025_614,2021-2025,"[('viral_ADJ',)]","[('Variant',)]"
2021-2025_615,2021-2025,"[('viral_ADJ',)]","[('Variant',)]"
2021-2025_616,2021-2025,"[('viral_ADJ',)]","[('Variant',)]"
2021-2025_617,2021-2025,"[('viral_ADJ',)]","[('Variant',)]"
2021-2025_618,2021-2025,"[('viral_ADJ',)]","[('Variant',)]"
2021-2025_619,2021-2025,"[('viral_ADJ',)]","[('Variant',)]"
2021-2025_620,2021-2025,"[('viral_ADJ',)]","[('Variant',)]"
2021-2025_621,2021-2025,"[('viral_ADJ',)]","[('Variant',)]"
2021-2025_622,2021-2025,"[('viral_ADJ',)]","[('Variant',)]"
2021-2025_623,2021-2025,"[('viral_ADJ',)]","[('Variant',)]"
2021-2025_624,2021-2025,"[('viral_ADJ',)]","[('Variant',)]"
2021-2025_625,2021-2025,"[('viral_ADJ',)]","[('Variant',)]"
2021-2025_626,2021-2025,"[('viral_ADJ',)]","[('Variant',)]"
2021-2025_627,2021-2025,"[('viral_ADJ',)]","[('Variant',)]"
2021-2025_628,2021-2025,"[('viral_ADJ',)]","[('Variant',)]"
2021-2025_629,2021-2025,"[('viral_ADJ',)]","[('Variant',)]"
2021-2025_630,2021-2025,"[('viral_ADJ',)]","[('Variant',)]"
2021-2025_631,2021-2025,"[('viral_ADJ',)]","[('Variant',)]"
2021-2025_632,2021-2025,"[('viral_ADJ',)]","[('Variant',)]"
2021-2025_633,2021-2025,"[('viral_ADJ',)]","[('Variant',)]"
2021-2025_634,2021-2025,"[('viral_ADJ',)]","[('Variant',)]"
2021-2025_635,2021-2025,"[('viral_ADJ',)]","[('Variant',)]"
2021-2025_636,2021-2025,"[('viral_ADJ',)]","[('Variant',)]"
2021-2025_637,2021-2025,"[('viral_ADJ',)]","[('Variant',)]"
2021-2025_638,2021-2025,"[('viral_ADJ',)]","[('Variant',)]"
2021-2025_639,2021-2025,"[('viral_ADJ',)]","[('Variant',)]"
2021-2025_640,2021-2025,"[('viral_ADJ',)]","[('Variant',)]"
2021-2025_641,2021-2025,"[('viral_ADJ',)]","[('Variant',)]"
2021-2025_642,2021-2025,"[('viral_ADJ',)]","[('Variant',)]"
2021-2025_643,2021-2025,"[('viral_ADJ',)]","[('Variant',)]"
2021-2025_644,2021-2025,"[('viral_ADJ',)]","[('Variant',)]"
2021-2025_645,2021-2025,"[('viral_ADJ',)]","[('Variant',)]"
2021-2025_646,2021-2025,"[('viral_ADJ',)]","[('Variant',)]"
2021-2025_647,2021-2025,"[('viral_ADJ',)]","[('Variant',)]"
2021-2025_648,2021-2025,"[('viral_ADJ',)]","[('Variant',)]"
2021-2025_649,2021-2025,"[('viral_ADJ',)]","[('Variant',)]"
2021-2025_650,2021-2025,"[('viral_ADJ',)]","[('Variant',)]"
2021-2025_651,2021-2025,"[('viral_ADJ',)]","[('Variant',)]"
2021-2025_652,2021-2025,"[('viral_ADJ',)]","[('Variant',)]"
2021-2025_653,2021-2025,"[('viral_ADJ',)]","[('Variant',)]"
2021-2025_654,2021-2025,"[('viral_ADJ',)]","[('Variant',)]"
2021-2025_655,2021-2025,"[('viral_ADJ',)]","[('Variant',)]"
2021-2025_656,2021-2025,"[('viral_ADJ',)]","[('Variant',)]"
2021-2025_657,2021-2025,"[('viral_ADJ',)]","[('Variant',)]"
2021-2025_658,2021-2025,"[('viral_ADJ',)]","[('Variant',)]"
2021-2025_659,2021-2025,"[('viral_ADJ',)]","[('Variant',)]"
2021-2025_660,2021-2025,"[('viral_ADJ',)]","[('Variant',)]"
2021-2025_661,2021-2025,"[('viral_ADJ',)]","[('Variant',)]"
2021-2025_662,2021-2025,"[('viral_ADJ',)]","[('Variant',)]"
2021-2025_663,2021-2025,"[('viral_ADJ',)]","[('Variant',)]"
2021-2025_664,2021-2025,"[('viral_ADJ',)]","[('Variant',)]"
2021-2025_665,2021-2025,"[('viral_ADJ',)]","[('Variant',)]"
2021-2025_666,2021-2025,"[('viral_ADJ',)]","[('Variant',)]"
2021-2025_667,2021-2025,"[('viral_ADJ',)]","[('Variant',)]"
2021-2025_668,2021-2025,"[('viral_ADJ',)]","[('Variant',)]"
2021-2025_669,2021-2025,"[('viral_ADJ',)]","[('Variant',)]"
2021-2025_670,2021-2025,"[('viral_ADJ',)]","[('Variant',)]"
2021-2025_671,2021-2025,"[('viral_ADJ',)]","[('Variant',)]"
2021-2025_672,2021-2025,"[('viral_ADJ',)]","[('Variant',)]"
2021-2025_673,2021-2025,"[('viral_ADJ',)]","[('Variant',)]"
2021-2025_674,2021-2025,"[('viral_ADJ',)]","[('Variant',)]"
2021-2025_675,2021-2025,"[('viral_ADJ',)]","[('Variant',)]"
2021-2025_676,2021-2025,"[('viral_ADJ',)]","[('Variant',)]"
2021-2025_677,2021-2025,"[('viral_ADJ',)]","[('Variant',)]"
2021-2025_678,2021-2025,"[('viral_ADJ',)]","[('Variant',)]"
2021-2025_679,2021-2025,"[('viral_ADJ',)]","[('Variant',)]"
2021-2025_680,2021-2025,"[('viral_ADJ',)]","[('Variant',)]"
2021-2025_681,2021-2025,"[('viral_ADJ',)]","[('Variant',)]"
2021-2025_682,2021-2025,"[('viral_ADJ',)]","[('Variant',)]"
2021-2025_683,2021-2025,"[('viral_ADJ',)]","[('Variant',)]"
2021-2025_684,2021-2025,"[('viral_ADJ',)]","[('Variant',)]"
2021-2025_685,2021-2025,"[('viral_ADJ',)]","[('Variant',)]"
2021-2025_686,2021-2025,"[('viral_ADJ',)]","[('Variant',)]"
2021-2025_687,2021-2025,"[('viral_ADJ',)]","[('Variant',)]"
2021-2025_688,2021-2025,"[('viral_ADJ',)]","[('Variant',)]"
2021-2025_689,2021-2025,"[('viral_ADJ',)]","[('Variant',)]"
2021-2025_690,2021-2025,"[('viral_ADJ',)]","[('Variant',)]"
2021-2025_691,2021-2025,"[('viral_ADJ',)]","[('Variant',)]"
2021-2025_692,2021-2025,"[('viral_ADJ',)]","[('Variant',)]"
2021-2025_693,2021-2025,"[('viral_ADJ',)]","[('Variant',)]"
2021-2025_694,2021-2025,"[('viral_ADJ',)]","[('Variant',)]"
2021-2025_695,2021-2025,"[('viral_ADJ',)]","[('Variant',)]"
2021-2025_696,2021-2025,"[('viral_ADJ',)]","[('Variant',)]"
2021-2025_697,2021-2025,"[('viral_ADJ',)]","[('Variant',)]"
2021-2025_698,2021-2025,"[('viral_ADJ',)]","[('Variant',)]"
2021-2025_699,2021-2025,"[('viral_ADJ',)]","[('Variant',)]"
2021-2025_700,2021-2025,"[('viral_ADJ',)]","[('Variant',)]"
2021-2025_701,2021-2025,"[('viral_ADJ',)]","[('Variant',)]"
2021-2025_702,2021-2025,"[('viral_ADJ',)]","[('Variant',)]"
2021-2025_703,2021-2025,"[('viral_ADJ',)]","[('Variant',)]"
2021-2025_704,2021-2025,"[('viral_ADJ',)]","[('Variant',)]"
2021-2025_705,2021-2025,"[('viral_ADJ',)]","[('Variant',)]"
2021-2025_706,2021-2025,"[('viral_ADJ',)]","[('Variant',)]"
2021-2025_707,2021-2025,"[('viral_ADJ',)]","[('Variant',)]"
2021-2025_708,2021-2025,"[('viral_ADJ',)]","[('Variant',)]"
2021-2025_709,2021-2025,"[('viral_ADJ',)]","[('Variant',)]"
2021-2025_710,2021-2025,"[('viral_ADJ',)]","[('Variant',)]"
2021-2025_711,2021-2025,"[('viral_ADJ',)]","[('Variant',)]"
2021-2025_712,2021-2025,"[('viral_ADJ',)]","[('Variant',)]"
2021-2025_713,2021-2025,"[('viral_ADJ',)]","[('Variant',)]"
2021-2025_714,2021-2025,"[('viral_ADJ',)]","[('Variant',)]"
2021-2025_715,2021-2025,"[('viral_ADJ',)]","[('Variant',)]"
2021-2025_716,2021-2025,"[('viral_ADJ',)]","[('Variant',)]"
2021-2025_717,2021-2025,"[('viral_ADJ',)]","[('Variant',)]"
2021-2025_718,2021-2025,"[('viral_ADJ',)]","[('Variant',)]"
2021-2025_719,2021-2025,"[('viral_ADJ',)]","[('Variant',)]"
2021-2025_720,2021-2025,"[('viral_ADJ',)]","[('Variant',)]"
2021-2025_721,2021-2025,"[('viral_ADJ',)]","[('Variant',)]"
2021-2025_722,2021-2025,"[('viral_ADJ',)]","[('Variant',)]"
2021-2025_723,2021-2025,"[('viral_ADJ',)]","[('Variant',)]"
2021-2025_724,2021-2025,"[('viral_ADJ',)]","[('Variant',)]"
2021-2025_725,2021-2025,"[('viral_ADJ',)]","[('Variant',)]"
2021-2025_726,2021-2025,"[('viral_ADJ',)]","[('Variant',)]"
2021-2025_727,2021-2025,"[('viral_ADJ',)]","[('Variant',)]"
2021-2025_728,2021-2025,"[('viral_ADJ',)]","[('Variant',)]"
2021-2025_729,2021-2025,"[('viral_ADJ',)]","[('Variant',)]"
2021-2025_730,2021-2025,"[('viral_ADJ',)]","[('Variant',)]"
2021-2025_731,2021-2025,"[('viral_ADJ',)]","[('Variant',)]"
2021-2025_732,2021-2025,"[('viral_ADJ',)]","[('Variant',)]"
2021-2025_733,2021-2025,"[('viral_ADJ',)]","[('Variant',)]"
2021-2025_734,2021-2025,"[('viral_ADJ',)]","[('Variant',)]"
2021-2025_735,2021-2025,"[('viral_ADJ',)]","[('Variant',)]"
2021-2025_736,2021-2025,"[('viral_ADJ',)]","[('Variant',)]"
2021-2025_737,2021-2025,"[('viral_ADJ',)]","[('Variant',)]"
2021-2025_738,2021-2025,"[('viral_ADJ',)]","[('Variant',)]"
2021-2025_739,2021-2025,"[('viral_ADJ',)]","[('Variant',)]"
2021-2025_740,2021-2025,"[('viral_ADJ',)]","[('Variant',)]"
2021-2025_741,2021-2025,"[('viral_ADJ',)]","[('Variant',)]"
2021-2025_742,2021-2025,"[('viral_ADJ',)]","[('Variant',)]"
2021-2025_743,2021-2025,"[('viral_ADJ',)]","[('Variant',)]"
2021-2025_744,2021-2025,"[('viral_ADJ',)]","[('Variant',)]"
2021-2025_745,2021-2025,"[('viral_ADJ',)]","[('Variant',)]"
2021-2025_746,2021-2025,"[('viral_ADJ',)]","[('Variant',)]"
2021-2025_747,2021-2025,"[('viral_ADJ',)]","[('Variant',)]"
2021-2025_748,2021-2025,"[('viral_ADJ',)]","[('Variant',)]"
2021-2025_749,2021-2025,"[('viral_ADJ',)]","[('Variant',)]"
2021-2025_750,2021-2025,"[('viral_ADJ',)]","[('Variant',)]"
2021-2025_751,2021-2025,"[('viral_ADJ',)]","[('Variant',)]"
2021-2025_752,2021-2025,"[('viral_ADJ',)]","[('Variant',)]"
2021-2025_753,2021-2025,"[('viral_ADJ',)]","[('Variant',)]"
2021-2025_754,2021-2025,"[('viral_ADJ',)]","[('Variant',)]"
2021-2025_755,2021-2025,"[('viral_ADJ',)]","[('Variant',)]"
2021-2025_756,2021-2025,"[('viral_ADJ',)]","[('Number',)]"
2021-2025_757,2021-2025,"[('viral_ADJ',)]","[('Number',)]"
2021-2025_758,2021-2025,"[('viral_ADJ',)]","[('Number',)]"
2021-2025_759,2021-2025,"[('viral_ADJ',)]","[('Number',)]"
2021-2025_760,2021-2025,"[('viral_ADJ',)]","[('Number',)]"
2021-2025_761,2021-2025,"[('viral_ADJ',)]","[('Number',)]"
2021-2025_762,2021-2025,"[('viral_ADJ',)]","[('Number',)]"
2021-2025_763,2021-2025,"[('viral_ADJ',)]","[('Number',)]"
2021-2025_764,2021-2025,"[('viral_ADJ',)]","[('Number',)]"
2021-2025_765,2021-2025,"[('viral_ADJ',)]","[('Number',)]"
2021-2025_766,2021-2025,"[('viral_ADJ',)]","[('Number',)]"
2021-2025_767,2021-2025,"[('viral_ADJ',)]","[('Number',)]"
2021-2025_768,2021-2025,"[('viral_ADJ',)]","[('Number',)]"
2021-2025_769,2021-2025,"[('viral_ADJ',)]","[('Number',)]"
2021-2025_770,2021-2025,"[('viral_ADJ',)]","[('Number',)]"
2021-2025_771,2021-2025,"[('viral_ADJ',)]","[('Number',)]"
2021-2025_772,2021-2025,"[('viral_ADJ',)]","[('Number',)]"
2021-2025_773,2021-2025,"[('viral_ADJ',)]","[('Number',)]"
2021-2025_774,2021-2025,"[('viral_ADJ',)]","[('Number',)]"
2021-2025_775,2021-2025,"[('viral_ADJ',)]","[('Number',)]"
2021-2025_776,2021-2025,"[('viral_ADJ',)]","[('Number',)]"
2021-2025_777,2021-2025,"[('viral_ADJ',)]","[('Number',)]"
2021-2025_778,2021-2025,"[('viral_ADJ',)]","[('Number',)]"
2021-2025_779,2021-2025,"[('viral_ADJ',)]","[('Number',)]"
2021-2025_780,2021-2025,"[('viral_ADJ',)]","[('Number',)]"
2021-2025_781,2021-2025,"[('viral_ADJ',)]","[('Number',)]"
2021-2025_782,2021-2025,"[('viral_ADJ',)]","[('Number',)]"
2021-2025_783,2021-2025,"[('viral_ADJ',)]","[('Number',)]"
2021-2025_784,2021-2025,"[('viral_ADJ',)]","[('Number',)]"
2021-2025_785,2021-2025,"[('viral_ADJ',)]","[('Number',)]"
2021-2025_786,2021-2025,"[('viral_ADJ',)]","[('Number',)]"
2021-2025_787,2021-2025,"[('viral_ADJ',)]","[('Number',)]"
2021-2025_788,2021-2025,"[('viral_ADJ',)]","[('Number',)]"
2021-2025_789,2021-2025,"[('viral_ADJ',)]","[('Number',)]"
2021-2025_790,2021-2025,"[('viral_ADJ',)]","[('Number',)]"
2021-2025_791,2021-2025,"[('viral_ADJ',)]","[('Number',)]"
2021-2025_792,2021-2025,"[('viral_ADJ',)]","[('Number',)]"
2021-2025_793,2021-2025,"[('viral_ADJ',)]","[('Number',)]"
2021-2025_794,2021-2025,"[('viral_ADJ',)]","[('Number',)]"
2021-2025_795,2021-2025,"[('viral_ADJ',)]","[('Number',)]"
2021-2025_796,2021-2025,"[('viral_ADJ',)]","[('Number',)]"
2021-2025_797,2021-2025,"[('viral_ADJ',)]","[('Number',)]"
2021-2025_798,2021-2025,"[('viral_ADJ',)]","[('Number',)]"
2021-2025_799,2021-2025,"[('viral_ADJ',)]","[('Number',)]"
2021-2025_800,2021-2025,"[('viral_ADJ',)]","[('Number',)]"
2021-2025_801,2021-2025,"[('viral_ADJ',)]","[('Number',)]"
2021-2025_802,2021-2025,"[('viral_ADJ',)]","[('Number',)]"
2021-2025_803,2021-2025,"[('viral_ADJ',)]","[('Number',)]"
2021-2025_804,2021-2025,"[('viral_ADJ',)]","[('Number',)]"
2021-2025_805,2021-2025,"[('viral_ADJ',)]","[('Number',)]"
2021-2025_806,2021-2025,"[('viral_ADJ',)]","[('Number',)]"
2021-2025_807,2021-2025,"[('viral_ADJ',)]","[('Number',)]"
2021-2025_808,2021-2025,"[('viral_ADJ',)]","[('Number',)]"
2021-2025_809,2021-2025,"[('viral_ADJ',)]","[('Number',)]"
2021-2025_810,2021-2025,"[('viral_ADJ',)]","[('Number',)]"
2021-2025_811,2021-2025,"[('viral_ADJ',)]","[('Number',)]"
2021-2025_812,2021-2025,"[('viral_ADJ',)]","[('Number',)]"
2021-2025_813,2021-2025,"[('viral_ADJ',)]","[('Number',)]"
2021-2025_814,2021-2025,"[('viral_ADJ',)]","[('Number',)]"
2021-2025_815,2021-2025,"[('viral_ADJ',)]","[('Number',)]"
2021-2025_816,2021-2025,"[('viral_ADJ',)]","[('Number',)]"
2021-2025_817,2021-2025,"[('viral_ADJ',)]","[('Number',)]"
2021-2025_818,2021-2025,"[('viral_ADJ',)]","[('Number',)]"
2021-2025_819,2021-2025,"[('viral_ADJ',)]","[('Number',)]"
2021-2025_820,2021-2025,"[('viral_ADJ',)]","[('Number',)]"
2021-2025_821,2021-2025,"[('viral_ADJ',)]","[('Number',)]"
2021-2025_822,2021-2025,"[('viral_ADJ',)]","[('Number',)]"
2021-2025_823,2021-2025,"[('viral_ADJ',)]","[('Number',)]"
2021-2025_824,2021-2025,"[('viral_ADJ',)]","[('Number',)]"
2021-2025_825,2021-2025,"[('viral_ADJ',)]","[('Number',)]"
2021-2025_826,2021-2025,"[('viral_ADJ',)]","[('Number',)]"
2021-2025_827,2021-2025,"[('viral_ADJ',)]","[('Number',)]"
2021-2025_828,2021-2025,"[('viral_ADJ',)]","[('Number',)]"
2021-2025_829,2021-2025,"[('viral_ADJ',)]","[('Number',)]"
2021-2025_830,2021-2025,"[('viral_ADJ',)]","[('Number',)]"
2021-2025_831,2021-2025,"[('viral_ADJ',)]","[('Number',)]"
2021-2025_832,2021-2025,"[('viral_ADJ',)]","[('Number',)]"
2021-2025_833,2021-2025,"[('viral_ADJ',)]","[('Number',)]"
2021-2025_834,2021-2025,"[('viral_ADJ',)]","[('Number',)]"
2021-2025_835,2021-2025,"[('viral_ADJ',)]","[('Number',)]"
2021-2025_836,2021-2025,"[('viral_ADJ',)]","[('Number',)]"
2021-2025_837,2021-2025,"[('viral_ADJ',)]","[('Number',)]"
2021-2025_838,2021-2025,"[('viral_ADJ',)]","[('Number',)]"
2021-2025_839,2021-2025,"[('viral_ADJ',)]","[('Number',)]"
2021-2025_840,2021-2025,"[('viral_ADJ',)]","[('Number',)]"
2021-2025_841,2021-2025,"[('viral_ADJ',)]","[('Number',)]"
2021-2025_842,2021-2025,"[('viral_ADJ',)]","[('Number',)]"
2021-2025_843,2021-2025,"[('viral_ADJ',)]","[('Number',)]"
2021-2025_844,2021-2025,"[('viral_ADJ',)]","[('Number',)]"
2021-2025_845,2021-2025,"[('viral_ADJ',)]","[('Number',)]"
2021-2025_846,2021-2025,"[('viral_ADJ',)]","[('Number',)]"
2021-2025_847,2021-2025,"[('viral_ADJ',)]","[('Number',)]"
2021-2025_848,2021-2025,"[('viral_ADJ',)]","[('Number',)]"
2021-2025_849,2021-2025,"[('viral_ADJ',)]","[('Number',)]"
2021-2025_850,2021-2025,"[('viral_ADJ',)]","[('Number',)]"
2021-2025_851,2021-2025,"[('viral_ADJ',)]","[('Number',)]"
2021-2025_852,2021-2025,"[('viral_ADJ',)]","[('Number',)]"
2021-2025_853,2021-2025,"[('viral_ADJ',)]","[('Number',)]"
2021-2025_854,2021-2025,"[('viral_ADJ',)]","[('Number',)]"
2021-2025_855,2021-2025,"[('viral_ADJ',)]","[('Number',)]"
2021-2025_856,2021-2025,"[('viral_ADJ',)]","[('Number',)]"
2021-2025_857,2021-2025,"[('viral_ADJ',)]","[('Number',)]"
2021-2025_858,2021-2025,"[('viral_ADJ',)]","[('Number',)]"
2021-2025_859,2021-2025,"[('viral_ADJ',)]","[('Number',)]"
2021-2025_860,2021-2025,"[('viral_ADJ',)]","[('Number',)]"
2021-2025_861,2021-2025,"[('viral_ADJ',)]","[('Number',)]"
2021-2025_862,2021-2025,"[('viral_ADJ',)]","[('Number',)]"
2021-2025_863,2021-2025,"[('viral_ADJ',)]","[('Number',)]"
2021-2025_864,2021-2025,"[('viral_ADJ',)]","[('Number',)]"
2021-2025_865,2021-2025,"[('viral_ADJ',)]","[('Number',)]"
2021-2025_866,2021-2025,"[('viral_ADJ',)]","[('Number',)]"
2021-2025_867,2021-2025,"[('viral_ADJ',)]","[('Number',)]"
2021-2025_868,2021-2025,"[('viral_ADJ',)]","[('Number',)]"
2021-2025_869,2021-2025,"[('viral_ADJ',)]","[('Number',)]"
2021-2025_870,2021-2025,"[('viral_ADJ',)]","[('Number',)]"
2021-2025_871,2021-2025,"[('viral_ADJ',)]","[('Number',)]"
2021-2025_872,2021-2025,"[('viral_ADJ',)]","[('Number',)]"
2021-2025_873,2021-2025,"[('viral_ADJ',)]","[('Number',)]"
2021-2025_874,2021-2025,"[('viral_ADJ',)]","[('Number',)]"
2021-2025_875,2021-2025,"[('viral_ADJ',)]","[('Number',)]"
2021-2025_876,2021-2025,"[('viral_ADJ',)]","[('Number',)]"
2021-2025_877,2021-2025,"[('viral_ADJ',)]","[('Number',)]"
2021-2025_878,2021-2025,"[('viral_ADJ',)]","[('Number',)]"
2021-2025_879,2021-2025,"[('viral_ADJ',)]","[('Number',)]"
2021-2025_880,2021-2025,"[('viral_ADJ',)]","[('Number',)]"
2021-2025_881,2021-2025,"[('viral_ADJ',)]","[('Number',)]"
2021-2025_882,2021-2025,"[('viral_ADJ',)]","[('Number',)]"
2021-2025_883,2021-2025,"[('viral_ADJ',)]","[('Number',)]"
2021-2025_884,2021-2025,"[('viral_ADJ',)]","[('Number',)]"
2021-2025_885,2021-2025,"[('viral_ADJ',)]","[('Number',)]"
2021-2025_886,2021-2025,"[('viral_ADJ',)]","[('Number',)]"
2021-2025_887,2021-2025,"[('viral_ADJ',)]","[('Number',)]"
2021-2025_888,2021-2025,"[('viral_ADJ',)]","[('Number',)]"
2021-2025_889,2021-2025,"[('viral_ADJ',)]","[('Number',)]"
2021-2025_890,2021-2025,"[('viral_ADJ',)]","[('Number',)]"
2021-2025_891,2021-2025,"[('viral_ADJ',)]","[('Number',)]"
2021-2025_892,2021-2025,"[('viral_ADJ',)]","[('Number',)]"
2021-2025_893,2021-2025,"[('viral_ADJ',)]","[('Number',)]"
2021-2025_894,2021-2025,"[('viral_ADJ',)]","[('Number',)]"
2021-2025_895,2021-2025,"[('viral_ADJ',)]","[('Gender',)]"
2021-2025_896,2021-2025,"[('viral_ADJ',)]","[('Gender',)]"
2021-2025_897,2021-2025,"[('viral_ADJ',)]","[('Gender',)]"
2021-2025_898,2021-2025,"[('viral_ADJ',)]","[('Gender',)]"
2021-2025_899,2021-2025,"[('viral_ADJ',)]","[('Gender',)]"
2021-2025_900,2021-2025,"[('viral_ADJ',)]","[('Gender',)]"
2021-2025_901,2021-2025,"[('viral_ADJ',)]","[('Gender',)]"
2021-2025_902,2021-2025,"[('viral_ADJ',)]","[('Gender',)]"
2021-2025_903,2021-2025,"[('viral_ADJ',)]","[('Gender',)]"
2021-2025_904,2021-2025,"[('viral_ADJ',)]","[('Gender',)]"
2021-2025_905,2021-2025,"[('viral_ADJ',)]","[('Gender',)]"
2021-2025_906,2021-2025,"[('viral_ADJ',)]","[('Gender',)]"
2021-2025_907,2021-2025,"[('viral_ADJ',)]","[('Gender',)]"
2021-2025_908,2021-2025,"[('viral_ADJ',)]","[('Gender',)]"
2021-2025_909,2021-2025,"[('viral_ADJ',)]","[('Gender',)]"
2021-2025_910,2021-2025,"[('viral_ADJ',)]","[('Gender',)]"
2021-2025_911,2021-2025,"[('viral_ADJ',)]","[('Gender',)]"
2021-2025_912,2021-2025,"[('viral_ADJ',)]","[('Gender',)]"
2021-2025_913,2021-2025,"[('viral_ADJ',)]","[('Gender',)]"
2021-2025_914,2021-2025,"[('viral_ADJ',)]","[('Gender',)]"
2021-2025_915,2021-2025,"[('viral_ADJ',)]","[('Gender',)]"
2021-2025_916,2021-2025,"[('viral_ADJ',)]","[('Gender',)]"
2021-2025_917,2021-2025,"[('viral_ADJ',)]","[('Gender',)]"
2021-2025_918,2021-2025,"[('viral_ADJ',)]","[('Gender',)]"
2021-2025_919,2021-2025,"[('viral_ADJ',)]","[('Gender',)]"
2021-2025_920,2021-2025,"[('viral_ADJ',)]","[('Gender',)]"
2021-2025_921,2021-2025,"[('viral_ADJ',)]","[('Gender',)]"
2021-2025_922,2021-2025,"[('viral_ADJ',)]","[('Case',)]"
2021-2025_923,2021-2025,"[('viral_ADJ',)]","[('Case',)]"
2021-2025_924,2021-2025,"[('viral_ADJ',)]","[('Case',)]"
2021-2025_925,2021-2025,"[('viral_ADJ',)]","[('Case',)]"
2021-2025_926,2021-2025,"[('viral_ADJ',)]","[('Case',)]"
2021-2025_927,2021-2025,"[('viral_ADJ',)]","[('Case',)]"
2021-2025_928,2021-2025,"[('viral_ADJ',)]","[('Case',)]"
2021-2025_929,2021-2025,"[('viral_ADJ',)]","[('Case',)]"
2021-2025_930,2021-2025,"[('viral_ADJ',)]","[('Case',)]"
2021-2025_931,2021-2025,"[('viral_ADJ',)]","[('Case',)]"
2021-2025_932,2021-2025,"[('viral_ADJ',)]","[('Case',)]"
2021-2025_933,2021-2025,"[('viral_ADJ',)]","[('Case',)]"
2021-2025_934,2021-2025,"[('viral_ADJ',)]","[('Case',)]"
2021-2025_935,2021-2025,"[('viral_ADJ',)]","[('Case',)]"
2021-2025_936,2021-2025,"[('viral_ADJ',)]","[('Case',)]"
2021-2025_937,2021-2025,"[('viral_ADJ',)]","[('Case',)]"
2021-2025_938,2021-2025,"[('viral_ADJ',)]","[('Case',)]"
2021-2025_939,2021-2025,"[('viral_ADJ',)]","[('Case',)]"
2021-2025_940,2021-2025,"[('viral_ADJ',)]","[('Case',)]"
