id,subfolder,target,pa_amod,chi_conj,pa_advmod,chi_punct,chi_cc,pa_conj,chi_case,chi_det,pa_obl,chi_advmod,chi_advcl,chi_nsubj,chi_cop,chi_obl,pa_parataxis,chi_appos,chi_parataxis,pa_appos,pa_nmod,pa_acl,chi_acl,pa_advcl
viral/deu_news_1995_1M-sentences.txt/3589715,1995-2000,"[('viral/ADJ',)]","[('Gen',)]",[],[],[],[],[],[],[],[],[],[],[],[],[],[],[],[],[],[],[],[],[]
viral/deu_news_1995_1M-sentences.txt/5615020,1995-2000,"[('viral/ADJ',)]","[('Pyrogene',)]","[('bakterieller',)]",[],[],[],[],[],[],[],[],[],[],[],[],[],[],[],[],[],[],[],[]
viral/deu_news_1995_1M-sentences.txt/8050421,1995-2000,"[('viral/ADJ',)]","[('Systeme',)]","[('viroide',)]",[],[],[],[],[],[],[],[],[],[],[],[],[],[],[],[],[],[],[],[]
viral/deu_news_1995_1M-sentences.txt/9954933,1995-2000,"[('viral/ADJ',)]","[('Gentransfers',)]",[],[],[],[],[],[],[],[],[],[],[],[],[],[],[],[],[],[],[],[],[]
viral/deu_news_1995_1M-sentences.txt/10697085,1995-2000,"[('viral/ADJ',)]","[('Infektionen',)]",[],[],[],[],[],[],[],[],[],[],[],[],[],[],[],[],[],[],[],[],[]
viral/deu_news_1996_1M-sentences.txt/3064311,1995-2000,"[('viral/ADJ',)]","[('Erbmaterial',)]","[('bakteriellem',)]",[],[],[],[],[],[],[],[],[],[],[],[],[],[],[],[],[],[],[],[]
viral/deu_news_1996_1M-sentences.txt/4106465,1995-2000,"[('viral/ADJ',)]","[('Kerneiweißes',)]",[],[],[],[],[],[],[],[],[],[],[],[],[],[],[],[],[],[],[],[],[]
viral/deu_news_1996_1M-sentences.txt/9502685,1995-2000,"[('viral/ADJ',)]","[('Infekte',)]",[],[],[],[],[],[],[],[],[],[],[],[],[],[],[],[],[],[],[],[],[]
viral/deu_news_1996_1M-sentences.txt/12194428,1995-2000,"[('viral/ADJ',)]","[('Protein',)]",[],[],[],[],[],[],[],[],[],[],[],[],[],[],[],[],[],[],[],[],[]
viral/deu_news_1996_1M-sentences.txt/13150162,1995-2000,"[('viral/ADJ',)]","[('Erbinformation',)]",[],[],[],[],[],[],[],[],[],[],[],[],[],[],[],[],[],[],[],[],[]
viral/deu_news_1996_1M-sentences.txt/15255121,1995-2000,"[('viral/ADJ',)]","[('Tumorentstehung',)]",[],[],[],[],[],[],[],[],[],[],[],[],[],[],[],[],[],[],[],[],[]
viral/deu_news_1996_1M-sentences.txt/17057573,1995-2000,"[('viral/ADJ',)]","[('Enzym',)]",[],[],[],[],[],[],[],[],[],[],[],[],[],[],[],[],[],[],[],[],[]
viral/deu_news_1996_1M-sentences.txt/18120235,1995-2000,"[('viral/ADJ',)]","[('Laryngitis',)]",[],[],[],[],[],[],[],[],[],[],[],[],[],[],[],[],[],[],[],[],[]
viral/deu_news_1996_1M-sentences.txt/21052100,1995-2000,"[('viral/ADJ',)]","[('Genfähren',)]",[],[],[],[],[],[],[],[],[],[],[],[],[],[],[],[],[],[],[],[],[]
viral/deu_news_1997_1M-sentences.txt/4524115,1995-2000,"[('viral/ADJ',)]","[('Waffen',)]",[],[],[],[],[],[],[],[],[],[],[],[],[],[],[],[],[],[],[],[],[]
viral/deu_news_1997_1M-sentences.txt/5056473,1995-2000,"[('viral/ADJ',)]","[('Substanz',)]",[],[],[],[],[],[],[],[],[],[],[],[],[],[],[],[],[],[],[],[],[]
viral/deu_news_1997_1M-sentences.txt/11996636,1995-2000,"[('viral/ADJ',)]","[('Infektionen',)]","[('bakterielle',)]",[],[],[],[],[],[],[],[],[],[],[],[],[],[],[],[],[],[],[],[]
viral/deu_news_1997_1M-sentences.txt/13412112,1995-2000,"[('viral/ADJ',)]","[('Infektionen',)]",[],[],[],[],[],[],[],[],[],[],[],[],[],[],[],[],[],[],[],[],[]
viral/deu_news_1997_1M-sentences.txt/15691014,1995-2000,"[('viral/ADJ',)]","[('Fieber',)]",[],[],[],[],[],[],[],[],[],[],[],[],[],[],[],[],[],[],[],[],[]
viral/deu_news_1997_1M-sentences.txt/16908801,1995-2000,"[('viral/ADJ',)]",[],[],[],[],"[('oder',)]","[('bakterieller',)]",[],[],[],[],[],[],[],[],[],[],[],[],[],[],[],[]
viral/deu_news_1997_1M-sentences.txt/18715024,1995-2000,"[('viral/ADJ',)]","[('Kniffe',)]",[],[],[],[],[],[],[],[],[],[],[],[],[],[],[],[],[],[],[],[],[]
viral/deu_news_1997_1M-sentences.txt/19802223,1995-2000,"[('viral/ADJ',)]","[('Übeltäter',)]",[],[],[],[],[],[],[],[],[],[],[],[],[],[],[],[],[],[],[],[],[]
viral/deu_news_1998_1M-sentences.txt/1524439,1995-2000,"[('viral/ADJ',)]","[('DNA',)]",[],[],[],[],[],[],[],[],[],[],[],[],[],[],[],[],[],[],[],[],[]
viral/deu_news_1998_1M-sentences.txt/1817762,1995-2000,"[('viral/ADJ',)]","[('Infektion',)]",[],[],[],[],[],[],[],[],[],[],[],[],[],[],[],[],[],[],[],[],[]
viral/deu_news_1998_1M-sentences.txt/2182719,1995-2000,"[('viral/ADJ',)]","[('Herzerkrankungen',)]",[],[],[],[],[],[],[],[],[],[],[],[],[],[],[],[],[],[],[],[],[]
viral/deu_news_1998_1M-sentences.txt/5303362,1995-2000,"[('viral/ADJ',)]","[('Tierkrankheiten',)]",[],[],[],[],[],[],[],[],[],[],[],[],[],[],[],[],[],[],[],[],[]
viral/deu_news_1998_1M-sentences.txt/12712893,1995-2000,"[('viral/ADJ',)]","[('Erkrankungen',)]",[],[],[],[],[],[],[],[],[],[],[],[],[],[],[],[],[],[],[],[],[]
viral/deu_news_1998_1M-sentences.txt/14232057,1995-2000,"[('viral/ADJ',)]","[('Vektortransfer',)]",[],[],[],[],[],[],[],[],[],[],[],[],[],[],[],[],[],[],[],[],[]
viral/deu_news_1998_1M-sentences.txt/16364544,1995-2000,"[('viral/ADJ',)]","[('Genen',)]",[],[],[],[],[],[],[],[],[],[],[],[],[],[],[],[],[],[],[],[],[]
viral/deu_news_1998_1M-sentences.txt/16627963,1995-2000,"[('viral/ADJ',)]",[],"[('Transkriptionsfaktor',)]",[],[],[],[],"[('aus',)]","[('einem',)]","[('besteht',)]",[],[],[],[],[],[],[],[],[],[],[],[],[]
viral/deu_news_1998_1M-sentences.txt/19275385,1995-2000,"[('viral/ADJ',)]","[('Erreger',)]",[],[],[],[],[],[],[],[],[],[],[],[],[],[],[],[],[],[],[],[],[]
viral/deu_news_1998_1M-sentences.txt/20201169,1995-2000,"[('viral/ADJ',)]","[('Effekt',)]",[],[],[],[],[],[],[],[],[],[],[],[],[],[],[],[],[],[],[],[],[]
viral/deu_news_1999_1M-sentences.txt/1594055,1995-2000,"[('viral/ADJ',)]","[('Proteins',)]",[],[],[],[],[],[],[],[],[],[],[],[],[],[],[],[],[],[],[],[],[]
viral/deu_news_1999_1M-sentences.txt/3173962,1995-2000,"[('viral/ADJ',)]","[('Infekte',)]",[],[],[],[],[],[],[],[],[],[],[],[],[],[],[],[],[],[],[],[],[]
viral/deu_news_1999_1M-sentences.txt/3601469,1995-2000,"[('viral/ADJ',)]",[],[],"[('hämorrhagisches',)]","[('-',)]",[],[],[],[],[],[],[],[],[],[],[],[],[],[],[],[],[],[]
viral/deu_news_1999_1M-sentences.txt/3729842,1995-2000,"[('viral/ADJ',)]","[('Oberflächenmoleküle',)]",[],[],[],[],[],[],[],[],[],[],[],[],[],[],[],[],[],[],[],[],[]
viral/deu_news_1999_1M-sentences.txt/6933848,1995-2000,"[('viral/ADJ',)]","[('DNA',)]",[],[],[],[],[],[],[],[],[],[],[],[],[],[],[],[],[],[],[],[],[]
viral/deu_news_1999_1M-sentences.txt/7404422,1995-2000,"[('viral/ADJ',)]","[('Gene',)]",[],[],[],[],[],[],[],[],[],[],[],[],[],[],[],[],[],[],[],[],[]
viral/deu_news_1999_1M-sentences.txt/7835262,1995-2000,"[('viral/ADJ',)]",[],[],"[('hämorrhagischen',)]","[('-',)]",[],[],[],[],[],[],[],[],[],[],[],[],[],[],[],[],[],[]
viral/deu_news_1999_1M-sentences.txt/10895798,1995-2000,"[('viral/ADJ',)]","[('Proteinen',)]",[],[],[],[],[],[],[],[],[],[],[],[],[],[],[],[],[],[],[],[],[]
viral/deu_news_1999_1M-sentences.txt/13084249,1995-2000,"[('viral/ADJ',)]",[],[],"[('hämorrhagischen',)]","[('-',)]",[],[],[],[],[],[],[],[],[],[],[],[],[],[],[],[],[],[]
viral/deu_news_1999_1M-sentences.txt/13420633,1995-2000,"[('viral/ADJ',)]","[('Gene',)]",[],[],[],[],[],[],[],[],[],[],[],[],[],[],[],[],[],[],[],[],[]
viral/deu_news_1999_1M-sentences.txt/20304589,1995-2000,"[('viral/ADJ',)]","[('Gene',)]",[],[],[],[],[],[],[],[],[],[],[],[],[],[],[],[],[],[],[],[],[]
viral/deu_news_2000_1M-sentences.txt/7235552,1995-2000,"[('viral/ADJ',)]","[('Erbgut',)]",[],[],[],[],[],[],[],[],[],[],[],[],[],[],[],[],[],[],[],[],[]
viral/deu_news_2000_1M-sentences.txt/13598049,1995-2000,"[('viral/ADJ',)]","[('Übeltäter',)]",[],[],[],[],[],[],[],[],[],[],[],[],[],[],[],[],[],[],[],[],[]
viral/deu_news_2000_1M-sentences.txt/16067254,1995-2000,"[('viral/ADJ',)]","[('Genfähren',)]",[],[],[],[],[],[],[],[],[],[],[],[],[],[],[],[],[],[],[],[],[]
viral/deu_news_2000_1M-sentences.txt/18851215,1995-2000,"[('viral/ADJ',)]","[('Marketing',)]",[],[],[],[],[],[],[],[],[],[],[],[],[],[],[],[],[],[],[],[],[]
viral/deu_news_2001_1M-sentences.txt/1879332,2001-2005,"[('viral/ADJ',)]","[('Meningitis',)]",[],[],[],[],[],[],[],[],[],[],[],[],[],[],[],[],[],[],[],[],[]
viral/deu_news_2001_1M-sentences.txt/5785001,2001-2005,"[('viral/ADJ',)]","[('Effekt',)]",[],[],[],[],[],[],[],[],[],[],[],[],[],[],[],[],[],[],[],[],[]
viral/deu_news_2001_1M-sentences.txt/7584000,2001-2005,"[('viral/ADJ',)]","[('Marketing',)]",[],[],"[('""',), ('""',)]",[],[],[],[],[],[],[],[],[],[],[],[],[],[],[],[],[],[]
viral/deu_news_2001_1M-sentences.txt/11701383,2001-2005,"[('viral/ADJ',)]",[],[],[],[],"[('oder',)]","[('bakterieller',)]",[],[],[],[],[],[],[],[],[],[],[],[],[],[],[],[]
viral/deu_news_2001_1M-sentences.txt/17819656,2001-2005,"[('viral/ADJ',)]","[('Eiweiße',)]",[],[],[],[],[],[],[],[],[],[],[],[],[],[],[],[],[],[],[],[],[]
viral/deu_news_2002_1M-sentences.txt/4116105,2001-2005,"[('viral/ADJ',)]",[],[],[],[],"[('und',)]","[('bakterielle',)]",[],[],[],[],[],[],[],[],[],[],[],[],[],[],[],[]
viral/deu_news_2002_1M-sentences.txt/19844013,2001-2005,"[('viral/ADJ',)]",[],[],"[('werden',)]",[],[],[],[],[],[],[],[],[],[],[],[],[],[],[],[],[],[],[]
viral/deu_news_2002_1M-sentences.txt/21229073,2001-2005,"[('viral/ADJ',)]","[('Erbsubstanz',)]",[],[],[],[],[],[],[],[],[],[],[],[],[],[],[],[],[],[],[],[],[]
viral/deu_news_2003_1M-sentences.txt/670116,2001-2005,"[('viral/ADJ',)]","[('Erbguts',)]",[],[],[],[],[],[],[],[],[],[],[],[],[],[],[],[],[],[],[],[],[]
viral/deu_news_2003_1M-sentences.txt/5672607,2001-2005,"[('viral/ADJ',)]","[('Giftstoffen',)]",[],[],[],[],[],[],[],[],[],[],[],[],[],[],[],[],[],[],[],[],[]
viral/deu_news_2003_1M-sentences.txt/10575363,2001-2005,"[('viral/ADJ',)]","[('Telekommunikation',)]",[],[],[],[],[],[],[],[],[],[],[],[],[],[],[],[],[],[],[],[],[]
viral/deu_news_2003_1M-sentences.txt/13092146,2001-2005,"[('viral/ADJ',)]","[('Infektionskrankheiten',)]",[],[],[],[],[],[],[],[],[],[],[],[],[],[],[],[],[],[],[],[],[]
viral/deu_news_2003_1M-sentences.txt/15649124,2001-2005,"[('viral/ADJ',)]","[('Genoms',)]",[],[],[],[],[],[],[],[],[],[],[],[],[],[],[],[],[],[],[],[],[]
viral/deu_news_2003_1M-sentences.txt/17193930,2001-2005,"[('viral/ADJ',)]","[('Enzym',)]",[],[],[],[],[],[],[],[],[],[],[],[],[],[],[],[],[],[],[],[],[]
viral/deu_news_2004_1M-sentences.txt/1313144,2001-2005,"[('viral/ADJ',)]","[('Marketing',)]",[],[],[],[],[],[],[],[],[],[],[],[],[],[],[],[],[],[],[],[],[]
viral/deu_news_2004_1M-sentences.txt/2288140,2001-2005,"[('viral/ADJ',)]","[('Infektionen',)]",[],[],[],[],[],[],[],[],[],[],[],[],[],[],[],[],[],[],[],[],[]
viral/deu_news_2004_1M-sentences.txt/4966661,2001-2005,"[('viral/ADJ',)]","[('Mischlinge',)]",[],[],[],[],[],[],[],[],[],[],[],[],[],[],[],[],[],[],[],[],[]
viral/deu_news_2004_1M-sentences.txt/5656397,2001-2005,"[('viral/ADJ',)]","[('Leberentzündung',)]",[],[],[],[],[],[],[],[],[],[],[],[],[],[],[],[],[],[],[],[],[]
viral/deu_news_2004_1M-sentences.txt/6723519,2001-2005,"[('viral/ADJ',)]","[('Meningitis',)]",[],[],[],[],[],[],[],[],[],[],[],[],[],[],[],[],[],[],[],[],[]
viral/deu_news_2004_1M-sentences.txt/16887708,2001-2005,"[('viral/ADJ',)]","[('Marketing',)]",[],[],[],[],[],[],[],[],[],[],[],[],[],[],[],[],[],[],[],[],[]
viral/deu_news_2005_1M-sentences.txt/1360316,2001-2005,"[('viral/ADJ',)]","[('Marketing',)]",[],[],[],[],[],[],[],[],"[('eingedeutscht',)]",[],[],[],[],[],[],[],[],[],[],[],[]
viral/deu_news_2005_1M-sentences.txt/4469061,2001-2005,"[('viral/ADJ',)]","[('Marketing',)]",[],[],[],[],[],[],[],[],[],[],[],[],[],[],[],[],[],[],[],[],[]
viral/deu_news_2005_1M-sentences.txt/4562996,2001-2005,"[('viral/ADJ',)]","[('Therapie',)]",[],[],[],[],[],[],[],[],[],[],[],[],[],[],[],[],[],[],[],[],[]
viral/deu_news_2005_1M-sentences.txt/8283451,2001-2005,"[('viral/ADJ',)]","[('Meningitis',)]",[],[],[],[],[],[],[],[],[],[],[],[],[],[],[],[],[],[],[],[],[]
viral/deu_news_2005_1M-sentences.txt/10489529,2001-2005,"[('viral/ADJ',)]","[('Meningitis',)]",[],[],[],[],[],[],[],[],[],[],[],[],[],[],[],[],[],[],[],[],[]
viral/deu_news_2005_1M-sentences.txt/11178315,2001-2005,"[('viral/ADJ',)]","[('Infektionsfitneß',)]",[],[],[],[],[],[],[],[],[],[],[],[],[],[],[],[],[],[],[],[],[]
viral/deu_news_2005_1M-sentences.txt/12282941,2001-2005,"[('viral/ADJ',)]","[('Impfstoff',)]",[],[],[],[],[],[],[],[],[],[],[],[],[],[],[],[],[],[],[],[],[]
viral/deu_news_2005_1M-sentences.txt/14361344,2001-2005,"[('viral/ADJ',)]","[('Marketing',)]",[],[],[],[],[],[],[],[],[],[],[],[],[],[],[],[],[],[],[],[],[]
viral/deu_news_2005_1M-sentences.txt/16665440,2001-2005,"[('viral/ADJ',)]","[('Erbsubstanz',)]",[],[],[],[],[],[],[],[],[],[],[],[],[],[],[],[],[],[],[],[],[]
viral/deu_news_2005_1M-sentences.txt/20599550,2001-2005,"[('viral/ADJ',)]","[('Erreger',)]",[],[],[],[],[],[],[],[],[],[],[],[],[],[],[],[],[],[],[],[],[]
viral/deu_news_2006_1M-sentences.txt/3679568,2006-2010,"[('viral/ADJ',)]","[('Marketing',)]",[],[],[],[],[],[],[],[],[],[],[],[],[],[],[],[],[],[],[],[],[]
viral/deu_news_2006_1M-sentences.txt/4409697,2006-2010,"[('viral/ADJ',)]","[('Werbung',)]",[],[],[],[],[],[],[],[],[],[],[],[],[],[],[],[],[],[],[],[],[]
viral/deu_news_2006_1M-sentences.txt/7419689,2006-2010,"[('viral/ADJ',)]","[('Werbekampagne',)]",[],[],[],[],[],[],[],[],[],[],[],[],[],[],[],[],[],[],[],[],[]
viral/deu_news_2006_1M-sentences.txt/7539382,2006-2010,"[('viral/ADJ',)]","[('Marketing',)]",[],[],[],[],[],[],[],[],[],[],[],[],[],[],[],[],[],[],[],[],[]
viral/deu_news_2006_1M-sentences.txt/9359505,2006-2010,"[('viral/ADJ',)]","[('Kampagnen',)]",[],[],[],[],[],[],[],[],[],[],[],[],[],[],[],[],[],[],[],[],[]
viral/deu_news_2006_1M-sentences.txt/15117942,2006-2010,"[('viral/ADJ',)]","[('Guerilla',)]",[],[],[],[],[],[],[],[],[],[],[],[],[],[],[],[],[],[],[],[],[]
viral/deu_news_2006_1M-sentences.txt/18522752,2006-2010,"[('viral/ADJ',)]","[('Kampagnen',)]",[],[],[],[],[],[],[],[],[],[],[],[],[],[],[],[],[],[],[],[],[]
viral/deu_news_2006_1M-sentences.txt/19704802,2006-2010,"[('viral/ADJ',)]","[('Marketing',)]",[],[],[],[],[],[],[],[],[],[],[],[],[],[],[],[],[],[],[],[],[]
viral/deu_news_2006_1M-sentences.txt/21112661,2006-2010,"[('viral/ADJ',)]","[('Vermarktern',)]",[],[],[],[],[],[],[],[],[],[],[],[],[],[],[],[],[],[],[],[],[]
viral/deu_news_2007_1M-sentences.txt/380258,2006-2010,"[('viral/ADJ',)]","[('Verbreitung',)]",[],[],[],[],[],[],[],[],[],[],[],[],[],[],[],[],[],[],[],[],[]
viral/deu_news_2007_1M-sentences.txt/991199,2006-2010,"[('viral/ADJ',)]","[('Expansion',)]",[],[],[],[],[],[],[],[],[],[],[],[],[],[],[],[],[],[],[],[],[]
viral/deu_news_2007_1M-sentences.txt/1182562,2006-2010,"[('viral/ADJ',)]","[('Marketing',)]",[],[],[],[],[],[],[],[],[],[],[],[],[],[],[],[],[],[],[],[],[]
viral/deu_news_2007_1M-sentences.txt/1448609,2006-2010,"[('viral/ADJ',)]","[('Verbreitung',)]",[],[],[],[],[],[],[],[],[],[],[],[],[],[],[],[],[],[],[],[],[]
viral/deu_news_2007_1M-sentences.txt/1687729,2006-2010,"[('viral/ADJ',)]","[('Marketing',)]",[],[],[],[],[],[],[],[],[],[],[],[],[],[],[],[],[],[],[],[],[]
viral/deu_news_2007_1M-sentences.txt/2397251,2006-2010,"[('viral/ADJ',)]","[('Zelle',)]",[],[],[],"[('oder',)]",[],[],[],[],[],[],[],[],[],[],[],[],[],[],[],[],[]
viral/deu_news_2007_1M-sentences.txt/2827917,2006-2010,"[('viral/ADJ',)]","[('Marketing',)]",[],[],[],[],[],[],[],[],[],[],[],[],[],[],[],[],[],[],[],[],[]
viral/deu_news_2007_1M-sentences.txt/4113530,2006-2010,"[('viral/ADJ',)]","[('Marketing',)]",[],[],[],[],[],[],[],[],[],[],[],[],[],[],[],[],[],[],[],[],[]
viral/deu_news_2007_1M-sentences.txt/5171407,2006-2010,"[('viral/ADJ',)]","[('Marketing',)]",[],[],[],[],[],[],[],[],[],[],[],[],[],[],[],[],[],[],[],[],[]
viral/deu_news_2007_1M-sentences.txt/5310555,2006-2010,"[('viral/ADJ',)]","[('Infektion',)]",[],[],[],[],[],[],[],[],[],[],[],[],[],[],[],[],[],[],[],[],[]
viral/deu_news_2007_1M-sentences.txt/5648075,2006-2010,"[('viral/ADJ',)]",[],[],"[('verbreiten',)]",[],[],[],[],[],[],[],[],[],[],[],[],[],[],[],[],[],[],[]
viral/deu_news_2007_1M-sentences.txt/5658320,2006-2010,"[('viral/ADJ',)]","[('Marketing',)]",[],[],[],[],[],[],[],[],[],[],[],[],[],[],[],[],[],[],[],[],[]
viral/deu_news_2007_1M-sentences.txt/5658348,2006-2010,"[('viral/ADJ',)]","[('Marketing',)]",[],[],[],[],[],[],[],[],[],[],[],[],[],[],[],[],[],[],[],[],[]
viral/deu_news_2007_1M-sentences.txt/10827643,2006-2010,"[('viral/ADJ',)]","[('Systemen',)]",[],[],[],[],[],[],[],[],[],[],[],[],[],[],[],[],[],[],[],[],[]
viral/deu_news_2007_1M-sentences.txt/11431523,2006-2010,"[('viral/ADJ',)]","[('Marketing',)]",[],[],[],[],[],[],[],[],[],[],[],[],[],[],[],[],[],[],[],[],[]
viral/deu_news_2007_1M-sentences.txt/12477474,2006-2010,"[('viral/ADJ',)]","[('Marketing',)]",[],[],[],[],[],[],[],[],[],[],[],[],[],[],[],[],[],[],[],[],[]
viral/deu_news_2007_1M-sentences.txt/14058795,2006-2010,"[('viral/ADJ',)]",[],[],[],[],"[('oder',)]","[('genetischen',)]",[],[],[],[],[],[],[],[],[],[],[],[],[],[],[],[]
viral/deu_news_2007_1M-sentences.txt/14452514,2006-2010,"[('viral/ADJ',)]","[('Kampagnen',)]",[],[],[],[],[],[],[],[],[],[],[],[],[],[],[],[],[],[],[],[],[]
viral/deu_news_2007_1M-sentences.txt/15283432,2006-2010,"[('viral/ADJ',)]","[('Protein',)]",[],[],[],[],[],[],[],[],[],[],[],[],[],[],[],[],[],[],[],[],[]
viral/deu_news_2007_1M-sentences.txt/17131839,2006-2010,"[('viral/ADJ',)]","[('Nachricht',)]",[],[],[],[],[],[],[],[],[],[],[],[],[],[],[],[],[],[],[],[],[]
viral/deu_news_2007_1M-sentences.txt/18236057,2006-2010,"[('viral/ADJ',)]","[('Marketing',)]",[],[],[],[],[],[],[],[],[],[],[],[],[],[],[],[],[],[],[],[],[]
viral/deu_news_2007_1M-sentences.txt/18630035,2006-2010,"[('viral/ADJ',)]","[('Kampagnen',)]",[],[],[],[],[],[],[],[],[],[],[],[],[],[],[],[],[],[],[],[],[]
viral/deu_news_2007_1M-sentences.txt/19514967,2006-2010,"[('viral/ADJ',)]","[('Verbreitung',)]",[],[],[],[],[],[],[],[],[],[],[],[],[],[],[],[],[],[],[],[],[]
viral/deu_news_2007_1M-sentences.txt/20126650,2006-2010,"[('viral/ADJ',)]","[('Faktoren',)]",[],[],[],[],[],[],[],[],[],[],[],[],[],[],[],[],[],[],[],[],[]
viral/deu_news_2008_1M-sentences.txt/683266,2006-2010,"[('viral/ADJ',)]","[('Kampagnen',)]",[],[],[],[],[],[],[],[],[],[],[],[],[],[],[],[],[],[],[],[],[]
viral/deu_news_2008_1M-sentences.txt/1744141,2006-2010,"[('viral/ADJ',)]","[('Sport',)]",[],[],[],[],[],[],[],[],[],[],[],[],[],[],[],[],[],[],[],[],[]
viral/deu_news_2008_1M-sentences.txt/1883536,2006-2010,"[('viral/ADJ',)]","[('Infektion',)]",[],[],[],[],[],[],[],[],[],[],[],[],[],[],[],[],[],[],[],[],[]
viral/deu_news_2008_1M-sentences.txt/1883542,2006-2010,"[('viral/ADJ',)]","[('Hüllproteins',)]",[],[],[],[],[],[],[],[],[],[],[],[],[],[],[],[],[],[],[],[],[]
viral/deu_news_2008_1M-sentences.txt/2324291,2006-2010,"[('viral/ADJ',)]","[('Werbekampagne',)]",[],[],[],[],[],[],[],[],[],[],[],[],[],[],[],[],[],[],[],[],[]
viral/deu_news_2008_1M-sentences.txt/2817365,2006-2010,"[('viral/ADJ',)]","[('Verbreitungswege',)]",[],[],[],[],[],[],[],[],[],[],[],[],[],[],[],[],[],[],[],[],[]
viral/deu_news_2008_1M-sentences.txt/4953399,2006-2010,"[('viral/ADJ',)]","[('Marketing',)]",[],[],[],[],[],[],[],[],[],[],[],[],[],[],[],[],[],[],[],[],[]
viral/deu_news_2008_1M-sentences.txt/5145561,2006-2010,"[('viral/ADJ',)]","[('Marketing',)]",[],[],[],[],[],[],[],[],[],[],[],[],[],[],[],[],[],[],[],[],[]
viral/deu_news_2008_1M-sentences.txt/5959202,2006-2010,"[('viral/ADJ',)]","[('Protein',)]",[],[],[],[],[],[],[],[],[],[],[],[],[],[],[],[],[],[],[],[],[]
viral/deu_news_2008_1M-sentences.txt/6718578,2006-2010,"[('viral/ADJ',)]","[('Kraft',)]",[],[],[],[],[],[],[],[],[],[],[],[],[],[],[],[],[],[],[],[],[]
viral/deu_news_2008_1M-sentences.txt/7635999,2006-2010,"[('viral/ADJ',)]","[('Love',)]",[],[],[],[],[],[],[],[],[],[],[],[],[],[],[],[],[],[],[],[],[]
viral/deu_news_2008_1M-sentences.txt/9322854,2006-2010,"[('viral/ADJ',)]","[('Effekte',)]",[],[],[],[],[],[],[],[],[],[],[],[],[],[],[],[],[],[],[],[],[]
viral/deu_news_2008_1M-sentences.txt/9575682,2006-2010,"[('viral/ADJ',)]","[('Proteinen',)]",[],[],[],[],[],[],[],[],[],[],[],[],[],[],[],[],[],[],[],[],[]
viral/deu_news_2008_1M-sentences.txt/10029425,2006-2010,"[('viral/ADJ',)]","[('Marketing',)]",[],[],[],[],[],[],[],[],[],[],[],[],[],[],[],[],[],[],[],[],[]
viral/deu_news_2008_1M-sentences.txt/10588647,2006-2010,"[('viral/ADJ',)]","[('Kampagnen',)]",[],[],[],[],[],[],[],[],[],[],[],[],[],[],[],[],[],[],[],[],[]
viral/deu_news_2008_1M-sentences.txt/12019074,2006-2010,"[('viral/ADJ',)]","[('Infektionen',)]",[],[],[],[],[],[],[],[],[],[],[],[],[],[],[],[],[],[],[],[],[]
viral/deu_news_2008_1M-sentences.txt/12182909,2006-2010,"[('viral/ADJ',)]","[('Verbreitung',)]",[],[],[],[],[],[],[],[],[],[],[],[],[],[],[],[],[],[],[],[],[]
viral/deu_news_2008_1M-sentences.txt/12640060,2006-2010,"[('viral/ADJ',)]","[('Infektionskrankheiten',)]",[],[],[],[],[],[],[],[],[],[],[],[],[],[],[],[],[],[],[],[],[]
viral/deu_news_2008_1M-sentences.txt/13133630,2006-2010,"[('viral/ADJ',)]","[('Infektionskrankheit',)]",[],[],[],[],[],[],[],[],[],[],[],[],[],[],[],[],[],[],[],[],[]
viral/deu_news_2008_1M-sentences.txt/13515141,2006-2010,"[('viral/ADJ',)]","[('Marketings',)]",[],[],[],[],[],[],[],[],[],[],[],[],[],[],[],[],[],[],[],[],[]
viral/deu_news_2008_1M-sentences.txt/14449081,2006-2010,"[('viral/ADJ',)]","[('Marketings',)]",[],[],[],[],[],[],[],[],[],[],[],[],[],[],[],[],[],[],[],[],[]
viral/deu_news_2008_1M-sentences.txt/14905049,2006-2010,"[('viral/ADJ',)]","[('Mechanismus',)]",[],[],[],[],[],[],[],[],[],[],[],[],[],[],[],[],[],[],[],[],[]
viral/deu_news_2008_1M-sentences.txt/15372618,2006-2010,"[('viral/ADJ',)]",[],[],[],[],"[('oder',)]","[('bakteriellen',)]",[],[],[],[],[],[],[],[],[],[],[],[],[],[],[],[]
viral/deu_news_2008_1M-sentences.txt/15483692,2006-2010,"[('viral/ADJ',)]","[('Kampagnen',)]",[],[],[],[],[],[],[],[],[],[],[],[],[],[],[],[],[],[],[],[],[]
viral/deu_news_2008_1M-sentences.txt/16872932,2006-2010,"[('viral/ADJ',)]","[('Vektortechnologie',)]",[],[],[],[],[],[],[],[],[],[],[],[],[],[],[],[],[],[],[],[],[]
viral/deu_news_2008_1M-sentences.txt/16901915,2006-2010,"[('viral/ADJ',)]","[('Marketings',)]",[],[],[],[],[],[],[],[],[],[],[],[],[],[],[],[],[],[],[],[],[]
viral/deu_news_2008_1M-sentences.txt/19294344,2006-2010,"[('viral/ADJ',)]","[('Marketing',)]",[],[],[],[],[],[],[],[],[],[],[],[],[],[],[],[],[],[],[],[],[]
viral/deu_news_2008_1M-sentences.txt/20571761,2006-2010,"[('viral/ADJ',)]","[('Commercials',)]",[],[],[],[],[],[],[],[],[],[],[],[],[],[],[],[],[],[],[],[],[]
viral/deu_news_2009_1M-sentences.txt/3555491,2006-2010,"[('viral/ADJ',)]","[('Ansprechrate',)]",[],[],[],[],[],[],[],[],[],[],[],[],[],[],[],[],[],[],[],[],[]
viral/deu_news_2009_1M-sentences.txt/5137074,2006-2010,"[('viral/ADJ',)]",[],[],"[('verbreitet',)]",[],[],[],[],[],[],[],[],[],[],[],[],[],[],[],[],[],[],[]
viral/deu_news_2009_1M-sentences.txt/6450691,2006-2010,"[('viral/ADJ',)]","[('Filmformat',)]",[],[],[],[],[],[],[],[],[],[],[],[],[],[],[],[],[],[],[],[],[]
viral/deu_news_2009_1M-sentences.txt/8350331,2006-2010,"[('viral/ADJ',)]","[('Souvenirs',)]",[],[],[],[],[],[],[],[],[],[],[],[],[],[],[],[],[],[],[],[],[]
viral/deu_news_2009_1M-sentences.txt/9659503,2006-2010,"[('viral/ADJ',)]","[('Kommunikation',)]",[],[],[],[],[],[],[],[],[],[],[],[],[],[],[],[],[],[],[],[],[]
viral/deu_news_2009_1M-sentences.txt/9700947,2006-2010,"[('viral/ADJ',)]","[('Spots',)]",[],[],[],[],[],[],[],[],[],[],[],[],[],[],[],[],[],[],[],[],[]
viral/deu_news_2009_1M-sentences.txt/9987762,2006-2010,"[('viral/ADJ',)]","[('Effekte',)]",[],[],[],[],[],[],[],[],[],[],[],[],[],[],[],[],[],[],[],[],[]
viral/deu_news_2009_1M-sentences.txt/10093766,2006-2010,"[('viral/ADJ',)]","[('Marketingkampagne',)]",[],[],[],[],[],[],[],[],[],[],[],[],[],[],[],[],[],[],[],[],[]
viral/deu_news_2009_1M-sentences.txt/12877026,2006-2010,"[('viral/ADJ',)]","[('Marketing',)]",[],[],[],[],[],[],[],[],[],[],[],[],[],[],[],[],[],[],[],[],[]
viral/deu_news_2009_1M-sentences.txt/13174135,2006-2010,"[('viral/ADJ',)]",[],[],"[('attackierte',)]",[],[],[],[],[],[],[],[],[],[],[],[],[],[],[],[],[],[],[]
viral/deu_news_2009_1M-sentences.txt/14046797,2006-2010,"[('viral/ADJ',)]","[('Filme',)]",[],[],[],[],[],[],[],[],[],[],[],[],[],[],[],[],[],[],[],[],[]
viral/deu_news_2009_1M-sentences.txt/15078302,2006-2010,"[('viral/ADJ',)]","[('Effekte',)]",[],[],[],[],[],[],[],[],[],[],[],[],[],[],[],[],[],[],[],[],[]
viral/deu_news_2009_1M-sentences.txt/15354902,2006-2010,"[('viral/ADJ',)]","[('Pneumonie',)]",[],[],[],[],[],[],[],[],[],[],[],[],[],[],[],[],[],[],[],[],[]
viral/deu_news_2009_1M-sentences.txt/15460843,2006-2010,"[('viral/ADJ',)]","[('Infektion',)]",[],[],[],[],[],[],[],[],[],[],[],[],[],[],[],[],[],[],[],[],[]
viral/deu_news_2009_1M-sentences.txt/15923952,2006-2010,"[('viral/ADJ',)]",[],[],"[('verbreitet',)]",[],[],[],[],[],[],[],[],[],[],[],[],[],[],[],[],[],[],[]
viral/deu_news_2009_1M-sentences.txt/16275439,2006-2010,"[('viral/ADJ',)]",[],[],"[('verbreiten',)]",[],[],[],[],[],[],[],[],[],[],[],[],[],[],[],[],[],[],[]
viral/deu_news_2009_1M-sentences.txt/16784780,2006-2010,"[('viral/ADJ',)]","[('Ätiologie',)]",[],[],[],[],[],[],[],[],[],[],[],[],[],[],[],[],[],[],[],[],[]
viral/deu_news_2009_1M-sentences.txt/17073154,2006-2010,"[('viral/ADJ',)]","[('Marketing',)]",[],[],[],[],[],[],[],[],[],[],[],[],[],[],[],[],[],[],[],[],[]
viral/deu_news_2009_1M-sentences.txt/18094560,2006-2010,"[('viral/ADJ',)]","[('Ätiologie',)]",[],[],[],[],[],[],[],[],[],[],[],[],[],[],[],[],[],[],[],[],[]
viral/deu_news_2009_1M-sentences.txt/18148208,2006-2010,"[('viral/ADJ',)]","[('Infektionen',)]",[],[],[],[],[],[],[],[],[],[],[],[],[],[],[],[],[],[],[],[],[]
viral/deu_news_2009_1M-sentences.txt/18738552,2006-2010,"[('viral/ADJ',)]","[('Eiweiß',)]",[],[],[],[],[],[],[],[],[],[],[],[],[],[],[],[],[],[],[],[],[]
viral/deu_news_2009_1M-sentences.txt/18754210,2006-2010,"[('viral/ADJ',)]","[('Aktionen',)]",[],[],[],[],[],[],[],[],[],[],[],[],[],[],[],[],[],[],[],[],[]
viral/deu_news_2009_1M-sentences.txt/20772323,2006-2010,"[('viral/ADJ',)]","[('Ansteckungsrisiko',)]",[],[],[],[],[],[],[],[],[],[],[],[],[],[],[],[],[],[],[],[],[]
viral/deu_news_2010_1M-sentences.txt/811611,2006-2010,"[('viral/ADJ',)]","[('Vektor',)]",[],[],[],[],[],[],[],[],[],[],[],[],[],[],[],[],[],[],[],[],[]
viral/deu_news_2010_1M-sentences.txt/1986770,2006-2010,"[('viral/ADJ',)]","[('Lungenentzündung',)]",[],[],[],[],[],[],[],[],[],[],[],[],[],[],[],[],[],[],[],[],[]
viral/deu_news_2010_1M-sentences.txt/2167739,2006-2010,"[('viral/ADJ',)]","[('Erreger',)]","[('bakterielle',)]",[],[],[],[],[],[],[],[],[],[],[],[],[],[],[],[],[],[],[],[]
viral/deu_news_2010_1M-sentences.txt/2379341,2006-2010,"[('viral/ADJ',)]",[],[],"[('gestreut',)]",[],[],[],[],[],[],[],[],[],[],[],[],[],[],[],[],[],[],[]
viral/deu_news_2010_1M-sentences.txt/2757781,2006-2010,"[('viral/ADJ',)]","[('Videos',)]",[],[],[],[],[],[],[],[],[],[],[],[],[],[],[],[],[],[],[],[],[]
viral/deu_news_2010_1M-sentences.txt/3354567,2006-2010,"[('viral/ADJ',)]","[('Videoportal',)]",[],[],[],[],[],[],[],[],[],[],[],[],[],[],[],[],[],[],[],[],[]
viral/deu_news_2010_1M-sentences.txt/4847030,2006-2010,"[('viral/ADJ',)]","[('Potential',)]",[],[],[],[],[],[],[],[],[],[],[],[],[],[],[],[],[],[],[],[],[]
viral/deu_news_2010_1M-sentences.txt/4847041,2006-2010,"[('viral/ADJ',)]","[('Effekte',)]",[],[],[],[],[],[],[],[],[],[],[],[],[],[],[],[],[],[],[],[],[]
viral/deu_news_2010_1M-sentences.txt/5238381,2006-2010,"[('viral/ADJ',)]","[('Material',)]",[],[],[],[],[],[],[],[],[],[],[],[],[],[],[],[],[],[],[],[],[]
viral/deu_news_2010_1M-sentences.txt/6482578,2006-2010,"[('viral/ADJ',)]","[('Vektoren',)]",[],[],[],[],[],[],[],[],[],[],[],[],[],[],[],[],[],[],[],[],[]
viral/deu_news_2010_1M-sentences.txt/8325485,2006-2010,"[('viral/ADJ',)]","[('Videos',)]",[],[],[],[],[],[],[],[],[],[],[],[],[],[],[],[],[],[],[],[],[]
viral/deu_news_2010_1M-sentences.txt/8410467,2006-2010,"[('viral/ADJ',)]","[('Genfähre',)]",[],[],[],[],[],[],[],[],[],[],[],[],[],[],[],[],[],[],[],[],[]
viral/deu_news_2010_1M-sentences.txt/8783490,2006-2010,"[('viral/ADJ',)]","[('Meningitis',)]",[],[],[],[],[],[],[],[],[],[],[],[],[],[],[],[],[],[],[],[],[]
viral/deu_news_2010_1M-sentences.txt/8867746,2006-2010,"[('viral/ADJ',)]","[('Hype',)]",[],[],[],[],[],[],[],[],[],"[('medialen',)]",[],[],[],[],[],[],[],[],[],[],[]
viral/deu_news_2010_1M-sentences.txt/10270647,2006-2010,"[('viral/ADJ',)]","[('DNA',)]",[],[],[],[],[],[],[],[],[],[],[],[],[],[],[],[],[],[],[],[],[]
viral/deu_news_2010_1M-sentences.txt/10958832,2006-2010,"[('viral/ADJ',)]","[('News',)]",[],[],[],[],[],[],[],[],[],[],[],[],[],[],[],[],[],[],[],[],[]
viral/deu_news_2010_1M-sentences.txt/16023731,2006-2010,"[('viral/ADJ',)]","[('Videos',)]",[],[],[],[],[],[],[],[],[],[],[],[],[],[],[],[],[],[],[],[],[]
viral/deu_news_2010_1M-sentences.txt/17497358,2006-2010,"[('viral/ADJ',)]","[('Medium',)]",[],[],[],[],[],[],[],[],[],[],[],[],[],[],[],[],[],[],[],[],[]
viral/deu_news_2010_1M-sentences.txt/18745930,2006-2010,"[('viral/ADJ',)]","[('EiweiÃ\x9f',)]",[],[],[],[],[],[],[],[],[],[],[],[],[],[],[],[],[],[],[],[],[]
viral/deu_news_2010_1M-sentences.txt/19583561,2006-2010,"[('viral/ADJ',)]","[('Videos',)]",[],[],[],[],[],[],[],[],[],[],[],[],[],[],[],[],[],[],[],[],[]
viral/deu_news_2010_1M-sentences.txt/19940707,2006-2010,"[('viral/ADJ',)]","[('Marketings',)]",[],[],[],[],[],[],[],[],[],[],[],[],[],[],[],[],[],[],[],[],[]
viral/deu_news_2010_1M-sentences.txt/19940716,2006-2010,"[('viral/ADJ',)]","[('Marketings',)]",[],[],[],[],[],[],[],[],[],[],[],[],[],[],[],[],[],[],[],[],[]
viral/deu_news_2010_1M-sentences.txt/20540789,2006-2010,"[('viral/ADJ',)]","[('Werbespot',)]",[],[],[],[],[],[],[],[],[],[],[],[],[],[],[],[],[],[],[],[],[]
viral/deu_news_2010_1M-sentences.txt/20724669,2006-2010,"[('viral/ADJ',)]","[('Art',)]",[],[],[],[],[],[],[],[],[],[],[],[],[],[],[],[],[],[],[],[],[]
viral/deu_news_2010_1M-sentences.txt/20909975,2006-2010,"[('viral/ADJ',)]","[('Werbespots',)]",[],[],[],[],[],[],[],[],[],[],[],[],[],[],[],[],[],[],[],[],[]
viral/deu_news_2010_1M-sentences.txt/21052374,2006-2010,"[('viral/ADJ',)]","[('Phänomen',)]","[('senilen',)]",[],[],[],[],[],[],[],[],[],[],[],[],[],[],[],[],[],[],[],[]
viral/deu_news_2011_1M-sentences.txt/1549279,2011-2015,"[('viral/ADJ',)]","[('Grippeerkrankung',)]",[],[],[],[],[],[],[],[],[],[],[],[],[],[],[],[],[],[],[],[],[]
viral/deu_news_2011_1M-sentences.txt/4150270,2011-2015,"[('viral/ADJ',)]","[('Krankheit',)]",[],[],[],[],[],[],[],[],[],[],[],[],[],[],[],[],[],[],[],[],[]
viral/deu_news_2011_1M-sentences.txt/4946777,2011-2015,"[('viral/ADJ',)]","[('Infektionen',)]",[],[],[],[],[],[],[],[],[],[],[],[],[],[],[],[],[],[],[],[],[]
viral/deu_news_2011_1M-sentences.txt/5955357,2011-2015,"[('viral/ADJ',)]","[('Marketing',)]",[],[],[],[],[],[],[],[],[],[],[],[],[],[],[],[],[],[],[],[],[]
viral/deu_news_2011_1M-sentences.txt/7334885,2011-2015,"[('viral/ADJ',)]",[],"[('Sinne',)]",[],"[('.',)]",[],[],[],[],[],[],[],"[('Marke',)]","[('ist',)]","[('se',)]",[],[],[],[],[],[],[],[]
viral/deu_news_2011_1M-sentences.txt/8768444,2011-2015,"[('viral/ADJ',)]","[('Verseuchung',)]",[],[],[],[],[],[],[],[],[],[],[],[],[],[],[],[],[],[],[],[],[]
viral/deu_news_2011_1M-sentences.txt/13018140,2011-2015,"[('viral/ADJ',)]","[('Effekt',)]",[],[],[],[],[],[],[],[],[],[],[],[],[],[],[],[],[],[],[],[],[]
viral/deu_news_2011_1M-sentences.txt/13964039,2011-2015,"[('viral/ADJ',)]","[('Werbe',)]",[],[],[],[],[],[],[],[],[],[],[],[],[],[],[],[],[],[],[],[],[]
viral/deu_news_2011_1M-sentences.txt/14212907,2011-2015,"[('viral/ADJ',)]","[('Infekt',)]",[],[],[],[],[],[],[],[],[],[],[],[],[],[],[],[],[],[],[],[],[]
viral/deu_news_2011_1M-sentences.txt/16269716,2011-2015,"[('viral/ADJ',)]","[('Darminfektionen',)]",[],[],[],[],[],[],[],[],[],[],[],[],[],[],[],[],[],[],[],[],[]
viral/deu_news_2011_1M-sentences.txt/16935404,2011-2015,"[('viral/ADJ',)]","[('Marketing',)]",[],[],[],[],[],[],[],[],[],[],[],[],[],[],[],[],[],[],[],[],[]
viral/deu_news_2011_1M-sentences.txt/17841425,2011-2015,"[('viral/ADJ',)]","[('Kommunikation',)]",[],[],[],[],[],[],[],[],[],[],[],[],[],[],[],[],[],[],[],[],[]
viral/deu_news_2011_1M-sentences.txt/18513682,2011-2015,"[('viral/ADJ',)]","[('Werbung',)]",[],[],[],[],[],[],[],[],[],[],[],[],[],[],[],[],[],[],[],[],[]
viral/deu_news_2011_1M-sentences.txt/18797042,2011-2015,"[('viral/ADJ',)]","[('Effekt',)]",[],[],[],[],[],[],[],[],[],[],[],[],[],[],[],[],[],[],[],[],[]
viral/deu_news_2011_1M-sentences.txt/19263761,2011-2015,"[('viral/ADJ',)]","[('Spot',)]",[],[],[],[],[],[],[],[],[],[],[],[],[],[],[],[],[],[],[],[],[]
viral/deu_news_2011_1M-sentences.txt/19316970,2011-2015,"[('viral/ADJ',)]","[('Web',)]",[],[],[],[],[],[],[],[],[],[],[],[],[],[],[],[],[],[],[],[],[]
viral/deu_news_2012_1M-sentences.txt/853772,2011-2015,"[('viral/ADJ',)]","[('Marketing',)]",[],[],[],[],[],[],[],[],[],[],[],[],[],[],[],[],[],[],[],[],[]
viral/deu_news_2012_1M-sentences.txt/1572927,2011-2015,"[('viral/ADJ',)]","[('Erkrankung',)]",[],[],[],[],[],[],[],[],"[('tatsächlich',)]",[],[],[],[],[],[],[],[],[],[],[],[]
viral/deu_news_2012_1M-sentences.txt/3163706,2011-2015,"[('viral/ADJ',)]",[],[],"[('erfolgreiches',)]",[],[],[],[],[],[],[],[],[],[],[],[],[],[],[],[],[],[],[]
viral/deu_news_2012_1M-sentences.txt/3686823,2011-2015,"[('viral/ADJ',)]","[('Kampagne',)]",[],[],[],[],[],[],[],[],[],[],[],[],[],[],[],[],[],[],[],[],[]
viral/deu_news_2012_1M-sentences.txt/4752044,2011-2015,"[('viral/ADJ',)]","[('Marketing',)]",[],[],[],[],[],[],[],[],[],[],[],[],[],[],[],[],[],[],[],[],[]
viral/deu_news_2012_1M-sentences.txt/5096811,2011-2015,"[('viral/ADJ',)]","[('Meningitis',)]",[],[],[],[],[],[],[],[],[],[],[],[],[],[],[],[],[],[],[],[],[]
viral/deu_news_2012_1M-sentences.txt/5610387,2011-2015,"[('viral/ADJ',)]","[('DNA',)]",[],[],[],[],[],[],[],[],[],[],[],[],[],[],[],[],[],[],[],[],[]
viral/deu_news_2012_1M-sentences.txt/6646271,2011-2015,"[('viral/ADJ',)]","[('Genoms',)]",[],[],[],[],[],[],[],[],[],[],[],[],[],[],[],[],[],[],[],[],[]
viral/deu_news_2012_1M-sentences.txt/7083541,2011-2015,"[('viral/ADJ',)]","[('Marketingkampagne',)]",[],[],[],[],[],[],[],[],[],[],[],[],[],[],[],[],[],[],[],[],[]
viral/deu_news_2012_1M-sentences.txt/7331105,2011-2015,"[('viral/ADJ',)]","[('Effekte',)]",[],[],[],[],[],[],[],[],[],[],[],[],[],[],[],[],[],[],[],[],[]
viral/deu_news_2012_1M-sentences.txt/7414803,2011-2015,"[('viral/ADJ',)]",[],[],[],[],"[('und',)]","[('gedreht',)]",[],[],[],[],[],[],[],[],[],[],[],[],[],[],[],[]
viral/deu_news_2012_1M-sentences.txt/7744452,2011-2015,"[('viral/ADJ',)]",[],[],"[('vermehrenden',)]",[],[],[],[],[],[],[],[],[],[],[],[],[],[],[],[],[],[],[]
viral/deu_news_2012_1M-sentences.txt/8286929,2011-2015,"[('viral/ADJ',)]","[('Werbefilm',)]",[],[],[],[],[],[],[],[],[],[],[],[],[],[],[],[],[],[],[],[],[]
viral/deu_news_2012_1M-sentences.txt/8330379,2011-2015,"[('viral/ADJ',)]","[('Konzepten',)]",[],[],[],[],[],[],[],[],[],[],[],[],[],[],[],[],[],[],[],[],[]
viral/deu_news_2012_1M-sentences.txt/10693664,2011-2015,"[('viral/ADJ',)]","[('Proteinen',)]",[],[],[],[],[],[],[],[],[],[],[],[],[],[],[],[],[],[],[],[],[]
viral/deu_news_2012_1M-sentences.txt/10715660,2011-2015,"[('viral/ADJ',)]","[('YouTube',)]",[],[],[],[],[],[],[],[],[],[],[],[],[],[],[],[],[],[],[],[],[]
viral/deu_news_2012_1M-sentences.txt/10800201,2011-2015,"[('viral/ADJ',)]","[('Kampagnen',)]",[],[],[],[],[],[],[],[],[],[],[],[],[],[],[],[],[],[],[],[],[]
viral/deu_news_2012_1M-sentences.txt/11183050,2011-2015,"[('viral/ADJ',)]","[('Meningitis',)]",[],[],[],[],[],[],[],[],[],[],[],[],[],[],[],[],[],[],[],[],[]
viral/deu_news_2012_1M-sentences.txt/11746040,2011-2015,"[('viral/ADJ',)]","[('Verbreitung',)]",[],[],[],[],[],[],[],[],[],[],[],[],[],[],[],[],[],[],[],[],[]
viral/deu_news_2012_1M-sentences.txt/16203691,2011-2015,"[('viral/ADJ',)]","[('DNA',)]",[],[],[],[],[],[],[],[],[],[],[],[],[],[],[],[],[],[],[],[],[]
viral/deu_news_2012_1M-sentences.txt/19346905,2011-2015,"[('viral/ADJ',)]","[('Marketing',)]",[],[],[],[],[],[],[],[],[],[],[],[],[],[],[],[],[],[],[],[],[]
viral/deu_news_2012_1M-sentences.txt/19814153,2011-2015,"[('viral/ADJ',)]","[('Marketing',)]",[],[],[],[],[],[],[],[],[],[],[],[],[],[],[],[],[],[],[],[],[]
viral/deu_news_2012_1M-sentences.txt/21379107,2011-2015,"[('viral/ADJ',)]",[],[],"[('werden',)]","[('„',), ('“',)]",[],[],[],[],[],[],[],[],[],[],[],"[('47.7261',)]",[],[],[],[],[],[]
viral/deu_news_2012_1M-sentences.txt/21595265,2011-2015,"[('viral/ADJ',)]","[('Infekte',)]",[],[],[],[],[],[],[],[],[],[],[],[],[],[],[],[],[],[],[],[],[]
viral/deu_news_2012_1M-sentences.txt/21804618,2011-2015,"[('viral/ADJ',)]","[('Erreger',)]",[],[],[],[],[],[],[],[],[],[],[],[],[],[],[],[],[],[],[],[],[]
viral/deu_news_2013_1M-sentences.txt/117731,2011-2015,"[('viral/ADJ',)]","[('Publizieren',)]",[],[],[],[],[],[],[],[],[],[],[],[],[],[],[],[],[],[],[],[],[]
viral/deu_news_2013_1M-sentences.txt/2187903,2011-2015,"[('viral/ADJ',)]","[('Infekt',)]",[],[],[],[],[],[],[],[],[],[],[],[],[],[],[],[],[],[],[],[],[]
viral/deu_news_2013_1M-sentences.txt/3061148,2011-2015,"[('viral/ADJ',)]","[('Hall',)]",[],[],[],[],[],[],[],[],[],[],[],[],[],[],[],[],[],[],[],[],[]
viral/deu_news_2013_1M-sentences.txt/5188516,2011-2015,"[('viral/ADJ',)]","[('Hit',)]",[],[],[],[],[],[],[],[],[],[],[],[],[],[],[],[],[],[],[],[],[]
viral/deu_news_2013_1M-sentences.txt/6578952,2011-2015,"[('viral/ADJ',)]","[('Verbreitung',)]",[],[],"[('""',), ('""',)]",[],[],[],[],[],[],[],[],[],[],[],[],[],[],[],[],[],[]
viral/deu_news_2013_1M-sentences.txt/9503034,2011-2015,"[('viral/ADJ',)]","[('Erfolg',)]",[],[],[],[],[],[],[],[],[],[],[],[],[],[],[],[],[],[],[],[],[]
viral/deu_news_2013_1M-sentences.txt/10673749,2011-2015,"[('viral/ADJ',)]","[('Infekt',)]",[],[],[],[],[],[],[],[],[],[],[],[],[],[],[],[],[],[],[],[],[]
viral/deu_news_2013_1M-sentences.txt/11164463,2011-2015,"[('viral/ADJ',)]","[('YouTube',)]",[],[],[],[],[],[],[],[],[],[],[],[],[],[],[],[],[],[],[],[],[]
viral/deu_news_2013_1M-sentences.txt/11174180,2011-2015,"[('viral/ADJ',)]","[('Hass',)]",[],[],[],[],[],[],[],[],[],[],[],[],[],[],[],[],[],[],[],[],[]
viral/deu_news_2013_1M-sentences.txt/11700329,2011-2015,"[('viral/ADJ',)]","[('Vektorplattform',)]",[],[],[],[],[],[],[],[],[],[],[],[],[],[],[],[],[],[],[],[],[]
viral/deu_news_2013_1M-sentences.txt/12874027,2011-2015,"[('viral/ADJ',)]","[('Kampagnen',)]",[],[],[],[],[],[],[],[],[],[],[],[],[],[],[],[],[],[],[],[],[]
viral/deu_news_2013_1M-sentences.txt/12903561,2011-2015,"[('viral/ADJ',)]","[('Einladungen',)]",[],[],[],[],[],[],[],[],[],[],[],[],[],[],[],[],[],[],[],[],[]
viral/deu_news_2013_1M-sentences.txt/13414654,2011-2015,"[('viral/ADJ',)]","[('Verbreitung',)]",[],[],[],[],[],[],[],[],[],[],[],[],[],[],[],[],[],[],[],[],[]
viral/deu_news_2013_1M-sentences.txt/15473016,2011-2015,"[('viral/ADJ',)]",[],[],[],"[(',',)]",[],"[('sympathische',)]",[],[],[],[],[],[],[],[],[],[],[],[],[],[],[],[]
viral/deu_news_2013_1M-sentences.txt/16418445,2011-2015,"[('viral/ADJ',)]",[],[],"[('verbreitet',)]",[],[],[],[],[],[],[],[],[],[],[],[],[],[],[],[],[],[],[]
viral/deu_news_2013_1M-sentences.txt/17353371,2011-2015,"[('viral/ADJ',)]","[('Phänomens',)]",[],[],[],[],[],[],[],[],[],[],[],[],[],[],[],[],[],[],[],[],[]
viral/deu_news_2013_1M-sentences.txt/17840603,2011-2015,"[('viral/ADJ',)]","[('Marketung',)]",[],[],[],[],[],[],[],[],[],[],[],[],[],[],[],[],[],[],[],[],[]
viral/deu_news_2013_1M-sentences.txt/18745472,2011-2015,"[('viral/ADJ',)]","[('Videos',)]",[],[],[],[],[],[],[],[],[],[],[],[],[],[],[],[],[],[],[],[],[]
viral/deu_news_2013_1M-sentences.txt/19134956,2011-2015,"[('viral/ADJ',)]",[],[],"[('gehen',)]",[],[],[],[],[],[],[],[],[],[],[],[],[],[],[],[],[],[],[]
viral/deu_news_2013_1M-sentences.txt/20216557,2011-2015,"[('viral/ADJ',)]",[],[],"[('wird',)]",[],[],[],[],[],[],[],[],[],[],[],[],[],[],[],[],[],[],[]
viral/deu_news_2014_1M-sentences.txt/400995,2011-2015,"[('viral/ADJ',)]","[('Infekte',)]",[],[],[],[],[],[],[],[],[],[],[],[],[],[],[],[],[],[],[],[],[]
viral/deu_news_2014_1M-sentences.txt/401155,2011-2015,"[('viral/ADJ',)]",[],"[('Viren',)]",[],[],[],[],[],[],[],"[('zwar',)]",[],"[('Sie',)]","[('sind',)]",[],"[('haben',)]",[],[],[],[],[],[],[]
viral/deu_news_2014_1M-sentences.txt/809577,2011-2015,"[('viral/ADJ',)]","[('Marketing',)]",[],[],[],[],[],[],[],[],[],[],[],[],[],[],[],[],[],[],[],[],[]
viral/deu_news_2014_1M-sentences.txt/3711042,2011-2015,"[('viral/ADJ',)]",[],[],[],[],"[('und',)]","[('witzigsten',)]",[],[],[],[],[],[],[],[],[],[],[],[],[],[],[],[]
viral/deu_news_2014_1M-sentences.txt/4338217,2011-2015,"[('viral/ADJ',)]","[('Werbeclips',)]",[],[],[],[],[],[],[],[],[],[],[],[],[],[],[],[],[],[],[],[],[]
viral/deu_news_2014_1M-sentences.txt/4469325,2011-2015,"[('viral/ADJ',)]","[('Hepatitis',)]",[],[],[],[],[],[],[],[],[],[],[],[],[],[],[],[],[],[],[],[],[]
viral/deu_news_2014_1M-sentences.txt/5144039,2011-2015,"[('viral/ADJ',)]","[('Wirkung',)]",[],[],[],[],[],[],[],[],[],[],[],[],[],[],[],[],[],[],[],[],[]
viral/deu_news_2014_1M-sentences.txt/5200538,2011-2015,"[('viral/ADJ',)]","[('Hit',)]",[],[],[],[],[],[],[],[],[],[],[],[],[],[],[],[],[],[],[],[],[]
viral/deu_news_2014_1M-sentences.txt/5813786,2011-2015,"[('viral/ADJ',)]","[('Infektion',)]",[],[],[],[],[],[],[],[],[],[],[],[],[],[],[],[],[],[],[],[],[]
viral/deu_news_2014_1M-sentences.txt/5947381,2011-2015,"[('viral/ADJ',)]","[('Erfolg',)]",[],[],[],[],[],[],[],[],[],[],[],[],[],[],[],[],[],[],[],[],[]
viral/deu_news_2014_1M-sentences.txt/5963935,2011-2015,"[('viral/ADJ',)]","[('Grippe',)]",[],[],[],[],[],[],[],[],[],[],[],[],[],[],[],[],[],[],[],[],[]
viral/deu_news_2014_1M-sentences.txt/6031996,2011-2015,"[('viral/ADJ',)]","[('Marketing',)]",[],[],[],[],[],[],[],[],[],[],[],[],[],[],[],[],[],[],[],[],[]
viral/deu_news_2014_1M-sentences.txt/6770089,2011-2015,"[('viral/ADJ',)]",[],[],"[('verbreitet',)]",[],[],[],[],[],[],[],[],[],[],[],[],[],[],[],[],[],[],[]
viral/deu_news_2014_1M-sentences.txt/6965920,2011-2015,"[('viral/ADJ',)]","[('Spendenaktion',)]",[],[],[],[],[],[],[],[],[],[],[],[],[],[],[],[],[],[],[],[],[]
viral/deu_news_2014_1M-sentences.txt/7220072,2011-2015,"[('viral/ADJ',)]",[],"[('heilbar',), ('äztin',)]",[],"[('.',), (':',), (':',), ('.',)]",[],[],[],[],[],[],[],"[('Verkühlungen',)]","[('sidn',)]",[],[],[],"[('kommen',)]",[],[],[],[],[]
viral/deu_news_2014_1M-sentences.txt/8147315,2011-2015,"[('viral/ADJ',)]","[('Werbevideos',)]",[],[],[],[],[],[],[],[],[],[],[],[],[],[],[],[],[],[],[],[],[]
viral/deu_news_2014_1M-sentences.txt/8358399,2011-2015,"[('viral/ADJ',)]","[('Marketing',)]",[],[],[],[],[],[],[],[],[],[],[],[],[],[],[],[],[],[],[],[],[]
viral/deu_news_2014_1M-sentences.txt/8496774,2011-2015,"[('viral/ADJ',)]",[],[],"[('wurden',)]",[],[],[],[],[],[],[],[],[],[],[],[],[],[],[],[],[],[],[]
viral/deu_news_2014_1M-sentences.txt/8880821,2011-2015,"[('viral/ADJ',)]","[('Rechenmodell',)]",[],[],[],[],[],[],[],[],[],[],[],[],[],[],[],[],[],[],[],[],[]
viral/deu_news_2014_1M-sentences.txt/9252184,2011-2015,"[('viral/ADJ',)]","[('Internet',)]",[],[],[],[],[],[],[],[],[],[],[],[],[],[],[],[],[],[],[],[],[]
viral/deu_news_2014_1M-sentences.txt/9637380,2011-2015,"[('viral/ADJ',)]","[('Videos',)]",[],[],[],[],[],[],[],[],[],[],[],[],[],[],[],[],[],[],[],[],[]
viral/deu_news_2014_1M-sentences.txt/9879429,2011-2015,"[('viral/ADJ',)]","[('Infektionskrankheiten',)]",[],[],[],[],[],[],[],[],[],[],[],[],[],[],[],[],[],[],[],[],[]
viral/deu_news_2014_1M-sentences.txt/9965389,2011-2015,"[('viral/ADJ',)]","[('Infektion',)]",[],[],[],[],[],[],[],[],[],[],[],[],[],[],[],[],[],[],[],[],[]
viral/deu_news_2014_1M-sentences.txt/10830649,2011-2015,"[('viral/ADJ',)]","[('Videos',)]",[],[],[],[],[],[],[],[],[],[],[],[],[],[],[],[],[],[],[],[],[]
viral/deu_news_2014_1M-sentences.txt/11080402,2011-2015,"[('viral/ADJ',)]",[],"[('anders',)]",[],"[('""',), ('""',), ('.',)]",[],[],[],[],[],"[('Genauso',)]","[('heute',)]",[],[],[],[],[],[],[],[],[],[],[]
viral/deu_news_2014_1M-sentences.txt/11227179,2011-2015,"[('viral/ADJ',)]","[('Spendenaktionen',)]",[],[],[],[],[],[],[],[],[],[],[],[],[],[],[],[],[],[],[],[],[]
viral/deu_news_2014_1M-sentences.txt/11543264,2011-2015,"[('viral/ADJ',)]","[('Infekten',)]",[],[],[],[],[],[],[],[],[],[],[],[],[],[],[],[],[],[],[],[],[]
viral/deu_news_2014_1M-sentences.txt/11889904,2011-2015,"[('viral/ADJ',)]","[('seeding',)]",[],[],[],[],[],[],[],[],[],[],[],[],[],[],[],[],[],[],[],[],[]
viral/deu_news_2014_1M-sentences.txt/11901086,2011-2015,"[('viral/ADJ',)]","[('Weg',)]",[],[],[],[],[],[],[],[],[],[],[],[],[],[],[],[],[],[],[],[],[]
viral/deu_news_2014_1M-sentences.txt/12125500,2011-2015,"[('viral/ADJ',)]","[('Vektoren',)]",[],[],[],[],[],[],[],[],[],[],[],[],[],[],[],[],[],[],[],[],[]
viral/deu_news_2014_1M-sentences.txt/12776048,2011-2015,"[('viral/ADJ',)]","[('Hits',)]",[],[],[],[],[],[],[],[],[],[],[],[],[],[],[],[],[],[],[],[],[]
viral/deu_news_2014_1M-sentences.txt/13496132,2011-2015,"[('viral/ADJ',)]","[('Freunde',)]",[],[],[],[],[],[],[],[],[],[],[],[],[],[],[],[],[],[],[],[],[]
viral/deu_news_2014_1M-sentences.txt/13510953,2011-2015,"[('viral/ADJ',)]",[],[],"[('verbreitete',)]",[],[],[],[],[],[],[],[],[],[],[],[],[],[],[],[],[],[],[]
viral/deu_news_2014_1M-sentences.txt/14228942,2011-2015,"[('viral/ADJ',)]","[('Marketing',)]",[],[],[],[],[],[],[],[],[],[],[],[],[],[],[],[],[],[],[],[],[]
viral/deu_news_2014_1M-sentences.txt/14323355,2011-2015,"[('viral/ADJ',)]","[('Entzündung',)]",[],[],[],[],[],[],[],[],[],[],[],[],[],[],[],[],[],[],[],[],[]
viral/deu_news_2014_1M-sentences.txt/15253744,2011-2015,"[('viral/ADJ',)]","[('Potenzial',)]",[],[],[],[],[],[],[],[],[],[],[],[],[],[],[],[],[],[],[],[],[]
viral/deu_news_2014_1M-sentences.txt/15462154,2011-2015,"[('viral/ADJ',)]","[('Online',)]",[],[],[],[],[],[],[],[],[],[],[],[],[],[],[],[],[],[],[],[],[]
viral/deu_news_2014_1M-sentences.txt/16563375,2011-2015,"[('viral/ADJ',)]",[],[],"[('bedingtem',)]",[],[],[],[],[],[],[],[],[],[],[],[],[],[],[],[],[],[],[]
viral/deu_news_2014_1M-sentences.txt/16627933,2011-2015,"[('viral/ADJ',)]","[('Hit',)]",[],[],[],[],[],[],[],[],[],[],[],[],[],[],[],[],[],[],[],[],[]
viral/deu_news_2014_1M-sentences.txt/17429853,2011-2015,"[('viral/ADJ',)]","[('Loops',)]",[],[],[],[],[],[],[],[],[],[],[],[],[],[],[],[],[],[],[],[],[]
viral/deu_news_2014_1M-sentences.txt/17429875,2011-2015,"[('viral/ADJ',)]","[('Loop',)]",[],[],[],[],[],[],[],[],[],[],[],[],[],[],[],[],[],[],[],[],[]
viral/deu_news_2014_1M-sentences.txt/17666350,2011-2015,"[('viral/ADJ',)]","[('Marketing',)]",[],[],[],[],[],[],[],[],[],[],[],[],[],[],[],[],[],[],[],[],[]
viral/deu_news_2014_1M-sentences.txt/18561487,2011-2015,"[('viral/ADJ',)]",[],[],"[('verbreitet',)]",[],[],[],[],[],[],[],[],[],[],[],[],[],[],[],[],[],[],[]
viral/deu_news_2014_1M-sentences.txt/18815869,2011-2015,"[('viral/ADJ',)]","[('Hit',)]",[],[],[],[],[],[],[],[],[],[],[],[],[],[],[],[],[],[],[],[],[]
viral/deu_news_2014_1M-sentences.txt/18921547,2011-2015,"[('viral/ADJ',)]","[('Toiletten',)]",[],[],[],[],[],[],[],[],[],[],[],[],[],[],[],[],[],[],[],[],[]
viral/deu_news_2014_1M-sentences.txt/19049041,2011-2015,"[('viral/ADJ',)]","[('Internetvideo',)]",[],[],[],[],[],[],[],[],[],[],[],[],[],[],[],[],[],[],[],[],[]
viral/deu_news_2014_1M-sentences.txt/19828235,2011-2015,"[('viral/ADJ',)]","[('Dynamik',)]",[],[],[],[],[],[],[],[],[],[],[],[],[],[],[],[],[],[],[],[],[]
viral/deu_news_2014_1M-sentences.txt/20174162,2011-2015,"[('viral/ADJ',)]","[('Epidemien',)]",[],[],[],[],[],[],[],[],[],[],[],[],[],[],[],[],[],[],[],[],[]
viral/deu_news_2014_1M-sentences.txt/20478711,2011-2015,"[('viral/ADJ',)]","[('Verbreitungspotential',)]",[],[],[],[],[],[],[],[],[],[],[],[],[],[],[],[],[],[],[],[],[]
viral/deu_news_2014_1M-sentences.txt/20509917,2011-2015,"[('viral/ADJ',)]","[('Weihnachtshits',)]",[],[],[],[],[],[],[],[],[],[],[],[],[],[],[],[],[],[],[],[],[]
viral/deu_news_2014_1M-sentences.txt/20522534,2011-2015,"[('viral/ADJ',)]","[('Foto',)]",[],[],[],[],[],[],[],[],[],[],[],[],[],[],[],[],[],[],[],[],[]
viral/deu_news_2015_1M-sentences.txt/463636,2011-2015,"[('viral/ADJ',)]","[('Videos',)]",[],[],[],[],[],[],[],[],[],[],[],[],[],[],[],[],[],[],[],[],[]
viral/deu_news_2015_1M-sentences.txt/530472,2011-2015,"[('viral/ADJ',)]","[('Erreger',)]",[],[],[],[],[],[],[],[],[],[],[],[],[],[],[],[],[],[],[],[],[]
viral/deu_news_2015_1M-sentences.txt/1010109,2011-2015,"[('viral/ADJ',)]","[('Gentransfervektoren',)]",[],[],[],[],[],[],[],[],[],[],[],[],[],[],[],[],[],[],[],[],[]
viral/deu_news_2015_1M-sentences.txt/1265528,2011-2015,"[('viral/ADJ',)]","[('Faktor',)]",[],[],[],[],[],[],[],[],[],[],[],[],[],[],[],[],[],[],[],[],[]
viral/deu_news_2015_1M-sentences.txt/1416188,2011-2015,"[('viral/ADJ',)]","[('Werbekampagnen',)]",[],[],[],[],[],[],[],[],[],[],[],[],[],[],[],[],[],[],[],[],[]
viral/deu_news_2015_1M-sentences.txt/1678704,2011-2015,"[('viral/ADJ',)]",[],[],"[('verbreiten',)]",[],[],[],[],[],[],[],[],[],[],[],[],[],[],[],[],[],[],[]
viral/deu_news_2015_1M-sentences.txt/1868506,2011-2015,"[('viral/ADJ',)]","[('Hit',)]",[],[],[],[],[],[],[],[],[],[],[],[],[],[],[],[],[],[],[],[],[]
viral/deu_news_2015_1M-sentences.txt/3658121,2011-2015,"[('viral/ADJ',)]",[],[],"[('möglich',)]","[('.',)]",[],[],[],[],[],"[('so',)]",[],[],[],"[('Wired',)]",[],[],[],[],[],[],[],[]
viral/deu_news_2015_1M-sentences.txt/3658165,2011-2015,"[('viral/ADJ',)]",[],[],"[('wurde',)]",[],[],[],[],[],[],[],[],[],[],[],[],[],[],[],[],[],[],[]
viral/deu_news_2015_1M-sentences.txt/3925979,2011-2015,"[('viral/ADJ',)]",[],[],"[('fand',)]",[],[],[],[],[],[],[],[],[],[],[],[],[],[],[],[],[],[],[]
viral/deu_news_2015_1M-sentences.txt/4467176,2011-2015,"[('viral/ADJ',)]",[],[],"[('verbreitete',)]",[],[],[],[],[],[],[],[],[],[],[],[],[],[],[],[],[],[],[]
viral/deu_news_2015_1M-sentences.txt/4469105,2011-2015,"[('viral/ADJ',)]","[('Video',)]",[],[],[],[],[],[],[],[],[],[],[],[],[],[],[],[],[],[],[],[],[]
viral/deu_news_2015_1M-sentences.txt/5410283,2011-2015,"[('viral/ADJ',)]","[('Hit',)]",[],[],[],[],[],[],[],[],[],[],[],[],[],[],[],[],[],[],[],[],[]
viral/deu_news_2015_1M-sentences.txt/5701944,2011-2015,"[('viral/ADJ',)]",[],[],"[('wirbt',)]",[],[],[],[],[],[],[],[],[],[],[],[],[],[],[],[],[],[],[]
viral/deu_news_2015_1M-sentences.txt/5774615,2011-2015,"[('viral/ADJ',)]",[],[],"[('wurde',)]",[],[],[],[],[],[],[],[],[],[],[],[],[],[],[],[],[],[],[]
viral/deu_news_2015_1M-sentences.txt/6869508,2011-2015,"[('viral/ADJ',)]","[('Kampagne',)]",[],[],[],[],[],[],[],[],[],[],[],[],[],[],[],[],[],[],[],[],[]
viral/deu_news_2015_1M-sentences.txt/6883139,2011-2015,"[('viral/ADJ',)]",[],[],"[('verbreitet',)]",[],[],[],[],[],[],[],[],[],[],[],[],[],[],[],[],[],[],[]
viral/deu_news_2015_1M-sentences.txt/7390359,2011-2015,"[('viral/ADJ',)]","[('Verbreitung',)]",[],[],[],[],[],[],[],[],[],[],[],[],[],[],[],[],[],[],[],[],[]
viral/deu_news_2015_1M-sentences.txt/7398759,2011-2015,"[('viral/ADJ',)]","[('Marketing',)]",[],[],"[('(',), (')',)]",[],[],[],[],[],[],[],[],[],[],[],[],[],[],[],[],[],[]
viral/deu_news_2015_1M-sentences.txt/7698268,2011-2015,"[('viral/ADJ',)]","[('Schusswechsel',)]",[],[],[],[],[],[],[],[],[],[],[],[],[],[],[],[],[],[],[],[],[]
viral/deu_news_2015_1M-sentences.txt/7745233,2011-2015,"[('viral/ADJ',)]","[('Marketings',)]",[],[],[],[],[],[],[],[],[],[],[],[],[],[],[],[],[],[],[],[],[]
viral/deu_news_2015_1M-sentences.txt/7761229,2011-2015,"[('viral/ADJ',)]","[('Populismus',)]",[],[],[],[],[],[],[],[],[],[],[],[],[],[],[],[],[],[],[],[],[]
viral/deu_news_2015_1M-sentences.txt/7933516,2011-2015,"[('viral/ADJ',)]",[],[],[],"[('«',), ('»',)]",[],[],[],[],[],[],[],[],[],[],[],[],[],"[('Netzwerken',)]",[],[],[],[]
viral/deu_news_2015_1M-sentences.txt/8691242,2011-2015,"[('viral/ADJ',)]","[('Infekt',)]",[],[],[],[],[],[],[],[],[],[],[],[],[],[],[],[],[],[],[],[],[]
viral/deu_news_2015_1M-sentences.txt/8944354,2011-2015,"[('viral/ADJ',)]","[('Verbreitung',)]",[],[],[],[],[],[],[],[],[],[],[],[],[],[],[],[],[],[],[],[],[]
viral/deu_news_2015_1M-sentences.txt/10180266,2011-2015,"[('viral/ADJ',)]","[('Hit',)]",[],[],[],[],[],[],[],[],[],[],[],[],[],[],[],[],[],[],[],[],[]
viral/deu_news_2015_1M-sentences.txt/10694386,2011-2015,"[('viral/ADJ',)]","[('Video',)]",[],[],[],[],[],[],[],[],[],[],[],[],[],[],[],[],[],[],[],[],[]
viral/deu_news_2015_1M-sentences.txt/10803849,2011-2015,"[('viral/ADJ',)]","[('Hit',)]",[],[],[],[],[],[],[],[],[],[],[],[],[],[],[],[],[],[],[],[],[]
viral/deu_news_2015_1M-sentences.txt/10980429,2011-2015,"[('viral/ADJ',)]","[('Hit',)]",[],[],[],[],[],[],[],[],[],[],[],[],[],[],[],[],[],[],[],[],[]
viral/deu_news_2015_1M-sentences.txt/11293235,2011-2015,"[('viral/ADJ',)]",[],[],"[('verbreitet',)]",[],[],[],[],[],[],[],[],[],[],[],[],[],[],[],[],[],[],[]
viral/deu_news_2015_1M-sentences.txt/11858416,2011-2015,"[('viral/ADJ',)]",[],"[('bescherten',)]",[],"[('.',)]",[],[],[],[],[],"[('rein',)]",[],"[('Minuten',)]","[('waren',)]",[],[],[],[],[],[],[],[],[]
viral/deu_news_2015_1M-sentences.txt/12624189,2011-2015,"[('viral/ADJ',)]","[('Effekt',)]",[],[],[],[],[],[],[],[],[],[],[],[],[],[],[],[],[],[],[],[],[]
viral/deu_news_2015_1M-sentences.txt/14265641,2011-2015,"[('viral/ADJ',)]","[('Hit',)]",[],[],[],[],[],[],[],[],[],[],[],[],[],[],[],[],[],[],[],[],[]
viral/deu_news_2015_1M-sentences.txt/14845861,2011-2015,"[('viral/ADJ',)]","[('Strategie',)]",[],[],[],[],[],[],[],[],[],[],[],[],[],[],[],[],[],[],[],[],[]
viral/deu_news_2015_1M-sentences.txt/15178944,2011-2015,"[('viral/ADJ',)]","[('Infektionen',)]",[],[],[],[],[],[],[],[],[],[],[],[],[],[],[],[],[],[],[],[],[]
viral/deu_news_2015_1M-sentences.txt/15234626,2011-2015,"[('viral/ADJ',)]","[('Online',)]",[],[],[],[],[],[],[],[],[],[],[],[],[],[],[],[],[],[],[],[],[]
viral/deu_news_2015_1M-sentences.txt/16307740,2011-2015,"[('viral/ADJ',)]",[],[],[],"[('„',)]",[],[],[],[],[],"[('jetzt',)]",[],"[('ich',)]","[('Bin',)]",[],"[('Sehenswert',)]",[],[],[],[],[],[],[]
viral/deu_news_2015_1M-sentences.txt/16500956,2011-2015,"[('viral/ADJ',)]",[],[],"[('gestreut',)]",[],[],[],[],[],[],[],[],[],[],[],[],[],[],[],[],[],[],[]
viral/deu_news_2015_1M-sentences.txt/16520916,2011-2015,"[('viral/ADJ',)]","[('Blogeintrag',)]",[],[],[],[],[],[],[],[],[],[],[],[],[],[],[],[],[],[],[],[],[]
viral/deu_news_2015_1M-sentences.txt/16532146,2011-2015,"[('viral/ADJ',)]",[],[],"[('fand',)]",[],[],[],[],[],[],[],[],[],[],[],[],[],[],[],[],[],[],[]
viral/deu_news_2015_1M-sentences.txt/16768043,2011-2015,"[('viral/ADJ',)]","[('Projekten',)]",[],[],[],[],[],[],[],[],[],[],[],[],[],[],[],[],[],[],[],[],[]
viral/deu_news_2015_1M-sentences.txt/16768057,2011-2015,"[('viral/ADJ',)]","[('Erfolg',)]",[],[],[],[],[],[],[],[],[],[],[],[],[],[],[],[],[],[],[],[],[]
viral/deu_news_2015_1M-sentences.txt/17173029,2011-2015,"[('viral/ADJ',)]","[('Social',)]",[],[],[],[],[],[],[],[],[],[],[],[],[],[],[],[],[],[],[],[],[]
viral/deu_news_2015_1M-sentences.txt/17190049,2011-2015,"[('viral/ADJ',)]","[('Hit',)]",[],[],[],[],[],[],[],[],[],[],[],[],[],[],[],[],[],[],[],[],[]
viral/deu_news_2015_1M-sentences.txt/17609125,2011-2015,"[('viral/ADJ',)]","[('Videos',)]",[],[],[],[],[],[],[],[],[],[],[],[],[],[],[],[],[],[],[],[],[]
viral/deu_news_2015_1M-sentences.txt/17799181,2011-2015,"[('viral/ADJ',)]","[('Marketingaktionen',)]",[],[],[],[],[],[],[],[],[],[],[],[],[],[],[],[],[],[],[],[],[]
viral/deu_news_2015_1M-sentences.txt/18448080,2011-2015,"[('viral/ADJ',)]","[('Variante',)]",[],[],[],[],[],[],[],[],[],[],[],[],[],[],[],[],[],[],[],[],[]
viral/deu_news_2015_1M-sentences.txt/18563764,2011-2015,"[('viral/ADJ',)]","[('Heiratsanträge',)]",[],[],[],[],[],[],[],[],[],[],[],[],[],[],[],[],[],[],[],[],[]
viral/deu_news_2015_1M-sentences.txt/18563778,2011-2015,"[('viral/ADJ',)]","[('Heiratsanträge',)]",[],[],[],[],[],[],[],[],[],[],[],[],[],[],[],[],[],[],[],[],[]
viral/deu_news_2015_1M-sentences.txt/18563789,2011-2015,"[('viral/ADJ',)]","[('Heiratsanträge',)]",[],[],[],[],[],[],[],[],[],[],[],[],[],[],[],[],[],[],[],[],[]
viral/deu_news_2015_1M-sentences.txt/19142783,2011-2015,"[('viral/ADJ',)]","[('Weiterverbreitung',)]",[],[],[],[],[],[],[],[],[],[],[],[],[],[],[],[],[],[],[],[],[]
viral/deu_news_2015_1M-sentences.txt/19173695,2011-2015,"[('viral/ADJ',)]",[],[],"[('geht',)]",[],[],[],[],[],[],[],[],[],[],[],[],[],[],[],[],[],[],[]
viral/deu_news_2015_1M-sentences.txt/19438041,2011-2015,"[('viral/ADJ',)]",[],[],"[('ging',)]",[],[],[],[],[],[],[],[],[],[],[],[],[],[],[],[],[],[],[]
viral/deu_news_2015_1M-sentences.txt/19550926,2011-2015,"[('viral/ADJ',)]","[('Erreger',)]",[],[],[],[],[],[],[],[],[],[],[],[],[],[],[],[],[],[],[],[],[]
viral/deu_news_2015_1M-sentences.txt/19563031,2011-2015,"[('viral/ADJ',)]","[('Logik',)]",[],[],[],[],[],[],[],[],[],[],[],[],[],[],[],[],[],[],[],[],[]
viral/deu_news_2015_1M-sentences.txt/20380853,2011-2015,"[('viral/ADJ',)]","[('Infekts',)]",[],[],[],[],[],[],[],[],[],[],[],[],[],[],[],[],[],[],[],[],[]
viral/deu_news_2015_1M-sentences.txt/20761095,2011-2015,"[('viral/ADJ',)]",[],[],"[('bedingt',)]",[],[],[],[],[],[],[],[],[],[],[],[],[],[],[],[],[],[],[]
viral/deu_news_2016_1M-sentences.txt/236817,2016-2020,"[('viral/ADJ',)]","[('Erkrankungen',)]",[],[],[],[],[],[],[],[],[],[],[],[],[],[],[],[],[],[],[],[],[]
viral/deu_news_2016_1M-sentences.txt/276410,2016-2020,"[('viral/ADJ',)]","[('Infekten',)]",[],[],[],[],[],[],[],[],[],[],[],[],[],[],[],[],[],[],[],[],[]
viral/deu_news_2016_1M-sentences.txt/509410,2016-2020,"[('viral/ADJ',)]","[('Hepatitis',)]",[],[],[],[],[],[],[],[],[],[],[],[],[],[],[],[],[],[],[],[],[]
viral/deu_news_2016_1M-sentences.txt/580208,2016-2020,"[('viral/ADJ',)]",[],[],"[('ging',)]",[],[],[],[],[],[],[],[],[],[],[],[],[],[],[],[],[],[],[]
viral/deu_news_2016_1M-sentences.txt/637253,2016-2020,"[('viral/ADJ',)]",[],[],"[('ging',)]",[],[],[],[],[],[],[],[],[],[],[],[],[],[],[],[],[],[],[]
viral/deu_news_2016_1M-sentences.txt/1585315,2016-2020,"[('viral/ADJ',)]","[('Erfolgs',)]",[],[],[],[],[],[],[],[],[],[],[],[],[],[],[],[],[],[],[],[],[]
viral/deu_news_2016_1M-sentences.txt/1623613,2016-2020,"[('viral/ADJ',)]",[],[],"[('ging',)]",[],[],[],[],[],[],[],[],[],[],[],[],[],[],[],[],[],[],[]
viral/deu_news_2016_1M-sentences.txt/1628011,2016-2020,"[('viral/ADJ',)]","[('Video',)]",[],[],[],[],[],[],[],[],[],[],[],[],[],[],[],[],[],[],[],[],[]
viral/deu_news_2016_1M-sentences.txt/2462658,2016-2020,"[('viral/ADJ',)]","[('Spektrums',)]",[],[],[],[],[],[],[],[],[],[],[],[],[],[],[],[],[],[],[],[],[]
viral/deu_news_2016_1M-sentences.txt/2727387,2016-2020,"[('viral/ADJ',)]","[('Hit',)]",[],[],[],[],[],[],[],[],[],[],[],[],[],[],[],[],[],[],[],[],[]
viral/deu_news_2016_1M-sentences.txt/3014630,2016-2020,"[('viral/ADJ',)]","[('Effekt',)]",[],[],[],[],[],[],[],[],[],[],[],[],[],[],[],[],[],[],[],[],[]
viral/deu_news_2016_1M-sentences.txt/3421668,2016-2020,"[('viral/ADJ',)]",[],[],"[('ging',)]",[],[],[],[],[],[],[],[],[],[],[],[],[],[],[],[],[],[],[]
viral/deu_news_2016_1M-sentences.txt/3422610,2016-2020,"[('viral/ADJ',)]",[],[],"[('läuft',)]",[],[],[],[],[],[],"[('gerade',)]",[],[],[],[],[],[],[],[],[],[],[],[]
viral/deu_news_2016_1M-sentences.txt/3422658,2016-2020,"[('viral/ADJ',)]","[('Hit',)]",[],[],[],[],[],[],[],[],[],[],[],[],[],[],[],[],[],[],[],[],[]
viral/deu_news_2016_1M-sentences.txt/4049147,2016-2020,"[('viral/ADJ',)]",[],[],"[('wird',)]",[],[],[],[],[],[],"[('so',)]",[],[],[],[],[],[],[],[],[],[],[],[]
viral/deu_news_2016_1M-sentences.txt/4127623,2016-2020,"[('viral/ADJ',)]","[('Hit',)]",[],[],[],[],[],[],[],[],[],[],[],[],[],[],[],[],[],[],[],[],[]
viral/deu_news_2016_1M-sentences.txt/4226787,2016-2020,"[('viral/ADJ',)]",[],[],"[('wird',)]",[],[],[],[],[],[],[],[],[],[],[],[],[],[],[],[],[],[],[]
viral/deu_news_2016_1M-sentences.txt/4467228,2016-2020,"[('viral/ADJ',)]","[('Guerilla',)]",[],[],[],[],[],[],[],[],[],[],[],[],[],[],[],[],[],[],[],[],[]
viral/deu_news_2016_1M-sentences.txt/4807918,2016-2020,"[('viral/ADJ',)]","[('Hit',)]",[],[],[],[],[],[],[],[],[],[],[],[],[],[],[],[],[],[],[],[],[]
viral/deu_news_2016_1M-sentences.txt/5619864,2016-2020,"[('viral/ADJ',)]",[],[],"[('ging',)]",[],[],[],[],[],[],[],[],[],[],[],[],[],[],[],[],[],[],[]
viral/deu_news_2016_1M-sentences.txt/5744376,2016-2020,"[('viral/ADJ',)]","[('Post',)]",[],[],[],[],[],[],[],[],[],[],[],[],[],[],[],[],[],[],[],[],[]
viral/deu_news_2016_1M-sentences.txt/5768251,2016-2020,"[('viral/ADJ',)]","[('DNA',)]",[],[],[],[],[],[],[],[],[],[],[],[],[],[],[],[],[],[],[],[],[]
viral/deu_news_2016_1M-sentences.txt/7037157,2016-2020,"[('viral/ADJ',)]","[('Erkrankungen',)]",[],[],[],[],[],[],[],[],[],[],[],[],[],[],[],[],[],[],[],[],[]
viral/deu_news_2016_1M-sentences.txt/7660410,2016-2020,"[('viral/ADJ',)]","[('Leberentzündungen',)]",[],[],[],[],[],[],[],[],[],[],[],[],[],[],[],[],[],[],[],[],[]
viral/deu_news_2016_1M-sentences.txt/7732954,2016-2020,"[('viral/ADJ',)]","[('Hit',)]",[],[],[],[],[],[],[],[],[],[],[],[],[],[],[],[],[],[],[],[],[]
viral/deu_news_2016_1M-sentences.txt/9173199,2016-2020,"[('viral/ADJ',)]","[('Video',)]",[],[],[],[],[],[],[],[],[],[],[],[],[],[],[],[],[],[],[],[],[]
viral/deu_news_2016_1M-sentences.txt/11077936,2016-2020,"[('viral/ADJ',)]","[('Hit',)]",[],[],[],[],[],[],[],[],[],[],[],[],[],[],[],[],[],[],[],[],[]
viral/deu_news_2016_1M-sentences.txt/11367781,2016-2020,"[('viral/ADJ',)]",[],[],"[('gehen',)]",[],[],[],[],[],[],[],[],[],[],[],[],[],[],[],[],[],[],[]
viral/deu_news_2016_1M-sentences.txt/11963944,2016-2020,"[('viral/ADJ',)]","[('Hit',)]",[],[],[],[],[],[],[],[],[],[],[],[],[],[],[],[],[],[],[],[],[]
viral/deu_news_2016_1M-sentences.txt/12168850,2016-2020,"[('viral/ADJ',)]","[('Netz',)]",[],[],[],[],[],[],[],[],[],[],[],[],[],[],[],[],[],[],[],[],[]
viral/deu_news_2016_1M-sentences.txt/12782263,2016-2020,"[('viral/ADJ',)]","[('Größen',)]",[],[],[],[],[],[],[],[],[],[],[],[],[],[],[],[],[],[],[],[],[]
viral/deu_news_2016_1M-sentences.txt/14042365,2016-2020,"[('viral/ADJ',)]",[],[],"[('gegangenen',)]",[],[],[],[],[],[],[],[],[],[],[],[],[],[],[],[],[],[],[]
viral/deu_news_2016_1M-sentences.txt/14225988,2016-2020,"[('viral/ADJ',)]","[('Beitrag',)]",[],[],[],[],[],[],[],[],[],[],[],[],[],[],[],[],[],[],[],[],[]
viral/deu_news_2016_1M-sentences.txt/14297601,2016-2020,"[('viral/ADJ',)]","[('Hit',)]",[],[],[],[],[],[],[],[],[],[],[],[],[],[],[],[],[],[],[],[],[]
viral/deu_news_2016_1M-sentences.txt/14342020,2016-2020,"[('viral/ADJ',)]","[('Hit',)]",[],[],[],[],[],[],[],[],[],[],[],[],[],[],[],[],[],[],[],[],[]
viral/deu_news_2016_1M-sentences.txt/14777238,2016-2020,"[('viral/ADJ',)]","[('Gangsterrap',)]",[],[],[],[],[],[],[],[],[],[],[],[],[],[],[],[],[],[],[],[],[]
viral/deu_news_2016_1M-sentences.txt/14920239,2016-2020,"[('viral/ADJ',)]","[('Crowdfunding',)]",[],[],[],[],[],[],[],[],[],[],[],[],[],[],[],[],[],[],[],[],[]
viral/deu_news_2016_1M-sentences.txt/15447141,2016-2020,"[('viral/ADJ',)]","[('Straussen',)]",[],[],[],[],[],[],[],[],[],[],[],[],[],[],[],[],[],[],[],[],[]
viral/deu_news_2016_1M-sentences.txt/16094318,2016-2020,"[('viral/ADJ',)]",[],[],"[('verbreitet',)]",[],[],[],[],[],[],[],[],[],[],[],[],[],[],[],[],[],[],[]
viral/deu_news_2016_1M-sentences.txt/16097716,2016-2020,"[('viral/ADJ',)]","[('Hit',)]",[],[],[],[],[],[],[],[],[],[],[],[],[],[],[],[],[],[],[],[],[]
viral/deu_news_2016_1M-sentences.txt/16316888,2016-2020,"[('viral/ADJ',)]","[('Kampagnen',)]",[],[],[],[],[],[],[],[],[],[],[],[],[],[],[],[],[],[],[],[],[]
viral/deu_news_2016_1M-sentences.txt/16716926,2016-2020,"[('viral/ADJ',)]",[],[],[],[],"[('oder',)]","[('bakteriellen',)]",[],[],[],[],[],[],[],[],[],[],[],[],[],[],[],[]
viral/deu_news_2016_1M-sentences.txt/16846200,2016-2020,"[('viral/ADJ',)]","[('Clip',)]",[],[],[],[],[],[],[],[],[],[],[],[],[],[],[],[],[],[],[],[],[]
viral/deu_news_2016_1M-sentences.txt/17134948,2016-2020,"[('viral/ADJ',)]","[('Infekt',)]",[],[],[],[],[],[],[],[],[],[],[],[],[],[],[],[],[],[],[],[],[]
viral/deu_news_2016_1M-sentences.txt/17614298,2016-2020,"[('viral/ADJ',)]","[('Erfolg',)]",[],[],[],[],[],[],[],[],[],[],[],[],[],[],[],[],[],[],[],[],[]
viral/deu_news_2016_1M-sentences.txt/17621860,2016-2020,"[('viral/ADJ',)]","[('Infekts',)]",[],[],[],[],[],[],[],[],[],[],[],[],[],[],[],[],[],[],[],[],[]
viral/deu_news_2016_1M-sentences.txt/18079980,2016-2020,"[('viral/ADJ',)]","[('Hits',)]",[],[],[],[],[],[],[],[],[],[],[],[],[],[],[],[],[],[],[],[],[]
viral/deu_news_2016_1M-sentences.txt/18095495,2016-2020,"[('viral/ADJ',)]","[('Marketing',)]",[],[],[],[],[],[],[],[],[],[],[],[],[],[],[],[],[],[],[],[],[]
viral/deu_news_2016_1M-sentences.txt/18223722,2016-2020,"[('viral/ADJ',)]","[('Verbreitung',)]",[],[],[],[],[],[],[],[],[],[],[],[],[],[],[],[],[],[],[],[],[]
viral/deu_news_2016_1M-sentences.txt/19454916,2016-2020,"[('viral/ADJ',)]","[('Macht',)]",[],[],[],[],[],[],[],[],[],[],[],[],[],[],[],[],[],[],[],[],[]
viral/deu_news_2017_1M-sentences.txt/408155,2016-2020,"[('viral/ADJ',)]","[('Hit',)]",[],[],[],[],[],[],[],[],[],[],[],[],[],[],[],[],[],[],[],[],[]
viral/deu_news_2017_1M-sentences.txt/427406,2016-2020,"[('viral/ADJ',)]","[('Erreger',)]","[('bakteriellen',)]",[],[],[],[],[],[],[],[],[],[],[],[],[],[],[],[],[],[],[],[]
viral/deu_news_2017_1M-sentences.txt/1434570,2016-2020,"[('viral/ADJ',)]",[],[],"[('vertreten',)]",[],[],[],[],[],[],[],[],[],[],[],[],[],[],[],[],[],[],[]
viral/deu_news_2017_1M-sentences.txt/1829891,2016-2020,"[('viral/ADJ',)]","[('Urlaubsfoto',)]",[],[],[],[],[],[],[],[],[],[],[],[],[],[],[],[],[],[],[],[],[]
viral/deu_news_2017_1M-sentences.txt/2262872,2016-2020,"[('viral/ADJ',)]","[('Reichweite',)]",[],[],[],[],[],[],[],[],[],[],[],[],[],[],[],[],[],[],[],[],[]
viral/deu_news_2017_1M-sentences.txt/2974150,2016-2020,"[('viral/ADJ',)]",[],[],"[('geht',)]",[],[],[],[],[],[],[],[],[],[],[],[],[],[],[],[],[],[],[]
viral/deu_news_2017_1M-sentences.txt/3443132,2016-2020,"[('viral/ADJ',)]","[('Oberflächenprotein',)]",[],[],[],[],[],[],[],[],[],[],[],[],[],[],[],[],[],[],[],[],[]
viral/deu_news_2017_1M-sentences.txt/3472631,2016-2020,"[('viral/ADJ',)]","[('Erbgut',)]",[],[],[],[],[],[],[],[],[],[],[],[],[],[],[],[],[],[],[],[],[]
viral/deu_news_2017_1M-sentences.txt/3790916,2016-2020,"[('viral/ADJ',)]",[],[],"[('verbreitet',)]",[],[],[],[],[],[],[],[],[],[],[],[],[],[],[],[],[],[],[]
viral/deu_news_2017_1M-sentences.txt/4147403,2016-2020,"[('viral/ADJ',)]",[],[],"[('verbreitet',)]",[],[],[],[],[],[],[],[],[],[],[],[],[],[],[],[],[],[],[]
viral/deu_news_2017_1M-sentences.txt/4149340,2016-2020,"[('viral/ADJ',)]","[('Video',)]",[],[],[],[],[],[],[],[],[],[],[],[],[],[],[],[],[],[],[],[],[]
viral/deu_news_2017_1M-sentences.txt/4149367,2016-2020,"[('viral/ADJ',)]",[],[],"[('gehende',)]",[],[],[],[],[],[],[],[],[],[],[],[],[],[],[],[],[],[],[]
viral/deu_news_2017_1M-sentences.txt/4231406,2016-2020,"[('viral/ADJ',)]",[],[],"[('gegangen',)]",[],[],[],[],[],[],[],[],[],[],[],[],[],[],[],[],[],[],[]
viral/deu_news_2017_1M-sentences.txt/4424362,2016-2020,"[('viral/ADJ',)]","[('Klick',)]",[],[],[],[],[],[],[],[],[],[],[],[],[],[],[],[],[],[],[],[],[]
viral/deu_news_2017_1M-sentences.txt/5035114,2016-2020,"[('viral/ADJ',)]",[],[],"[('geht',)]",[],[],[],[],[],[],[],[],[],[],[],[],[],[],[],[],[],[],[]
viral/deu_news_2017_1M-sentences.txt/5167606,2016-2020,"[('viral/ADJ',)]",[],[],"[('wurde',)]",[],[],[],[],[],[],[],[],[],[],[],[],[],[],[],[],[],[],[]
viral/deu_news_2017_1M-sentences.txt/5527141,2016-2020,"[('viral/ADJ',)]","[('Hit',)]",[],[],[],[],[],[],[],[],[],[],[],[],[],[],[],[],[],[],[],[],[]
viral/deu_news_2017_1M-sentences.txt/6009924,2016-2020,"[('viral/ADJ',)]",[],[],"[('ging',)]",[],[],[],[],[],[],[],[],[],[],[],[],[],[],[],[],[],[],[]
viral/deu_news_2017_1M-sentences.txt/6820484,2016-2020,"[('viral/ADJ',)]","[('Kampagnen',)]",[],[],[],[],[],[],[],[],[],[],[],[],[],[],[],[],[],[],[],[],[]
viral/deu_news_2017_1M-sentences.txt/8482807,2016-2020,"[('viral/ADJ',)]","[('Hit',)]",[],[],[],[],[],[],[],[],[],[],[],[],[],[],[],[],[],[],[],[],[]
viral/deu_news_2017_1M-sentences.txt/8997130,2016-2020,"[('viral/ADJ',)]",[],[],"[('geht',)]",[],[],[],[],[],[],[],[],[],[],[],[],[],[],[],[],[],[],[]
viral/deu_news_2017_1M-sentences.txt/9206870,2016-2020,"[('viral/ADJ',)]",[],[],"[('geht',)]",[],[],[],[],[],[],[],[],[],[],[],[],[],[],[],[],[],[],[]
viral/deu_news_2017_1M-sentences.txt/10527472,2016-2020,"[('viral/ADJ',)]","[('Licht',)]",[],[],[],[],[],[],[],[],[],[],[],[],[],[],[],[],[],[],[],[],[]
viral/deu_news_2017_1M-sentences.txt/10727402,2016-2020,"[('viral/ADJ',)]",[],[],"[('ging',)]",[],[],[],[],[],[],[],[],[],[],[],[],[],[],[],[],[],[],[]
viral/deu_news_2017_1M-sentences.txt/11808796,2016-2020,"[('viral/ADJ',)]","[('Hit',)]",[],[],[],[],[],[],[],[],[],[],[],[],[],[],[],[],[],[],[],[],[]
viral/deu_news_2017_1M-sentences.txt/12133981,2016-2020,"[('viral/ADJ',)]","[('Berg',)]",[],[],[],[],[],[],[],[],[],[],[],[],[],[],[],[],[],[],[],[],[]
viral/deu_news_2017_1M-sentences.txt/12201604,2016-2020,"[('viral/ADJ',)]",[],[],"[('gehen',)]",[],[],[],[],[],[],[],[],[],[],[],[],[],[],[],[],[],[],[]
viral/deu_news_2017_1M-sentences.txt/12347959,2016-2020,"[('viral/ADJ',)]",[],[],"[('gehen',)]","[('„',), ('“',)]",[],[],[],[],[],[],[],[],[],[],[],[],[],[],[],[],[],[]
viral/deu_news_2017_1M-sentences.txt/12567501,2016-2020,"[('viral/ADJ',)]",[],[],"[('ging',)]",[],[],[],[],[],[],[],[],[],[],[],[],[],[],[],[],[],[],[]
viral/deu_news_2017_1M-sentences.txt/13227994,2016-2020,"[('viral/ADJ',)]",[],[],"[('ging',)]",[],[],[],[],[],[],[],[],[],[],[],[],[],[],[],[],[],[],[]
viral/deu_news_2017_1M-sentences.txt/13458018,2016-2020,"[('viral/ADJ',)]","[('Phänomene',)]",[],[],[],[],[],[],[],[],[],[],[],[],[],[],[],[],[],[],[],[],[]
viral/deu_news_2017_1M-sentences.txt/14259620,2016-2020,"[('viral/ADJ',)]",[],[],"[('verbreiten',)]",[],[],[],[],[],[],[],[],[],[],[],[],[],[],[],[],[],[],[]
viral/deu_news_2017_1M-sentences.txt/14319177,2016-2020,"[('viral/ADJ',)]","[('Immunantwort',)]",[],[],[],[],[],[],[],[],[],[],[],[],[],[],[],[],[],[],[],[],[]
viral/deu_news_2017_1M-sentences.txt/14994588,2016-2020,"[('viral/ADJ',)]",[],[],"[('geht',)]",[],[],[],[],[],[],[],[],[],[],[],[],[],[],[],[],[],[],[]
viral/deu_news_2017_1M-sentences.txt/15011688,2016-2020,"[('viral/ADJ',)]",[],[],[],"[('.',)]",[],[],[],[],[],"[('Nicht',), ('gerade',)]",[],[],[],[],[],[],[],[],[],[],[],[]
viral/deu_news_2017_1M-sentences.txt/15162187,2016-2020,"[('viral/ADJ',)]",[],"[('Sorgen',)]","[('gehen',)]",[],[],[],[],[],[],[],[],[],[],[],[],[],[],[],[],[],[],[]
viral/deu_news_2017_1M-sentences.txt/16948888,2016-2020,"[('viral/ADJ',)]",[],[],"[('ankommt',)]",[],[],[],[],[],[],[],[],[],[],[],[],[],[],[],[],[],[],[]
viral/deu_news_2017_1M-sentences.txt/18252150,2016-2020,"[('viral/ADJ',)]",[],[],"[('gehen',)]",[],[],[],[],[],[],[],[],[],[],[],[],[],[],[],[],[],[],[]
viral/deu_news_2017_1M-sentences.txt/18363950,2016-2020,"[('viral/ADJ',)]","[('Video',)]",[],[],[],[],[],[],[],[],[],[],[],[],[],[],[],[],[],[],[],[],[]
viral/deu_news_2017_1M-sentences.txt/19072684,2016-2020,"[('viral/ADJ',)]",[],[],[],"[(',',)]",[],"[('billige',)]",[],[],[],[],[],[],[],[],[],[],[],[],[],[],[],[]
viral/deu_news_2017_1M-sentences.txt/19489893,2016-2020,"[('viral/ADJ',)]",[],[],"[('geht',)]",[],[],[],[],[],[],[],[],[],[],[],[],[],[],[],[],[],[],[]
viral/deu_news_2017_1M-sentences.txt/20021265,2016-2020,"[('viral/ADJ',)]",[],[],[],[],"[('oder',)]","[('bakteriellen',)]",[],[],[],[],[],[],[],[],[],[],[],[],[],[],[],[]
viral/deu_news_2018_1M-sentences.txt/32179,2016-2020,"[('viral/ADJ',)]",[],[],"[('geht',)]",[],[],[],[],[],[],"[('gerade',)]",[],[],[],[],[],[],[],[],[],[],[],[]
viral/deu_news_2018_1M-sentences.txt/563054,2016-2020,"[('viral/ADJ',)]","[('Wutrede',)]",[],[],[],[],[],[],[],[],[],[],[],[],[],[],[],[],[],[],[],[],[]
viral/deu_news_2018_1M-sentences.txt/1618049,2016-2020,"[('viral/ADJ',)]",[],[],"[('gehen',)]",[],[],[],[],[],[],[],[],[],[],[],[],[],[],[],[],[],[],[]
viral/deu_news_2018_1M-sentences.txt/1797712,2016-2020,"[('viral/ADJ',)]",[],[],"[('bedingte',)]",[],[],[],[],[],[],[],[],[],[],[],[],[],[],[],[],[],[],[]
viral/deu_news_2018_1M-sentences.txt/1968844,2016-2020,"[('viral/ADJ',)]","[('Angriff',)]",[],[],[],[],[],[],[],[],[],[],[],[],[],[],[],[],[],[],[],[],[]
viral/deu_news_2018_1M-sentences.txt/3291542,2016-2020,"[('viral/ADJ',)]","[('Assays',)]","[('gentherapeutische',)]",[],[],[],[],[],[],[],[],[],[],[],[],[],[],[],[],[],[],[],[]
viral/deu_news_2018_1M-sentences.txt/3918286,2016-2020,"[('viral/ADJ',)]","[('Marketing',)]",[],[],[],[],[],[],[],[],[],[],[],[],[],[],[],[],[],[],[],[],[]
viral/deu_news_2018_1M-sentences.txt/4002251,2016-2020,"[('viral/ADJ',)]","[('Songs',)]",[],[],[],[],[],[],[],[],[],[],[],[],[],[],[],[],[],[],[],[],[]
viral/deu_news_2018_1M-sentences.txt/4111749,2016-2020,"[('viral/ADJ',)]",[],[],"[('ging',)]",[],[],[],[],[],[],[],[],[],[],[],[],[],[],[],[],[],[],[]
viral/deu_news_2018_1M-sentences.txt/4111833,2016-2020,"[('viral/ADJ',)]",[],[],"[('geht',)]",[],[],[],[],[],[],[],[],[],[],[],[],[],[],[],[],[],[],[]
viral/deu_news_2018_1M-sentences.txt/4111908,2016-2020,"[('viral/ADJ',)]",[],[],"[('ging',)]",[],[],[],[],[],[],[],[],[],[],[],[],[],[],[],[],[],[],[]
viral/deu_news_2018_1M-sentences.txt/4848152,2016-2020,"[('viral/ADJ',)]",[],[],"[('verbreitet',)]",[],[],[],[],[],[],[],[],[],[],[],[],[],[],[],[],[],[],[]
viral/deu_news_2018_1M-sentences.txt/5099687,2016-2020,"[('viral/ADJ',)]",[],[],"[('geht',)]",[],[],[],[],[],[],[],[],[],[],[],[],[],[],[],[],[],[],[]
viral/deu_news_2018_1M-sentences.txt/5158105,2016-2020,"[('viral/ADJ',)]",[],[],"[('geht',)]",[],[],[],[],[],[],[],[],[],[],[],[],[],[],[],[],[],[],[]
viral/deu_news_2018_1M-sentences.txt/5190657,2016-2020,"[('viral/ADJ',)]","[('Autobahn',)]",[],[],[],[],[],[],[],[],[],[],[],[],[],[],[],[],[],[],[],[],[]
viral/deu_news_2018_1M-sentences.txt/5982172,2016-2020,"[('viral/ADJ',)]","[('Hit',)]",[],[],[],[],[],[],[],[],[],[],[],[],[],[],[],[],[],[],[],[],[]
viral/deu_news_2018_1M-sentences.txt/5986685,2016-2020,"[('viral/ADJ',)]","[('Videos',)]",[],[],[],[],[],[],[],[],[],[],[],[],[],[],[],[],[],[],[],[],[]
viral/deu_news_2018_1M-sentences.txt/6689713,2016-2020,"[('viral/ADJ',)]",[],[],"[('geht',)]",[],[],[],[],[],[],[],[],[],[],[],[],[],[],[],[],[],[],[]
viral/deu_news_2018_1M-sentences.txt/6709607,2016-2020,"[('viral/ADJ',)]","[('Setpoints',)]",[],[],[],[],[],[],[],[],[],[],[],[],[],[],[],[],[],[],[],[],[]
viral/deu_news_2018_1M-sentences.txt/7197162,2016-2020,"[('viral/ADJ',)]","[('Gehirn',)]",[],[],[],[],[],[],[],[],[],[],[],[],[],[],[],[],[],[],[],[],[]
viral/deu_news_2018_1M-sentences.txt/7437545,2016-2020,"[('viral/ADJ',)]","[('Hit',)]",[],[],[],[],[],[],[],[],[],[],[],[],[],[],[],[],[],[],[],[],[]
viral/deu_news_2018_1M-sentences.txt/7918834,2016-2020,"[('viral/ADJ',)]",[],[],"[('wurde',)]",[],[],[],[],[],[],[],[],[],[],[],[],[],[],[],[],[],[],[]
viral/deu_news_2018_1M-sentences.txt/8682697,2016-2020,"[('viral/ADJ',)]",[],[],"[('geht',)]",[],[],[],[],[],[],[],[],[],[],[],[],[],[],[],[],[],[],[]
viral/deu_news_2018_1M-sentences.txt/11301325,2016-2020,"[('viral/ADJ',)]",[],[],"[('gehen',)]",[],[],[],[],[],[],[],[],[],[],[],[],[],[],[],[],[],[],[]
viral/deu_news_2018_1M-sentences.txt/11994332,2016-2020,"[('viral/ADJ',)]","[('Hit',)]",[],[],[],[],[],[],[],[],[],[],[],[],[],[],[],[],[],[],[],[],[]
viral/deu_news_2018_1M-sentences.txt/12195017,2016-2020,"[('viral/ADJ',)]","[('Fieber',)]",[],[],[],[],[],[],[],[],[],[],[],[],[],[],[],[],[],[],[],[],[]
viral/deu_news_2018_1M-sentences.txt/13917839,2016-2020,"[('viral/ADJ',)]",[],[],"[('geht',)]",[],[],[],[],[],[],[],[],[],[],[],[],[],[],[],[],[],[],[]
viral/deu_news_2018_1M-sentences.txt/14221316,2016-2020,"[('viral/ADJ',)]","[('Zoonosen',)]",[],[],[],[],[],[],[],[],[],[],[],[],[],[],[],[],[],[],[],[],[]
viral/deu_news_2018_1M-sentences.txt/14223371,2016-2020,"[('viral/ADJ',)]",[],[],"[('geht',)]",[],[],[],[],[],[],[],[],[],[],[],[],[],[],[],[],[],[],[]
viral/deu_news_2018_1M-sentences.txt/14702878,2016-2020,"[('viral/ADJ',)]","[('Infekt',)]",[],[],[],[],[],[],[],[],[],[],[],[],[],[],[],[],[],[],[],[],[]
viral/deu_news_2018_1M-sentences.txt/15232290,2016-2020,"[('viral/ADJ',)]","[('Infekt',)]",[],[],[],[],[],[],[],[],[],[],[],[],[],[],[],[],[],[],[],[],[]
viral/deu_news_2018_1M-sentences.txt/15430280,2016-2020,"[('viral/ADJ',)]",[],[],"[('gehen',)]",[],[],[],[],[],[],[],[],[],[],[],[],[],[],[],[],[],[],[]
viral/deu_news_2018_1M-sentences.txt/16418714,2016-2020,"[('viral/ADJ',)]",[],[],"[('machten',)]",[],[],[],[],[],[],[],[],[],[],[],[],[],[],[],[],[],[],[]
viral/deu_news_2018_1M-sentences.txt/16490157,2016-2020,"[('viral/ADJ',)]","[('Vektoren',)]",[],[],[],[],[],[],[],[],[],[],[],[],[],[],[],[],[],[],[],[],[]
viral/deu_news_2018_1M-sentences.txt/16548315,2016-2020,"[('viral/ADJ',)]","[('Hit',)]",[],[],[],[],[],[],[],[],[],[],[],[],[],[],[],[],[],[],[],[],[]
viral/deu_news_2018_1M-sentences.txt/16748802,2016-2020,"[('viral/ADJ',)]","[('Hit',)]",[],[],[],[],[],[],[],[],[],[],[],[],[],[],[],[],[],[],[],[],[]
viral/deu_news_2018_1M-sentences.txt/17557151,2016-2020,"[('viral/ADJ',)]","[('Berühmtheit',)]",[],[],[],[],[],[],[],[],[],[],[],[],[],[],[],[],[],[],[],[],[]
viral/deu_news_2018_1M-sentences.txt/18135122,2016-2020,"[('viral/ADJ',)]","[('Hit',)]",[],[],[],[],[],[],[],[],[],[],[],[],[],[],[],[],[],[],[],[],[]
viral/deu_news_2018_1M-sentences.txt/18135145,2016-2020,"[('viral/ADJ',)]","[('Verbreitung',)]",[],[],[],[],[],[],[],[],[],[],[],[],[],[],[],[],[],[],[],[],[]
viral/deu_news_2019_1M-sentences.txt/1364675,2016-2020,"[('viral/ADJ',)]","[('Hit',)]",[],[],[],[],[],[],[],[],[],[],[],[],[],[],[],[],[],[],[],[],[]
viral/deu_news_2019_1M-sentences.txt/1426863,2016-2020,"[('viral/ADJ',)]","[('Infektion',)]",[],[],[],[],[],[],[],[],[],[],[],[],[],[],[],[],[],[],[],[],[]
viral/deu_news_2019_1M-sentences.txt/1438918,2016-2020,"[('viral/ADJ',)]",[],[],"[('geht',)]",[],[],[],[],[],[],[],[],[],[],[],[],[],[],[],[],[],[],[]
viral/deu_news_2019_1M-sentences.txt/1585151,2016-2020,"[('viral/ADJ',)]",[],[],[],[],"[('und',)]","[('bakterielle',)]",[],[],[],[],[],[],[],[],[],[],[],[],[],[],[],[]
viral/deu_news_2019_1M-sentences.txt/1657968,2016-2020,"[('viral/ADJ',)]",[],[],"[('geht',)]",[],[],[],[],[],[],[],[],[],[],[],[],[],[],[],[],[],[],[]
viral/deu_news_2019_1M-sentences.txt/1659340,2016-2020,"[('viral/ADJ',)]",[],[],"[('ging',)]",[],[],[],[],[],[],[],[],[],[],[],[],[],[],[],[],[],[],[]
viral/deu_news_2019_1M-sentences.txt/3076580,2016-2020,"[('viral/ADJ',)]",[],[],"[('ging',)]",[],[],[],[],[],[],[],[],[],[],[],[],[],[],[],[],[],[],[]
viral/deu_news_2019_1M-sentences.txt/3491259,2016-2020,"[('viral/ADJ',)]",[],[],"[('ging',)]",[],[],[],[],[],[],[],[],[],[],[],[],[],[],[],[],[],[],[]
viral/deu_news_2019_1M-sentences.txt/3618962,2016-2020,"[('viral/ADJ',)]",[],[],"[('geht',)]",[],[],[],[],[],[],[],[],[],[],[],[],[],[],[],[],[],[],[]
viral/deu_news_2019_1M-sentences.txt/3637261,2016-2020,"[('viral/ADJ',)]",[],[],"[('verbreiten',)]",[],[],[],[],[],[],[],[],[],[],[],[],[],[],[],[],[],[],[]
viral/deu_news_2019_1M-sentences.txt/3969725,2016-2020,"[('viral/ADJ',)]",[],[],"[('geht',)]",[],[],[],[],[],[],[],[],[],[],[],[],[],[],[],[],[],[],[]
viral/deu_news_2019_1M-sentences.txt/4199736,2016-2020,"[('viral/ADJ',)]",[],[],"[('geht',)]",[],[],[],[],[],[],[],[],[],[],[],[],[],[],[],[],[],[],[]
viral/deu_news_2019_1M-sentences.txt/4199743,2016-2020,"[('viral/ADJ',)]",[],[],"[('geht',)]",[],[],[],[],[],[],[],[],[],[],[],[],[],[],[],[],[],[],[]
viral/deu_news_2019_1M-sentences.txt/4199750,2016-2020,"[('viral/ADJ',)]",[],[],"[('geht',)]",[],[],[],[],[],[],[],[],[],[],[],[],[],[],[],[],[],[],[]
viral/deu_news_2019_1M-sentences.txt/4199816,2016-2020,"[('viral/ADJ',)]",[],[],"[('ging',)]",[],[],[],[],[],[],[],[],[],[],[],[],[],[],[],[],[],[],[]
viral/deu_news_2019_1M-sentences.txt/4200512,2016-2020,"[('viral/ADJ',)]",[],[],"[('ging',)]",[],[],[],[],[],[],[],[],[],[],[],[],[],[],[],[],[],[],[]
viral/deu_news_2019_1M-sentences.txt/5423335,2016-2020,"[('viral/ADJ',)]","[('Videos',)]",[],[],[],[],[],[],[],[],[],[],[],[],[],[],[],[],[],[],[],[],[]
viral/deu_news_2019_1M-sentences.txt/5559841,2016-2020,"[('viral/ADJ',)]","[('Hit',)]",[],[],[],[],[],[],[],[],[],[],[],[],[],[],[],[],[],[],[],[],[]
viral/deu_news_2019_1M-sentences.txt/7410161,2016-2020,"[('viral/ADJ',)]",[],[],"[('geht',)]",[],[],[],[],[],[],[],[],[],[],[],[],[],[],[],[],[],[],[]
viral/deu_news_2019_1M-sentences.txt/7445007,2016-2020,"[('viral/ADJ',)]","[('Infektion',)]",[],[],[],[],[],[],[],[],[],[],[],[],[],[],[],[],[],[],[],[],[]
viral/deu_news_2019_1M-sentences.txt/7551528,2016-2020,"[('viral/ADJ',)]",[],[],"[('ging',)]",[],[],[],[],[],[],[],[],[],[],[],[],[],[],[],[],[],[],[]
viral/deu_news_2019_1M-sentences.txt/8062344,2016-2020,"[('viral/ADJ',)]",[],[],"[('gingen',)]",[],[],[],[],[],[],[],[],[],[],[],[],[],[],[],[],[],[],[]
viral/deu_news_2019_1M-sentences.txt/8290210,2016-2020,"[('viral/ADJ',)]",[],[],"[('gingen',)]",[],[],[],[],[],[],[],[],[],[],[],[],[],[],[],[],[],[],[]
viral/deu_news_2019_1M-sentences.txt/8975597,2016-2020,"[('viral/ADJ',)]",[],[],"[('gehen',)]",[],[],[],[],[],[],[],[],[],[],[],[],[],[],[],[],[],[],[]
viral/deu_news_2019_1M-sentences.txt/9171581,2016-2020,"[('viral/ADJ',)]",[],[],"[('geht',)]",[],[],[],[],[],[],[],[],[],[],[],[],[],[],[],[],[],[],[]
viral/deu_news_2019_1M-sentences.txt/9248995,2016-2020,"[('viral/ADJ',)]",[],[],"[('geht',)]",[],[],[],[],[],[],[],[],[],[],[],[],[],[],[],[],[],[],[]
viral/deu_news_2019_1M-sentences.txt/9249377,2016-2020,"[('viral/ADJ',)]",[],[],"[('ging',)]",[],[],[],[],[],[],[],[],[],[],[],[],[],[],[],[],[],[],[]
viral/deu_news_2019_1M-sentences.txt/9249514,2016-2020,"[('viral/ADJ',)]",[],[],"[('ging',)]",[],[],[],[],[],[],[],[],[],[],[],[],[],[],[],[],[],[],[]
viral/deu_news_2019_1M-sentences.txt/9718193,2016-2020,"[('viral/ADJ',)]","[('Infektion',)]",[],[],[],[],[],[],[],[],[],[],[],[],[],[],[],[],[],[],[],[],[]
viral/deu_news_2019_1M-sentences.txt/9897235,2016-2020,"[('viral/ADJ',)]",[],[],"[('ging',)]",[],[],[],[],[],[],"[('sehr',)]",[],[],[],[],[],[],[],[],[],[],[],[]
viral/deu_news_2019_1M-sentences.txt/10134028,2016-2020,"[('viral/ADJ',)]",[],[],"[('gehen',)]",[],[],[],[],[],[],[],[],[],[],[],[],[],[],[],[],[],[],[]
viral/deu_news_2019_1M-sentences.txt/10410060,2016-2020,"[('viral/ADJ',)]",[],[],"[('gingen',)]",[],[],[],[],[],[],[],[],[],[],[],[],[],[],[],[],[],[],[]
viral/deu_news_2019_1M-sentences.txt/10589527,2016-2020,"[('viral/ADJ',)]","[('Vektoren',)]",[],[],[],[],[],[],[],[],[],[],[],[],[],[],[],[],[],[],[],[],[]
viral/deu_news_2019_1M-sentences.txt/10987176,2016-2020,"[('viral/ADJ',)]",[],[],"[('gehenden',)]",[],[],[],[],[],[],[],[],[],[],[],[],[],[],[],[],[],[],[]
viral/deu_news_2019_1M-sentences.txt/11122647,2016-2020,"[('viral/ADJ',)]",[],[],"[('gegangenen',)]",[],[],[],[],[],[],[],[],[],[],[],[],[],[],[],[],[],[],[]
viral/deu_news_2019_1M-sentences.txt/11197889,2016-2020,"[('viral/ADJ',)]",[],[],"[('geht',)]",[],[],[],[],[],[],[],[],[],[],[],[],[],[],[],[],[],[],[]
viral/deu_news_2019_1M-sentences.txt/11784624,2016-2020,"[('viral/ADJ',)]","[('Infekts',)]",[],[],[],[],[],[],[],[],[],[],[],[],[],[],[],[],[],[],[],[],[]
viral/deu_news_2019_1M-sentences.txt/12870729,2016-2020,"[('viral/ADJ',)]",[],[],"[('geht',)]",[],[],[],[],[],[],[],[],[],[],[],[],[],[],[],[],[],[],[]
viral/deu_news_2019_1M-sentences.txt/12900680,2016-2020,"[('viral/ADJ',)]",[],[],"[('geht',)]",[],[],[],[],[],[],[],[],[],[],[],[],[],[],[],[],[],[],[]
viral/deu_news_2019_1M-sentences.txt/13237807,2016-2020,"[('viral/ADJ',)]","[('Hit',)]",[],[],[],[],[],[],[],[],[],[],[],[],[],[],[],[],[],[],[],[],[]
viral/deu_news_2019_1M-sentences.txt/13755437,2016-2020,"[('viral/ADJ',)]","[('Hepatitis',)]",[],[],[],[],[],[],[],[],[],[],[],[],[],[],[],[],[],[],[],[],[]
viral/deu_news_2019_1M-sentences.txt/14290736,2016-2020,"[('viral/ADJ',)]",[],[],"[('geht',)]",[],[],[],[],[],[],[],[],[],[],[],[],[],[],[],[],[],[],[]
viral/deu_news_2019_1M-sentences.txt/14593884,2016-2020,"[('viral/ADJ',)]",[],[],"[('geht',)]",[],[],[],[],[],[],[],[],[],[],[],[],[],[],[],[],[],[],[]
viral/deu_news_2019_1M-sentences.txt/14805859,2016-2020,"[('viral/ADJ',)]","[('Infektion',)]",[],[],[],[],[],[],[],[],[],[],[],[],[],[],[],[],[],[],[],[],[]
viral/deu_news_2019_1M-sentences.txt/14995693,2016-2020,"[('viral/ADJ',)]","[('Video',)]",[],[],[],[],[],[],[],[],[],[],[],[],[],[],[],[],[],[],[],[],[]
viral/deu_news_2019_1M-sentences.txt/15691885,2016-2020,"[('viral/ADJ',)]","[('Video',)]",[],[],[],[],[],[],[],[],[],[],[],[],[],[],[],[],[],[],[],[],[]
viral/deu_news_2019_1M-sentences.txt/15986628,2016-2020,"[('viral/ADJ',)]",[],[],"[('gingen',)]",[],[],[],[],[],[],[],[],[],[],[],[],[],[],[],[],[],[],[]
viral/deu_news_2019_1M-sentences.txt/16846580,2016-2020,"[('viral/ADJ',)]",[],[],"[('ging',)]",[],[],[],[],[],[],[],[],[],[],[],[],[],[],[],[],[],[],[]
viral/deu_news_2019_1M-sentences.txt/18477786,2016-2020,"[('viral/ADJ',)]",[],[],"[('gingen',)]",[],[],[],[],[],[],[],[],[],[],[],[],[],[],[],[],[],[],[]
viral/deu_news_2019_1M-sentences.txt/18495718,2016-2020,"[('viral/ADJ',)]",[],[],[],[],[],[],"[('in',)]","[('einem',)]","[('gebeten',)]",[],[],[],[],[],[],[],[],[],[],[],[],[]
viral/deu_news_2019_1M-sentences.txt/20200905,2016-2020,"[('viral/ADJ',)]","[('Volltreffer',)]",[],[],[],[],[],[],[],[],[],[],[],[],[],[],[],[],[],[],[],[],[]
viral/deu_news_2019_1M-sentences.txt/20332504,2016-2020,"[('viral/ADJ',)]","[('Vektor',)]",[],[],[],[],[],[],[],[],[],[],[],[],[],[],[],[],[],[],[],[],[]
viral/deu_news_2020_1M-sentences.txt/61749,2016-2020,"[('viral/ADJ',)]","[('Elementarereignis',)]",[],[],[],[],[],[],[],[],[],[],[],[],[],[],[],[],[],[],[],[],[]
viral/deu_news_2020_1M-sentences.txt/1418892,2016-2020,"[('viral/ADJ',)]","[('Krankheitserregern',)]",[],[],[],[],[],[],[],[],[],[],[],[],[],[],[],[],[],[],[],[],[]
viral/deu_news_2020_1M-sentences.txt/1724537,2016-2020,"[('viral/ADJ',)]",[],[],"[('ging',)]",[],[],[],[],[],[],[],[],[],[],[],[],[],[],[],[],[],[],[]
viral/deu_news_2020_1M-sentences.txt/1724773,2016-2020,"[('viral/ADJ',)]","[('Anstrengung',)]",[],[],[],[],[],[],[],[],[],[],[],[],[],[],[],[],[],[],[],[],[]
viral/deu_news_2020_1M-sentences.txt/1924846,2016-2020,"[('viral/ADJ',)]","[('Massenmedien',)]",[],[],[],[],[],[],[],[],[],[],[],[],[],[],[],[],[],[],[],[],[]
viral/deu_news_2020_1M-sentences.txt/2060299,2016-2020,"[('viral/ADJ',)]","[('Vektorimpfstoffs',)]",[],[],[],[],[],[],[],[],[],[],[],[],[],[],[],[],[],[],[],[],[]
viral/deu_news_2020_1M-sentences.txt/2148406,2016-2020,"[('viral/ADJ',)]","[('Bronchitis',)]","[('bakteriellen',)]",[],[],[],[],[],[],[],[],[],[],[],[],[],[],[],[],[],[],[],[]
viral/deu_news_2020_1M-sentences.txt/2870363,2016-2020,"[('viral/ADJ',)]","[('Gehirn',)]",[],[],[],[],[],[],[],[],[],[],[],[],[],[],[],[],[],[],[],[],[]
viral/deu_news_2020_1M-sentences.txt/3600764,2016-2020,"[('viral/ADJ',)]",[],[],"[('ging',)]",[],[],[],[],[],[],[],[],[],[],[],[],[],[],[],[],[],[],[]
viral/deu_news_2020_1M-sentences.txt/3600946,2016-2020,"[('viral/ADJ',)]",[],[],"[('ging',)]",[],[],[],[],[],[],[],[],[],[],[],[],[],[],[],[],[],[],[]
viral/deu_news_2020_1M-sentences.txt/3674992,2016-2020,"[('viral/ADJ',)]",[],[],"[('ging',)]",[],[],[],[],[],[],[],[],[],[],[],[],[],[],[],[],[],[],[]
viral/deu_news_2020_1M-sentences.txt/3832393,2016-2020,"[('viral/ADJ',)]",[],[],"[('gegangen',)]",[],[],[],[],[],[],[],[],[],[],[],[],[],[],[],[],[],[],[]
viral/deu_news_2020_1M-sentences.txt/4099352,2016-2020,"[('viral/ADJ',)]",[],[],"[('geht',)]",[],[],[],[],[],[],[],[],[],[],[],[],[],[],[],[],[],[],[]
viral/deu_news_2020_1M-sentences.txt/4250203,2016-2020,"[('viral/ADJ',)]","[('Genfragmente',)]",[],[],[],[],[],[],[],[],[],[],[],[],[],[],[],[],[],[],[],[],[]
viral/deu_news_2020_1M-sentences.txt/4325378,2016-2020,"[('viral/ADJ',)]",[],[],"[('ging',)]",[],[],[],[],[],[],[],[],[],[],[],[],[],[],[],[],[],[],[]
viral/deu_news_2020_1M-sentences.txt/4325636,2016-2020,"[('viral/ADJ',)]",[],[],"[('ging',)]",[],[],[],[],[],[],[],[],[],[],[],[],[],[],[],[],[],[],[]
viral/deu_news_2020_1M-sentences.txt/4996875,2016-2020,"[('viral/ADJ',)]",[],[],"[('ging',)]",[],[],[],[],[],[],[],[],[],[],[],[],[],[],[],[],[],[],[]
viral/deu_news_2020_1M-sentences.txt/5079943,2016-2020,"[('viral/ADJ',)]",[],[],"[('gegangen',)]",[],[],[],[],[],[],[],[],[],[],[],[],[],[],[],[],[],[],[]
viral/deu_news_2020_1M-sentences.txt/5367005,2016-2020,"[('viral/ADJ',)]","[('Ansteckungsgefahr',)]",[],[],[],[],[],[],[],[],[],[],[],[],[],[],[],[],[],[],[],[],[]
viral/deu_news_2020_1M-sentences.txt/5530597,2016-2020,"[('viral/ADJ',)]","[('RNA',)]",[],[],[],[],[],[],[],[],[],[],[],[],[],[],[],[],[],[],[],[],[]
viral/deu_news_2020_1M-sentences.txt/5530603,2016-2020,"[('viral/ADJ',)]","[('Erbgutpartikel',)]",[],[],[],[],[],[],[],[],[],[],[],[],[],[],[],[],[],[],[],[],[]
viral/deu_news_2020_1M-sentences.txt/5825826,2016-2020,"[('viral/ADJ',)]","[('Infekten',)]",[],[],[],[],[],[],[],[],[],[],[],[],[],[],[],[],[],[],[],[],[]
viral/deu_news_2020_1M-sentences.txt/5890426,2016-2020,"[('viral/ADJ',)]","[('Infektionen',)]",[],[],[],[],[],[],[],[],[],[],[],[],[],[],[],[],[],[],[],[],[]
viral/deu_news_2020_1M-sentences.txt/5910419,2016-2020,"[('viral/ADJ',)]",[],[],"[('geht',)]",[],[],[],[],[],[],[],[],[],[],[],[],[],[],[],[],[],[],[]
viral/deu_news_2020_1M-sentences.txt/6240606,2016-2020,"[('viral/ADJ',)]",[],[],"[('gehen',)]",[],[],[],[],[],[],[],[],[],[],[],[],[],[],[],[],[],[],[]
viral/deu_news_2020_1M-sentences.txt/6554636,2016-2020,"[('viral/ADJ',)]","[('MMR',)]",[],[],[],[],[],[],[],[],"[('dreifach',)]",[],[],[],[],[],[],[],[],[],[],[],[]
viral/deu_news_2020_1M-sentences.txt/6554642,2016-2020,"[('viral/ADJ',)]","[('SR',)]",[],[],[],[],[],[],[],[],"[('doppelt',)]",[],[],[],[],[],[],[],[],[],[],[],[]
viral/deu_news_2020_1M-sentences.txt/6636733,2016-2020,"[('viral/ADJ',)]",[],[],"[('geht',)]",[],[],[],[],[],[],[],[],[],[],[],[],[],[],[],[],[],[],[]
viral/deu_news_2020_1M-sentences.txt/6712430,2016-2020,"[('viral/ADJ',)]","[('Krankheitserreger',)]","[('parasitäre',)]",[],[],[],[],[],[],[],[],[],[],[],[],[],[],[],[],[],[],[],[]
viral/deu_news_2020_1M-sentences.txt/6770977,2016-2020,"[('viral/ADJ',)]",[],[],[],[],[],[],"[('über',)]","[('die',)]",[],[],[],[],[],[],[],[],[],[],"[('Wissen',)]",[],[],[]
viral/deu_news_2020_1M-sentences.txt/6931162,2016-2020,"[('viral/ADJ',)]","[('Videoclips',)]",[],[],[],[],[],[],[],[],[],[],[],[],[],[],[],[],[],[],[],[],[]
viral/deu_news_2020_1M-sentences.txt/7009775,2016-2020,"[('viral/ADJ',)]","[('Atemwegsinfekte',)]",[],[],[],[],[],[],[],[],[],[],[],[],[],[],[],[],[],[],[],[],[]
viral/deu_news_2020_1M-sentences.txt/7584107,2016-2020,"[('viral/ADJ',)]","[('Erbguts',)]",[],[],[],[],[],[],[],[],[],[],[],[],[],[],[],[],[],[],[],[],[]
viral/deu_news_2020_1M-sentences.txt/7654041,2016-2020,"[('viral/ADJ',)]","[('Partikel',)]",[],[],[],[],[],[],[],[],[],[],[],[],[],[],[],[],[],[],[],[],[]
viral/deu_news_2020_1M-sentences.txt/8074972,2016-2020,"[('viral/ADJ',)]","[('Missgeschick',)]",[],[],[],[],[],[],[],[],[],[],[],[],[],[],[],[],[],[],[],[],[]
viral/deu_news_2020_1M-sentences.txt/8431026,2016-2020,"[('viral/ADJ',)]","[('Erbguts',)]",[],[],[],[],[],[],[],[],[],[],[],[],[],[],[],[],[],[],[],[],[]
viral/deu_news_2020_1M-sentences.txt/8895912,2016-2020,"[('viral/ADJ',)]",[],[],"[('gehen',)]",[],[],[],[],[],[],[],[],[],[],[],[],[],[],[],[],[],[],[]
viral/deu_news_2020_1M-sentences.txt/8927741,2016-2020,"[('viral/ADJ',)]",[],[],"[('geht',)]",[],[],[],[],[],[],[],[],[],[],[],[],[],[],[],[],[],[],[]
viral/deu_news_2020_1M-sentences.txt/9041317,2016-2020,"[('viral/ADJ',)]","[('Erkrankungen',)]",[],[],[],[],[],[],[],[],[],[],[],[],[],[],[],[],[],[],[],[],[]
viral/deu_news_2020_1M-sentences.txt/9282580,2016-2020,"[('viral/ADJ',)]",[],[],"[('Krankheiten',)]",[],[],[],[],[],[],"[('auch',)]",[],[],[],[],[],[],[],[],[],[],[],[]
viral/deu_news_2020_1M-sentences.txt/9319601,2016-2020,"[('viral/ADJ',)]",[],[],"[('ging',)]",[],[],[],[],[],[],[],[],[],[],[],[],[],[],[],[],[],[],[]
viral/deu_news_2020_1M-sentences.txt/9323732,2016-2020,"[('viral/ADJ',)]",[],[],"[('ging',)]",[],[],[],[],[],[],[],[],[],[],[],[],[],[],[],[],[],[],[]
viral/deu_news_2020_1M-sentences.txt/9375640,2016-2020,"[('viral/ADJ',)]","[('Effekt',)]",[],[],[],[],[],[],[],[],[],[],[],[],[],[],[],[],[],[],[],[],[]
viral/deu_news_2020_1M-sentences.txt/9426149,2016-2020,"[('viral/ADJ',)]",[],[],"[('ging',)]",[],[],[],[],[],[],[],[],[],[],[],[],[],[],[],[],[],[],[]
viral/deu_news_2020_1M-sentences.txt/9454779,2016-2020,"[('viral/ADJ',)]",[],[],"[('geht',)]",[],[],[],[],[],[],[],[],[],[],[],[],[],[],[],[],[],[],[]
viral/deu_news_2020_1M-sentences.txt/9454898,2016-2020,"[('viral/ADJ',)]",[],[],"[('geht',)]",[],[],[],[],[],[],[],[],[],[],[],[],[],[],[],[],[],[],[]
viral/deu_news_2020_1M-sentences.txt/9455499,2016-2020,"[('viral/ADJ',)]",[],[],"[('gegangen',)]",[],[],[],[],[],[],[],[],[],[],[],[],[],[],[],[],[],[],[]
viral/deu_news_2020_1M-sentences.txt/9456753,2016-2020,"[('viral/ADJ',)]","[('Posting',)]",[],[],[],[],[],[],[],[],[],[],[],[],[],[],[],[],[],[],[],[],[]
viral/deu_news_2020_1M-sentences.txt/9521749,2016-2020,"[('viral/ADJ',)]","[('Lungenentzündung',)]",[],[],[],[],[],[],[],[],[],[],[],[],[],[],[],[],[],[],[],[],[]
viral/deu_news_2020_1M-sentences.txt/9583057,2016-2020,"[('viral/ADJ',)]","[('Posting',)]",[],[],[],[],[],[],[],[],[],[],[],[],[],[],[],[],[],[],[],[],[]
viral/deu_news_2020_1M-sentences.txt/9633385,2016-2020,"[('viral/ADJ',)]",[],[],"[('ging',)]",[],[],[],[],[],[],[],[],[],[],[],[],[],[],[],[],[],[],[]
viral/deu_news_2020_1M-sentences.txt/10152312,2016-2020,"[('viral/ADJ',)]",[],[],"[('gingen',)]",[],[],[],[],[],[],[],[],[],[],[],[],[],[],[],[],[],[],[]
viral/deu_news_2020_1M-sentences.txt/10192286,2016-2020,"[('viral/ADJ',)]","[('Ergebnis',)]",[],[],[],[],[],[],[],[],[],[],[],[],[],[],[],[],[],[],[],[],[]
viral/deu_news_2020_1M-sentences.txt/11039919,2016-2020,"[('viral/ADJ',)]","[('Hit',)]",[],[],[],[],[],[],[],[],[],[],[],[],[],[],[],[],[],[],[],[],[]
viral/deu_news_2020_1M-sentences.txt/11076643,2016-2020,"[('viral/ADJ',)]","[('Infektion',)]",[],[],[],[],[],[],[],[],[],[],[],[],[],[],[],[],[],[],[],[],[]
viral/deu_news_2020_1M-sentences.txt/11103472,2016-2020,"[('viral/ADJ',)]",[],[],"[('geht',)]",[],[],[],[],[],[],[],[],[],[],[],[],[],[],[],[],[],[],[]
viral/deu_news_2020_1M-sentences.txt/11206322,2016-2020,"[('viral/ADJ',)]",[],[],"[('ging',)]",[],[],[],[],[],[],[],[],[],[],[],[],[],[],[],[],[],[],[]
viral/deu_news_2020_1M-sentences.txt/11469012,2016-2020,"[('viral/ADJ',)]","[('Impfstoffe',)]",[],[],[],[],[],[],[],[],[],[],[],[],[],[],[],[],[],[],[],[],[]
viral/deu_news_2020_1M-sentences.txt/11932193,2016-2020,"[('viral/ADJ',)]",[],[],"[('geht',)]",[],[],[],[],[],[],[],[],[],[],[],[],[],[],[],[],[],[],[]
viral/deu_news_2020_1M-sentences.txt/12766084,2016-2020,"[('viral/ADJ',)]",[],[],"[('ging',)]",[],[],[],[],[],[],[],[],[],[],[],[],[],[],[],[],[],[],[]
viral/deu_news_2020_1M-sentences.txt/13250946,2016-2020,"[('viral/ADJ',)]","[('Marketing',)]",[],[],[],[],[],[],[],[],[],[],[],[],[],[],[],[],[],[],[],[],[]
viral/deu_news_2020_1M-sentences.txt/13984869,2016-2020,"[('viral/ADJ',)]","[('Erkrankung',)]",[],[],[],[],[],[],[],[],[],[],[],[],[],[],[],[],[],[],[],[],[]
viral/deu_news_2020_1M-sentences.txt/14551574,2016-2020,"[('viral/ADJ',)]",[],[],"[('gehen',)]",[],[],[],[],[],[],[],[],[],[],[],[],[],[],[],[],[],[],[]
viral/deu_news_2020_1M-sentences.txt/15034189,2016-2020,"[('viral/ADJ',)]","[('Phänomen',)]",[],[],[],[],[],[],[],[],[],[],[],[],[],[],[],[],[],[],[],[],[]
viral/deu_news_2020_1M-sentences.txt/15181628,2016-2020,"[('viral/ADJ',)]",[],[],"[('gehen',)]",[],[],[],[],[],[],[],[],[],[],[],[],[],[],[],[],[],[],[]
viral/deu_news_2020_1M-sentences.txt/15346649,2016-2020,"[('viral/ADJ',)]",[],[],"[('geht',)]",[],[],[],[],[],[],[],[],[],[],[],[],[],[],[],[],[],[],[]
viral/deu_news_2020_1M-sentences.txt/15346920,2016-2020,"[('viral/ADJ',)]",[],[],"[('geht',)]",[],[],[],[],[],[],[],[],[],[],[],[],[],[],[],[],[],[],[]
viral/deu_news_2020_1M-sentences.txt/15493126,2016-2020,"[('viral/ADJ',)]","[('Nukleoprotein',)]",[],[],[],[],[],[],[],[],[],[],[],[],[],[],[],[],[],[],[],[],[]
viral/deu_news_2020_1M-sentences.txt/15776686,2016-2020,"[('viral/ADJ',)]",[],[],"[('geht',)]",[],[],[],[],[],[],[],[],[],[],[],[],[],[],[],[],[],[],[]
viral/deu_news_2020_1M-sentences.txt/15820416,2016-2020,"[('viral/ADJ',)]",[],[],"[('geht',)]",[],[],[],[],[],[],[],[],[],[],[],[],[],[],[],[],[],[],[]
viral/deu_news_2020_1M-sentences.txt/15901926,2016-2020,"[('viral/ADJ',)]",[],[],"[('gegangen',)]",[],[],[],[],[],[],[],[],[],[],[],[],[],[],[],[],[],[],[]
viral/deu_news_2020_1M-sentences.txt/16295596,2016-2020,"[('viral/ADJ',)]",[],[],"[('geht',)]",[],[],[],[],[],[],[],[],[],[],[],[],[],[],[],[],[],[],[]
viral/deu_news_2020_1M-sentences.txt/16645190,2016-2020,"[('viral/ADJ',)]","[('Songs',)]",[],[],[],[],[],[],[],[],[],[],[],[],[],[],[],[],[],[],[],[],[]
viral/deu_news_2020_1M-sentences.txt/17137451,2016-2020,"[('viral/ADJ',)]",[],[],"[('gegangenen',)]",[],[],[],[],[],[],[],[],[],[],[],[],[],[],[],[],[],[],[]
viral/deu_news_2020_1M-sentences.txt/17894942,2016-2020,"[('viral/ADJ',)]",[],[],"[('gehen',)]","[('„',), ('“',)]",[],[],[],[],[],[],[],[],[],[],[],[],[],[],[],[],[],[]
viral/deu_news_2020_1M-sentences.txt/18281077,2016-2020,"[('viral/ADJ',)]",[],[],"[('ging',)]",[],[],[],[],[],[],[],[],[],[],[],[],[],[],[],[],[],[],[]
viral/deu_news_2020_1M-sentences.txt/18282397,2016-2020,"[('viral/ADJ',)]",[],[],"[('gingen',)]",[],[],[],[],[],[],[],[],[],[],[],[],[],[],[],[],[],[],[]
viral/deu_news_2020_1M-sentences.txt/18368711,2016-2020,"[('viral/ADJ',)]",[],[],[],[],[],"[('neue',)]",[],[],[],[],[],[],[],[],[],[],[],[],[],[],[],[]
viral/deu_news_2020_1M-sentences.txt/18497708,2016-2020,"[('viral/ADJ',)]","[('Infektionen',)]",[],[],[],[],[],[],[],[],[],[],[],[],[],[],[],[],[],[],[],[],[]
viral/deu_news_2020_1M-sentences.txt/18556376,2016-2020,"[('viral/ADJ',)]",[],[],"[('gehen',)]",[],[],[],[],[],[],[],[],[],[],[],[],[],[],[],[],[],[],[]
viral/deu_news_2020_1M-sentences.txt/18671555,2016-2020,"[('viral/ADJ',)]","[('Lacher',)]",[],[],[],[],[],[],[],[],[],[],[],[],[],[],[],[],[],[],[],[],[]
viral/deu_news_2020_1M-sentences.txt/18723125,2016-2020,"[('viral/ADJ',)]",[],[],"[('ging',)]",[],[],[],[],[],[],[],[],[],[],[],[],[],[],[],[],[],[],[]
viral/deu_news_2020_1M-sentences.txt/18782539,2016-2020,"[('viral/ADJ',)]","[('Bedrohungen',)]",[],[],[],[],[],[],[],[],[],[],[],[],[],[],[],[],[],[],[],[],[]
viral/deu_news_2020_1M-sentences.txt/19791603,2016-2020,"[('viral/ADJ',)]","[('Bedrohungen',)]",[],[],[],[],[],[],[],[],[],[],[],[],[],[],[],[],[],[],[],[],[]
viral/deu_news_2020_1M-sentences.txt/19919059,2016-2020,"[('viral/ADJ',)]",[],[],"[('ging',)]",[],[],[],[],[],[],[],[],[],[],[],[],[],[],[],[],[],[],[]
viral/deu_news_2020_1M-sentences.txt/19927851,2016-2020,"[('viral/ADJ',)]","[('Dämonen',)]",[],[],[],[],[],[],[],[],[],[],[],[],[],[],[],[],[],[],[],[],[]
viral/deu_news_2020_1M-sentences.txt/20045482,2016-2020,"[('viral/ADJ',)]","[('Hit',)]",[],[],[],[],[],[],[],[],[],[],[],[],[],[],[],[],[],[],[],[],[]
viral/deu_news_2021_1M-sentences.txt/193073,2021-2025,"[('viral/ADJ',)]","[('Stillstandsrhetorik',)]",[],[],[],[],[],[],[],[],[],[],[],[],[],[],[],[],[],[],[],[],[]
viral/deu_news_2021_1M-sentences.txt/225762,2021-2025,"[('viral/ADJ',)]","[('Infektionskrankheiten',)]",[],[],[],[],[],[],[],[],[],[],[],[],[],[],[],[],[],[],[],[],[]
viral/deu_news_2021_1M-sentences.txt/435925,2021-2025,"[('viral/ADJ',)]",[],[],"[('gehen',)]",[],[],[],[],[],[],[],[],[],[],[],[],[],[],[],[],[],[],[]
viral/deu_news_2021_1M-sentences.txt/617026,2021-2025,"[('viral/ADJ',)]",[],"[('verringert',)]",[],"[(',',)]","[('und',)]",[],[],[],[],[],[],"[('der',)]","[('ist',)]",[],[],[],[],[],[],"[('Handschuh',)]",[],[]
viral/deu_news_2021_1M-sentences.txt/1052642,2021-2025,"[('viral/ADJ',)]",[],[],"[('ging',)]",[],[],[],[],[],[],[],[],[],[],[],[],[],[],[],[],[],[],[]
viral/deu_news_2021_1M-sentences.txt/1070116,2021-2025,"[('viral/ADJ',)]","[('Videos',)]",[],[],[],[],[],[],[],[],[],[],[],[],[],[],[],[],[],[],[],[],[]
viral/deu_news_2021_1M-sentences.txt/1440966,2021-2025,"[('viral/ADJ',)]",[],[],"[('geht',)]",[],[],[],[],[],[],"[('so',)]",[],[],[],[],[],[],[],[],[],[],[],[]
viral/deu_news_2021_1M-sentences.txt/1908000,2021-2025,"[('viral/ADJ',)]","[('Erregern',)]",[],[],[],[],[],[],[],[],[],[],[],[],[],[],[],[],[],[],[],[],[]
viral/deu_news_2021_1M-sentences.txt/2138832,2021-2025,"[('viral/ADJ',)]",[],"[('bakteriell',)]","[('Beide',)]","[('–',), ('–',)]",[],[],[],[],[],"[('zusammen',)]",[],[],[],[],[],[],[],[],[],[],[],[]
viral/deu_news_2021_1M-sentences.txt/2516049,2021-2025,"[('viral/ADJ',)]",[],[],"[('gegangen',)]",[],[],[],[],[],[],[],[],[],[],[],[],[],[],[],[],[],[],[]
viral/deu_news_2021_1M-sentences.txt/2962838,2021-2025,"[('viral/ADJ',)]","[('Eindringlinge',)]",[],[],[],[],[],[],[],[],[],[],[],[],[],[],[],[],[],[],[],[],[]
viral/deu_news_2021_1M-sentences.txt/3273764,2021-2025,"[('viral/ADJ',)]",[],[],"[('ging',)]",[],[],[],[],[],[],[],[],[],[],[],[],[],[],[],[],[],[],[]
viral/deu_news_2021_1M-sentences.txt/3509913,2021-2025,"[('viral/ADJ',)]",[],[],"[('ging',)]",[],[],[],[],[],[],[],[],[],[],[],[],[],[],[],[],[],[],[]
viral/deu_news_2021_1M-sentences.txt/3588191,2021-2025,"[('viral/ADJ',)]","[('Spike',)]",[],[],[],[],[],[],[],[],[],[],[],[],[],[],[],[],[],[],[],[],[]
viral/deu_news_2021_1M-sentences.txt/3719502,2021-2025,"[('viral/ADJ',)]","[('Video',)]",[],[],[],[],[],[],[],[],[],[],[],[],[],[],[],[],[],[],[],[],[]
viral/deu_news_2021_1M-sentences.txt/4209623,2021-2025,"[('viral/ADJ',)]","[('Impfstoffe',)]",[],[],[],[],[],[],[],[],[],[],[],[],[],[],[],[],[],[],[],[],[]
viral/deu_news_2021_1M-sentences.txt/4368177,2021-2025,"[('viral/ADJ',)]",[],[],"[('geht',)]",[],[],[],[],[],[],[],[],[],[],[],[],[],[],[],[],[],[],[]
viral/deu_news_2021_1M-sentences.txt/4368270,2021-2025,"[('viral/ADJ',)]",[],[],"[('geht',)]",[],[],[],[],[],[],[],[],[],[],[],[],[],[],[],[],[],[],[]
viral/deu_news_2021_1M-sentences.txt/4368309,2021-2025,"[('viral/ADJ',)]",[],[],"[('geht',)]",[],[],[],[],[],[],[],[],[],[],[],[],[],[],[],[],[],[],[]
viral/deu_news_2021_1M-sentences.txt/4542187,2021-2025,"[('viral/ADJ',)]","[('Hit',)]",[],[],[],[],[],[],[],[],[],[],[],[],[],[],[],[],[],[],[],[],[]
viral/deu_news_2021_1M-sentences.txt/4763300,2021-2025,"[('viral/ADJ',)]","[('Input',)]",[],[],[],[],[],[],[],[],[],[],[],[],[],[],[],[],[],[],[],[],[]
viral/deu_news_2021_1M-sentences.txt/5252270,2021-2025,"[('viral/ADJ',)]",[],[],"[('sitzt',)]",[],[],[],[],[],[],[],[],[],[],[],[],[],[],[],[],[],[],[]
viral/deu_news_2021_1M-sentences.txt/5847681,2021-2025,"[('viral/ADJ',)]",[],[],"[('geht',)]",[],[],[],[],[],[],[],[],[],[],[],[],[],[],[],[],[],[],[]
viral/deu_news_2021_1M-sentences.txt/5965195,2021-2025,"[('viral/ADJ',)]",[],[],"[('ging',)]",[],[],[],[],[],[],[],[],[],[],[],[],[],[],[],[],[],[],[]
viral/deu_news_2021_1M-sentences.txt/6293957,2021-2025,"[('viral/ADJ',)]",[],[],"[('geht',)]",[],[],[],[],[],[],[],[],[],[],[],[],[],[],[],[],[],[],[]
viral/deu_news_2021_1M-sentences.txt/6309176,2021-2025,"[('viral/ADJ',)]",[],[],"[('ging',)]",[],[],[],[],[],[],[],[],[],[],[],[],[],[],[],[],[],[],[]
viral/deu_news_2021_1M-sentences.txt/7342252,2021-2025,"[('viral/ADJ',)]","[('Internet',)]",[],[],[],[],[],[],[],[],[],[],[],[],[],[],[],[],[],[],[],[],[]
viral/deu_news_2021_1M-sentences.txt/7381947,2021-2025,"[('viral/ADJ',)]","[('Variante',)]",[],[],[],[],[],[],[],[],[],[],[],[],[],[],[],[],[],[],[],[],[]
viral/deu_news_2021_1M-sentences.txt/7657138,2021-2025,"[('viral/ADJ',)]","[('Erbguts',)]",[],[],[],[],[],[],[],[],[],[],[],[],[],[],[],[],[],[],[],[],[]
viral/deu_news_2021_1M-sentences.txt/7756863,2021-2025,"[('viral/ADJ',)]",[],[],"[('geht',)]",[],[],[],[],[],[],"[('gerade',)]",[],[],[],[],[],[],[],[],[],[],[],[]
viral/deu_news_2021_1M-sentences.txt/7862119,2021-2025,"[('viral/ADJ',)]","[('Vektor',)]",[],[],[],[],[],[],[],[],[],[],[],[],[],[],[],[],[],[],[],[],[]
viral/deu_news_2021_1M-sentences.txt/7923747,2021-2025,"[('viral/ADJ',)]",[],[],"[('ging',)]",[],[],[],[],[],[],[],[],[],[],[],[],[],[],[],[],[],[],[]
viral/deu_news_2021_1M-sentences.txt/7931042,2021-2025,"[('viral/ADJ',)]","[('Proteinen',)]",[],[],[],[],[],[],[],[],[],[],[],[],[],[],[],[],[],[],[],[],[]
viral/deu_news_2021_1M-sentences.txt/8123431,2021-2025,"[('viral/ADJ',)]",[],[],"[('geht',)]",[],[],[],[],[],[],[],[],[],[],[],[],[],[],[],[],[],[],[]
viral/deu_news_2021_1M-sentences.txt/8155368,2021-2025,"[('viral/ADJ',)]",[],[],"[('ging',)]",[],[],[],[],[],[],[],[],[],[],[],[],[],[],[],[],[],[],[]
viral/deu_news_2021_1M-sentences.txt/9231492,2021-2025,"[('viral/ADJ',)]","[('Hit',)]",[],[],[],[],[],[],[],[],[],[],[],[],[],[],[],[],[],[],[],[],[]
viral/deu_news_2021_1M-sentences.txt/9302793,2021-2025,"[('viral/ADJ',)]","[('Genfähre',)]",[],[],[],[],[],[],[],[],[],[],[],[],[],[],[],[],[],[],[],[],[]
viral/deu_news_2021_1M-sentences.txt/9528756,2021-2025,"[('viral/ADJ',)]",[],[],"[('ging',)]",[],[],[],[],[],[],[],[],[],[],[],[],[],[],[],[],[],[],[]
viral/deu_news_2021_1M-sentences.txt/9537155,2021-2025,"[('viral/ADJ',)]",[],[],"[('geht',)]",[],[],[],[],[],[],[],[],[],[],[],[],[],[],[],[],[],[],[]
viral/deu_news_2021_1M-sentences.txt/9547367,2021-2025,"[('viral/ADJ',)]",[],[],"[('ging',)]",[],[],[],[],[],[],[],[],[],[],[],[],[],[],[],[],[],[],[]
viral/deu_news_2021_1M-sentences.txt/9547416,2021-2025,"[('viral/ADJ',)]",[],[],"[('geht',)]",[],[],[],[],[],[],[],[],[],[],[],[],[],[],[],[],[],[],[]
viral/deu_news_2021_1M-sentences.txt/9547866,2021-2025,"[('viral/ADJ',)]",[],[],"[('geht',)]",[],[],[],[],[],[],[],[],[],[],[],[],[],[],[],[],[],[],[]
viral/deu_news_2021_1M-sentences.txt/9547963,2021-2025,"[('viral/ADJ',)]",[],[],"[('geht',)]",[],[],[],[],[],[],[],[],[],[],[],[],[],[],[],[],[],[],[]
viral/deu_news_2021_1M-sentences.txt/10065250,2021-2025,"[('viral/ADJ',)]",[],[],"[('geht',)]",[],[],[],[],[],[],[],[],[],[],[],[],[],[],[],[],[],[],[]
viral/deu_news_2021_1M-sentences.txt/10662607,2021-2025,"[('viral/ADJ',)]",[],[],[],[],"[('und',)]","[('Passantin',)]",[],[],[],[],[],[],[],[],[],[],[],[],[],[],[],[]
viral/deu_news_2021_1M-sentences.txt/10697996,2021-2025,"[('viral/ADJ',)]","[('Pandemien',)]",[],[],[],[],[],[],[],[],[],[],[],[],[],[],[],[],[],[],[],[],[]
viral/deu_news_2021_1M-sentences.txt/10768023,2021-2025,"[('viral/ADJ',)]","[('Testspiel',)]",[],[],[],[],[],[],[],[],[],[],[],[],[],[],[],[],[],[],[],[],[]
viral/deu_news_2021_1M-sentences.txt/11254881,2021-2025,"[('viral/ADJ',)]","[('Last',)]",[],[],[],[],[],[],[],[],[],[],[],[],[],[],[],[],[],[],[],[],[]
viral/deu_news_2021_1M-sentences.txt/11448713,2021-2025,"[('viral/ADJ',)]",[],[],[],"[(',',)]",[],"[('neues',)]",[],[],[],[],[],[],[],[],[],[],[],[],[],[],[],[]
viral/deu_news_2021_1M-sentences.txt/11730002,2021-2025,"[('viral/ADJ',)]","[('Infekte',)]",[],[],[],[],[],[],[],[],[],[],[],[],[],[],[],[],[],[],[],[],[]
viral/deu_news_2021_1M-sentences.txt/12065694,2021-2025,"[('viral/ADJ',)]",[],[],"[('geht',)]",[],[],[],[],[],[],[],[],[],[],[],[],[],[],[],[],[],[],[]
viral/deu_news_2021_1M-sentences.txt/12232489,2021-2025,"[('viral/ADJ',)]",[],[],"[('ging',)]",[],[],[],[],[],[],[],[],[],[],[],[],[],[],[],[],[],[],[]
viral/deu_news_2021_1M-sentences.txt/12363758,2021-2025,"[('viral/ADJ',)]",[],[],"[('geht',)]",[],[],[],[],[],[],[],[],[],[],[],[],[],[],[],[],[],[],[]
viral/deu_news_2021_1M-sentences.txt/12548221,2021-2025,"[('viral/ADJ',)]",[],[],"[('gegangen',)]",[],[],[],[],[],[],[],[],[],[],[],[],[],[],[],[],[],[],[]
viral/deu_news_2021_1M-sentences.txt/12653681,2021-2025,"[('viral/ADJ',)]",[],[],"[('ging',)]",[],[],[],[],[],[],[],[],[],[],[],[],[],[],[],[],[],[],[]
viral/deu_news_2021_1M-sentences.txt/12653693,2021-2025,"[('viral/ADJ',)]",[],[],"[('ging',)]",[],[],[],[],[],[],[],[],[],[],[],[],[],[],[],[],[],[],[]
viral/deu_news_2021_1M-sentences.txt/12693269,2021-2025,"[('viral/ADJ',)]",[],[],"[('ging',)]",[],[],[],[],[],[],[],[],[],[],[],[],[],[],[],[],[],[],[]
viral/deu_news_2021_1M-sentences.txt/12936429,2021-2025,"[('viral/ADJ',)]","[('Post',)]",[],[],[],[],[],[],[],[],[],[],[],[],[],[],[],[],[],[],[],[],[]
viral/deu_news_2021_1M-sentences.txt/13026386,2021-2025,"[('viral/ADJ',)]",[],[],"[('ging',)]",[],[],[],[],[],[],[],[],[],[],[],[],[],[],[],[],[],[],[]
viral/deu_news_2021_1M-sentences.txt/13222215,2021-2025,"[('viral/ADJ',)]","[('PR',)]",[],[],[],[],[],[],[],[],[],[],[],[],[],[],[],[],[],[],[],[],[]
viral/deu_news_2021_1M-sentences.txt/13262903,2021-2025,"[('viral/ADJ',)]",[],[],"[('ging',)]",[],[],[],[],[],[],[],[],[],[],[],[],[],[],[],[],[],[],[]
viral/deu_news_2021_1M-sentences.txt/13447162,2021-2025,"[('viral/ADJ',)]",[],[],"[('geht',)]",[],[],[],[],[],[],[],[],[],[],[],[],[],[],[],[],[],[],[]
viral/deu_news_2021_1M-sentences.txt/13581025,2021-2025,"[('viral/ADJ',)]",[],[],"[('ging',)]",[],[],[],[],[],[],[],[],[],[],[],[],[],[],[],[],[],[],[]
viral/deu_news_2021_1M-sentences.txt/13716925,2021-2025,"[('viral/ADJ',)]","[('Hüllproteins',)]",[],[],[],[],[],[],[],[],[],[],[],[],[],[],[],[],[],[],[],[],[]
viral/deu_news_2021_1M-sentences.txt/14426471,2021-2025,"[('viral/ADJ',)]","[('mRNA',)]",[],[],[],[],[],[],[],[],[],[],[],[],[],[],[],[],[],[],[],[],[]
viral/deu_news_2021_1M-sentences.txt/14576942,2021-2025,"[('viral/ADJ',)]","[('Hit',)]",[],[],[],[],[],[],[],[],[],[],[],[],[],[],[],[],[],[],[],[],[]
viral/deu_news_2021_1M-sentences.txt/14716709,2021-2025,"[('viral/ADJ',)]","[('Impfstoffplattformen',)]","[('onkologische',)]",[],[],[],[],[],[],[],[],[],[],[],[],[],[],[],[],[],[],[],[]
viral/deu_news_2021_1M-sentences.txt/14890555,2021-2025,"[('viral/ADJ',)]","[('Spike',)]",[],[],[],[],[],[],[],[],[],[],[],[],[],[],[],[],[],[],[],[],[]
viral/deu_news_2021_1M-sentences.txt/14939746,2021-2025,"[('viral/ADJ',)]",[],[],"[('ging',)]",[],[],[],[],[],[],[],[],[],[],[],[],[],[],[],[],[],[],[]
viral/deu_news_2021_1M-sentences.txt/14948330,2021-2025,"[('viral/ADJ',)]","[('NFT',)]",[],[],[],[],[],[],[],[],[],[],[],[],[],[],[],[],[],[],[],[],[]
viral/deu_news_2021_1M-sentences.txt/15202428,2021-2025,"[('viral/ADJ',)]",[],[],"[('ging',)]",[],[],[],[],[],[],[],[],[],[],[],[],[],[],[],[],[],[],[]
viral/deu_news_2021_1M-sentences.txt/15220310,2021-2025,"[('viral/ADJ',)]","[('Kopf',)]",[],[],[],[],[],[],[],[],[],[],[],[],[],[],[],[],[],[],[],[],[]
viral/deu_news_2021_1M-sentences.txt/15317058,2021-2025,"[('viral/ADJ',)]","[('Reproduktion',)]",[],[],[],[],[],[],[],[],[],[],[],[],[],[],[],[],[],[],[],[],[]
viral/deu_news_2021_1M-sentences.txt/15936172,2021-2025,"[('viral/ADJ',)]","[('Vektor',)]",[],[],[],[],[],[],[],[],[],[],[],[],[],[],[],[],[],[],[],[],[]
viral/deu_news_2021_1M-sentences.txt/16269948,2021-2025,"[('viral/ADJ',)]",[],[],"[('gingen',)]",[],[],[],[],[],[],[],[],[],[],[],[],[],[],[],[],[],[],[]
viral/deu_news_2021_1M-sentences.txt/16404568,2021-2025,"[('viral/ADJ',)]",[],[],"[('gehen',)]",[],[],[],[],[],[],[],[],[],[],[],[],[],[],[],[],[],[],[]
viral/deu_news_2021_1M-sentences.txt/16609560,2021-2025,"[('viral/ADJ',)]",[],[],"[('befallen',)]",[],[],[],[],[],[],[],[],[],[],[],[],[],[],[],[],[],[],[]
viral/deu_news_2021_1M-sentences.txt/16790187,2021-2025,"[('viral/ADJ',)]","[('Postings',)]",[],[],[],[],[],[],[],[],[],[],[],[],[],[],[],[],[],[],[],[],[]
viral/deu_news_2021_1M-sentences.txt/17019732,2021-2025,"[('viral/ADJ',)]",[],[],"[('ging',)]",[],[],[],[],[],[],[],[],[],[],[],[],[],[],[],[],[],[],[]
viral/deu_news_2021_1M-sentences.txt/17545391,2021-2025,"[('viral/ADJ',)]",[],[],"[('gegangen',)]",[],[],[],[],[],[],"[('noch',)]",[],[],[],[],[],[],[],[],[],[],[],[]
viral/deu_news_2021_1M-sentences.txt/17642352,2021-2025,"[('viral/ADJ',)]",[],[],"[('geht',)]",[],[],[],[],[],[],[],[],[],[],[],[],[],[],[],[],[],[],[]
viral/deu_news_2021_1M-sentences.txt/17766587,2021-2025,"[('viral/ADJ',)]",[],[],"[('gegangene',)]",[],[],[],[],[],[],[],[],[],[],[],[],[],[],[],[],[],[],[]
viral/deu_news_2021_1M-sentences.txt/18138199,2021-2025,"[('viral/ADJ',)]",[],[],"[('geht',)]",[],[],[],[],[],[],[],[],[],[],[],[],[],[],[],[],[],[],[]
viral/deu_news_2021_1M-sentences.txt/18270365,2021-2025,"[('viral/ADJ',)]",[],[],"[('gegangen',)]",[],[],[],[],"[('ein',)]",[],[],[],[],[],[],[],[],[],[],[],[],"[('sehen',)]",[]
viral/deu_news_2021_1M-sentences.txt/18414539,2021-2025,"[('viral/ADJ',)]",[],[],"[('gegangen',)]",[],[],[],[],[],[],[],[],[],[],[],[],[],[],[],[],[],[],[]
viral/deu_news_2021_1M-sentences.txt/18574168,2021-2025,"[('viral/ADJ',)]","[('Humor',)]",[],[],[],[],[],[],[],[],[],[],[],[],[],[],[],[],[],[],[],[],[]
viral/deu_news_2021_1M-sentences.txt/18574182,2021-2025,"[('viral/ADJ',)]","[('Clips',)]",[],[],[],[],[],[],[],[],[],[],[],[],[],[],[],[],[],[],[],[],[]
viral/deu_news_2021_1M-sentences.txt/18574206,2021-2025,"[('viral/ADJ',)]","[('Haaland',)]",[],[],[],[],[],[],[],[],[],[],[],[],[],[],[],[],[],[],[],[],[]
viral/deu_news_2021_1M-sentences.txt/18574216,2021-2025,"[('viral/ADJ',)]","[('Video',)]",[],[],[],[],[],[],[],[],[],[],[],[],[],[],[],[],[],[],[],[],[]
viral/deu_news_2021_1M-sentences.txt/19122882,2021-2025,"[('viral/ADJ',)]",[],[],"[('ging',)]",[],[],[],[],[],[],[],[],[],[],[],[],[],[],[],[],[],[],[]
viral/deu_news_2021_1M-sentences.txt/19211622,2021-2025,"[('viral/ADJ',)]","[('Hit',)]",[],[],[],[],[],[],[],[],[],[],[],[],[],[],[],[],[],[],[],[],[]
viral/deu_news_2021_1M-sentences.txt/19601818,2021-2025,"[('viral/ADJ',)]","[('Hits',)]",[],[],[],[],[],[],[],[],[],[],[],[],[],[],[],[],[],[],[],[],[]
viral/deu_news_2021_1M-sentences.txt/19842172,2021-2025,"[('viral/ADJ',)]","[('Vektoren',)]",[],[],[],[],[],[],[],[],[],[],[],[],[],[],[],[],[],[],[],[],[]
viral/deu_news_2021_1M-sentences.txt/19953627,2021-2025,"[('viral/ADJ',)]","[('Bedrohungen',)]",[],[],[],[],[],[],[],[],[],[],[],[],[],[],[],[],[],[],[],[],[]
viral/deu_news_2021_1M-sentences.txt/20065252,2021-2025,"[('viral/ADJ',)]","[('Vektorplattform',)]",[],[],[],[],[],[],[],[],[],[],[],[],[],[],[],[],[],[],[],[],[]
viral/deu_news_2021_1M-sentences.txt/20683748,2021-2025,"[('viral/ADJ',)]","[('RNA',)]",[],[],[],[],[],[],[],[],[],[],[],[],[],[],[],[],[],[],[],[],[]
viral/deu_news_2022_1M-sentences.txt/271076,2021-2025,"[('viral/ADJ',)]","[('Video',)]",[],[],[],[],[],[],[],[],[],[],[],[],[],[],[],[],[],[],[],[],[]
viral/deu_news_2022_1M-sentences.txt/278021,2021-2025,"[('viral/ADJ',)]",[],[],"[('gegangen',)]",[],[],[],[],[],[],[],[],[],[],[],[],[],[],[],[],[],[],[]
viral/deu_news_2022_1M-sentences.txt/346814,2021-2025,"[('viral/ADJ',)]",[],[],"[('gingen',)]",[],[],[],[],[],[],[],[],[],[],[],[],[],[],[],[],[],[],[]
viral/deu_news_2022_1M-sentences.txt/405173,2021-2025,"[('viral/ADJ',)]","[('Atemwegserkrankungen',)]",[],[],[],[],[],[],[],[],[],[],[],[],[],[],[],[],[],[],[],[],[]
viral/deu_news_2022_1M-sentences.txt/1076754,2021-2025,"[('viral/ADJ',)]","[('Video',)]",[],[],[],[],[],[],[],[],[],[],[],[],[],[],[],[],[],[],[],[],[]
viral/deu_news_2022_1M-sentences.txt/1656779,2021-2025,"[('viral/ADJ',)]","[('Weg',)]",[],[],[],[],[],[],[],[],[],[],[],[],[],[],[],[],[],[],[],[],[]
viral/deu_news_2022_1M-sentences.txt/1670237,2021-2025,"[('viral/ADJ',)]",[],[],"[('gingen',)]",[],[],[],[],[],[],[],[],[],[],[],[],[],[],[],[],[],[],[]
viral/deu_news_2022_1M-sentences.txt/2519774,2021-2025,"[('viral/ADJ',)]","[('Proteine',)]",[],[],[],[],[],[],[],[],[],[],[],[],[],[],[],[],[],[],[],[],[]
viral/deu_news_2022_1M-sentences.txt/3832205,2021-2025,"[('viral/ADJ',)]","[('Hype',)]",[],[],[],[],[],[],[],[],[],[],[],[],[],[],[],[],[],[],[],[],[]
viral/deu_news_2022_1M-sentences.txt/3841567,2021-2025,"[('viral/ADJ',)]","[('Videos',)]",[],[],[],[],[],[],[],[],[],[],[],[],[],[],[],[],[],[],[],[],[]
viral/deu_news_2022_1M-sentences.txt/3910104,2021-2025,"[('viral/ADJ',)]",[],[],"[('ging',)]",[],[],[],[],[],[],[],[],[],[],[],[],[],[],[],[],[],[],[]
viral/deu_news_2022_1M-sentences.txt/3984796,2021-2025,"[('viral/ADJ',)]",[],[],"[('ging',)]",[],[],[],[],[],[],[],[],[],[],[],[],[],[],[],[],[],[],[]
viral/deu_news_2022_1M-sentences.txt/4185984,2021-2025,"[('viral/ADJ',)]",[],[],"[('geht',)]",[],[],[],[],[],[],[],[],[],[],[],[],[],[],[],[],[],[],[]
viral/deu_news_2022_1M-sentences.txt/4306882,2021-2025,"[('viral/ADJ',)]",[],[],"[('gegangen',)]",[],[],[],[],[],[],[],[],[],[],[],[],[],[],[],[],[],[],[]
viral/deu_news_2022_1M-sentences.txt/4325394,2021-2025,"[('viral/ADJ',)]",[],[],"[('ging',)]",[],[],[],[],[],[],[],[],[],[],[],[],[],[],[],[],[],[],[]
viral/deu_news_2022_1M-sentences.txt/4325403,2021-2025,"[('viral/ADJ',)]",[],[],"[('gegangen',)]",[],[],[],[],[],[],[],[],[],[],[],[],[],[],[],[],[],[],[]
viral/deu_news_2022_1M-sentences.txt/4325501,2021-2025,"[('viral/ADJ',)]",[],[],"[('geht',)]",[],[],[],[],[],[],[],[],[],[],[],[],[],[],[],[],[],[],[]
viral/deu_news_2022_1M-sentences.txt/4325553,2021-2025,"[('viral/ADJ',)]",[],[],"[('ging',)]",[],[],[],[],[],[],[],[],[],[],[],[],[],[],[],[],[],[],[]
viral/deu_news_2022_1M-sentences.txt/4325563,2021-2025,"[('viral/ADJ',)]",[],[],"[('geht',)]",[],[],[],[],[],[],[],[],[],[],[],[],[],[],[],[],[],[],[]
viral/deu_news_2022_1M-sentences.txt/4325573,2021-2025,"[('viral/ADJ',)]",[],[],"[('geht',)]",[],[],[],[],[],[],[],[],[],[],[],[],[],[],[],[],[],[],[]
viral/deu_news_2022_1M-sentences.txt/4325661,2021-2025,"[('viral/ADJ',)]",[],[],"[('geht',)]",[],[],[],[],[],[],[],[],[],[],[],[],[],[],[],[],[],[],[]
viral/deu_news_2022_1M-sentences.txt/4325678,2021-2025,"[('viral/ADJ',)]",[],[],"[('ging',)]",[],[],[],[],[],[],[],[],[],[],[],[],[],[],[],[],[],[],[]
viral/deu_news_2022_1M-sentences.txt/4326231,2021-2025,"[('viral/ADJ',)]",[],[],"[('ging',)]",[],[],[],[],[],[],"[('schon',)]",[],[],[],[],[],[],[],[],[],[],[],[]
viral/deu_news_2022_1M-sentences.txt/4402545,2021-2025,"[('viral/ADJ',)]","[('Erfolg',)]",[],[],[],[],[],[],[],[],[],[],[],[],[],[],[],[],[],[],[],[],[]
viral/deu_news_2022_1M-sentences.txt/4607653,2021-2025,"[('viral/ADJ',)]","[('Video',)]",[],[],[],[],[],[],[],[],[],[],[],[],[],[],[],[],[],[],[],[],[]
viral/deu_news_2022_1M-sentences.txt/4962211,2021-2025,"[('viral/ADJ',)]","[('Hit',)]",[],[],[],[],[],[],[],[],[],[],[],[],[],[],[],[],[],[],[],[],[]
viral/deu_news_2022_1M-sentences.txt/4969141,2021-2025,"[('viral/ADJ',)]",[],[],"[('verbreitete',)]",[],[],[],[],[],[],[],[],[],[],[],[],[],[],[],[],[],[],[]
viral/deu_news_2022_1M-sentences.txt/5456640,2021-2025,"[('viral/ADJ',)]",[],[],"[('geht',)]",[],[],[],[],[],[],[],[],[],[],[],[],[],[],[],[],[],[],[]
viral/deu_news_2022_1M-sentences.txt/5989753,2021-2025,"[('viral/ADJ',)]","[('Infektionskrankheiten',)]",[],[],[],[],[],[],[],[],[],[],[],[],[],[],[],[],[],[],[],[],[]
viral/deu_news_2022_1M-sentences.txt/6337645,2021-2025,"[('viral/ADJ',)]",[],[],"[('ging',)]",[],[],[],[],[],[],[],[],[],[],[],[],[],[],[],[],[],[],[]
viral/deu_news_2022_1M-sentences.txt/6386678,2021-2025,"[('viral/ADJ',)]","[('RNA',)]",[],[],[],[],[],[],[],[],[],[],[],[],[],[],[],[],[],[],[],[],[]
viral/deu_news_2022_1M-sentences.txt/6433971,2021-2025,"[('viral/ADJ',)]",[],[],"[('gingen',)]",[],[],[],[],[],[],[],[],[],[],[],[],[],[],[],[],[],[],[]
viral/deu_news_2022_1M-sentences.txt/6440960,2021-2025,"[('viral/ADJ',)]","[('Atemwegsinfektion',)]",[],[],[],[],[],[],[],[],[],[],[],[],[],[],[],[],[],[],[],[],[]
viral/deu_news_2022_1M-sentences.txt/6574037,2021-2025,"[('viral/ADJ',)]","[('Clips',)]",[],[],[],[],[],[],[],[],[],[],[],[],[],[],[],[],[],[],[],[],[]
viral/deu_news_2022_1M-sentences.txt/6997050,2021-2025,"[('viral/ADJ',)]",[],[],"[('geht',)]",[],[],[],[],[],[],[],[],[],[],[],[],[],[],[],[],[],[],[]
viral/deu_news_2022_1M-sentences.txt/7258643,2021-2025,"[('viral/ADJ',)]","[('â€',)]",[],[],[],[],[],[],[],[],[],[],[],[],[],[],[],[],[],[],[],[],[]
viral/deu_news_2022_1M-sentences.txt/7413122,2021-2025,"[('viral/ADJ',)]",[],[],"[('gegangen',)]",[],[],[],[],[],[],[],[],[],[],[],[],[],[],[],[],[],[],[]
viral/deu_news_2022_1M-sentences.txt/7577734,2021-2025,"[('viral/ADJ',)]","[('Hit',)]",[],[],[],[],[],[],[],[],[],[],[],[],[],[],[],[],[],[],[],[],[]
viral/deu_news_2022_1M-sentences.txt/7739748,2021-2025,"[('viral/ADJ',)]",[],[],"[('ging',)]",[],[],[],[],[],[],[],[],[],[],[],[],[],[],[],[],[],[],[]
viral/deu_news_2022_1M-sentences.txt/7853195,2021-2025,"[('viral/ADJ',)]","[('Genom',)]",[],[],[],[],[],[],[],[],[],[],[],[],[],[],[],[],[],[],[],[],[]
viral/deu_news_2022_1M-sentences.txt/7902071,2021-2025,"[('viral/ADJ',)]",[],[],"[('geht',)]",[],[],[],[],[],[],[],[],[],[],[],[],[],[],[],[],[],[],[]
viral/deu_news_2022_1M-sentences.txt/8143975,2021-2025,"[('viral/ADJ',)]",[],[],"[('geht',)]",[],[],[],[],[],[],[],[],[],[],[],[],[],[],[],[],[],[],[]
viral/deu_news_2022_1M-sentences.txt/8261035,2021-2025,"[('viral/ADJ',)]",[],"[('bakteriell',)]","[('infektiös',)]","[('(',)]",[],[],[],[],[],[],[],[],[],"[('allem',), ('Influenza',)]",[],[],[],[],[],[],[],[]
viral/deu_news_2022_1M-sentences.txt/8436218,2021-2025,"[('viral/ADJ',)]","[('Vorgängern',)]",[],[],[],[],[],[],[],[],[],[],[],[],[],[],[],[],[],[],[],[],[]
viral/deu_news_2022_1M-sentences.txt/8518467,2021-2025,"[('viral/ADJ',)]",[],[],"[('gehenden',)]",[],[],[],[],[],[],[],[],[],[],[],[],[],[],[],[],[],[],[]
viral/deu_news_2022_1M-sentences.txt/8871561,2021-2025,"[('viral/ADJ',)]","[('Videos',)]",[],[],[],[],[],[],[],[],[],[],[],[],[],[],[],[],[],[],[],[],[]
viral/deu_news_2022_1M-sentences.txt/8948331,2021-2025,"[('viral/ADJ',)]",[],[],"[('geht',)]",[],[],[],[],[],[],[],[],[],[],[],[],[],[],[],[],[],[],[]
viral/deu_news_2022_1M-sentences.txt/9025413,2021-2025,"[('viral/ADJ',)]",[],[],"[('geht',)]",[],[],[],[],[],[],[],[],[],[],[],[],[],[],[],[],[],[],[]
viral/deu_news_2022_1M-sentences.txt/9042776,2021-2025,"[('viral/ADJ',)]",[],[],"[('ging',)]",[],[],[],[],[],[],[],[],[],[],[],[],[],[],[],[],[],[],[]
viral/deu_news_2022_1M-sentences.txt/9407590,2021-2025,"[('viral/ADJ',)]",[],[],"[('verbreitet',)]",[],[],[],[],[],[],[],[],[],[],[],[],[],[],[],[],[],[],[]
viral/deu_news_2022_1M-sentences.txt/9456996,2021-2025,"[('viral/ADJ',)]",[],[],"[('ging',)]",[],[],[],[],[],[],[],[],[],[],[],[],[],[],[],[],[],[],[]
viral/deu_news_2022_1M-sentences.txt/9461777,2021-2025,"[('viral/ADJ',)]",[],[],"[('ging',)]",[],[],[],[],[],[],[],[],[],[],[],[],[],[],[],[],[],[],[]
viral/deu_news_2022_1M-sentences.txt/9569689,2021-2025,"[('viral/ADJ',)]",[],[],"[('ging',)]",[],[],[],[],[],[],[],[],[],[],[],[],[],[],[],[],[],[],[]
viral/deu_news_2022_1M-sentences.txt/9675435,2021-2025,"[('viral/ADJ',)]",[],[],"[('ging',)]",[],[],[],[],[],[],[],[],[],[],[],[],[],[],[],[],[],[],[]
viral/deu_news_2022_1M-sentences.txt/10205792,2021-2025,"[('viral/ADJ',)]",[],[],"[('ging',)]",[],[],[],[],[],[],[],[],[],[],[],[],[],[],[],[],[],[],[]
viral/deu_news_2022_1M-sentences.txt/10672557,2021-2025,"[('viral/ADJ',)]","[('Intra',)]",[],[],[],[],[],[],[],[],[],[],[],[],[],[],[],[],[],[],[],[],[]
viral/deu_news_2022_1M-sentences.txt/10705095,2021-2025,"[('viral/ADJ',)]",[],[],"[('gingen',)]",[],[],[],[],[],[],[],[],[],[],[],[],[],[],[],[],[],[],[]
viral/deu_news_2022_1M-sentences.txt/11156292,2021-2025,"[('viral/ADJ',)]",[],[],"[('Geht',)]",[],[],[],[],[],[],[],[],[],[],[],[],[],[],[],[],[],[],[]
viral/deu_news_2022_1M-sentences.txt/11509593,2021-2025,"[('viral/ADJ',)]",[],[],"[('geht',)]",[],[],[],[],[],[],[],[],[],[],[],[],[],[],[],[],[],[],[]
viral/deu_news_2022_1M-sentences.txt/12335032,2021-2025,"[('viral/ADJ',)]",[],[],"[('ging',)]",[],[],[],[],[],[],[],[],[],[],[],[],[],[],[],[],[],[],[]
viral/deu_news_2022_1M-sentences.txt/12894403,2021-2025,"[('viral/ADJ',)]",[],[],"[('ging',)]",[],[],[],[],[],[],[],[],[],[],[],[],[],[],[],[],[],[],[]
viral/deu_news_2022_1M-sentences.txt/13157355,2021-2025,"[('viral/ADJ',)]",[],[],"[('geht',)]",[],[],[],[],[],[],[],[],[],[],[],[],[],[],[],[],[],[],[]
viral/deu_news_2022_1M-sentences.txt/13187812,2021-2025,"[('viral/ADJ',)]",[],[],"[('ging',)]",[],[],[],[],[],[],[],[],[],[],[],[],[],[],[],[],[],[],[]
viral/deu_news_2022_1M-sentences.txt/13447915,2021-2025,"[('viral/ADJ',)]",[],[],"[('gehen',)]",[],[],[],[],[],[],"[('so',)]",[],[],[],[],[],[],[],[],[],[],[],[]
viral/deu_news_2022_1M-sentences.txt/13893852,2021-2025,"[('viral/ADJ',)]","[('Tweets',)]",[],[],[],[],[],[],[],[],[],[],[],[],[],[],[],[],[],[],[],[],[]
viral/deu_news_2022_1M-sentences.txt/14026157,2021-2025,"[('viral/ADJ',)]","[('Hit',)]",[],[],[],[],[],[],[],[],[],[],[],[],[],[],[],[],[],[],[],[],[]
viral/deu_news_2022_1M-sentences.txt/14099520,2021-2025,"[('viral/ADJ',)]","[('Begriff',)]",[],[],[],[],[],[],[],[],[],[],[],[],[],[],[],[],[],[],[],[],[]
viral/deu_news_2022_1M-sentences.txt/14215086,2021-2025,"[('viral/ADJ',)]","[('Antigene',)]",[],[],[],[],[],[],[],[],[],[],[],[],[],[],[],[],[],[],[],[],[]
viral/deu_news_2022_1M-sentences.txt/15454524,2021-2025,"[('viral/ADJ',)]",[],[],"[('geht',)]",[],[],[],[],[],[],[],[],[],[],[],[],[],[],[],[],[],[],[]
viral/deu_news_2022_1M-sentences.txt/16042685,2021-2025,"[('viral/ADJ',)]","[('Erregern',)]",[],[],[],[],[],[],[],[],[],[],[],[],[],[],[],[],[],[],[],[],[]
viral/deu_news_2022_1M-sentences.txt/16325359,2021-2025,"[('viral/ADJ',)]","[('Erreger',)]",[],[],[],[],[],[],[],[],[],[],[],[],[],[],[],[],[],[],[],[],[]
viral/deu_news_2022_1M-sentences.txt/16672576,2021-2025,"[('viral/ADJ',)]",[],[],"[('ging',)]",[],[],[],[],[],[],[],[],[],[],[],[],[],[],[],[],[],[],[]
viral/deu_news_2022_1M-sentences.txt/16692118,2021-2025,"[('viral/ADJ',)]",[],[],[],"[(',',)]",[],"[('ging',)]",[],[],[],[],[],[],[],[],[],[],[],[],[],[],[],[]
viral/deu_news_2022_1M-sentences.txt/16762561,2021-2025,"[('viral/ADJ',)]",[],[],"[('ging',)]",[],[],[],[],[],[],[],[],[],[],[],[],[],[],[],[],[],[],[]
viral/deu_news_2022_1M-sentences.txt/17289175,2021-2025,"[('viral/ADJ',)]",[],[],"[('gehen',)]",[],[],[],[],[],[],[],[],[],[],[],[],[],[],[],[],[],[],[]
viral/deu_news_2022_1M-sentences.txt/17323597,2021-2025,"[('viral/ADJ',)]","[('Spike',)]",[],[],[],[],[],[],[],[],[],[],[],[],[],[],[],[],[],[],[],[],[]
viral/deu_news_2022_1M-sentences.txt/17442097,2021-2025,"[('viral/ADJ',)]",[],[],"[('gingen',)]",[],[],[],[],[],[],[],[],[],[],[],[],[],[],[],[],[],[],[]
viral/deu_news_2022_1M-sentences.txt/17512530,2021-2025,"[('viral/ADJ',)]",[],[],"[('geht',)]",[],[],[],[],[],[],[],[],[],[],[],[],[],[],[],[],[],[],[]
viral/deu_news_2022_1M-sentences.txt/17572375,2021-2025,"[('viral/ADJ',)]",[],[],"[('geht',)]",[],[],[],[],[],[],[],[],[],[],[],[],[],[],[],[],[],[],[]
viral/deu_news_2022_1M-sentences.txt/18436024,2021-2025,"[('viral/ADJ',)]",[],[],"[('geht',)]",[],[],[],[],[],[],[],[],[],[],[],[],[],[],[],[],[],[],[]
viral/deu_news_2022_1M-sentences.txt/18436970,2021-2025,"[('viral/ADJ',)]",[],[],"[('gehen',)]",[],[],[],[],[],[],[],[],[],[],[],[],[],[],[],[],[],[],[]
viral/deu_news_2022_1M-sentences.txt/18545661,2021-2025,"[('viral/ADJ',)]","[('Tiktok',)]",[],[],[],[],[],[],[],[],[],[],[],[],[],[],[],[],[],[],[],[],[]
viral/deu_news_2022_1M-sentences.txt/20003083,2021-2025,"[('viral/ADJ',)]",[],[],[],[],[],[],[],"[('seines',)]",[],[],[],[],[],[],[],[],[],[],"[('Bau',)]",[],[],[]
viral/deu_news_2022_1M-sentences.txt/20069463,2021-2025,"[('viral/ADJ',)]",[],[],"[('geht',)]",[],[],[],[],[],[],[],[],[],[],[],[],[],[],[],[],[],[],[]
viral/deu_news_2022_1M-sentences.txt/20217299,2021-2025,"[('viral/ADJ',)]","[('Vektoren',)]",[],[],[],[],[],[],[],[],[],[],[],[],[],[],[],[],[],[],[],[],[]
viral/deu_news_2022_1M-sentences.txt/20437368,2021-2025,"[('viral/ADJ',)]",[],[],"[('ging',)]",[],[],[],[],[],[],[],[],[],[],[],[],[],[],[],[],[],[],[]
viral/deu_news_2023_1M-sentences.txt/219412,2021-2025,"[('viral/ADJ',)]",[],[],"[('gingen',)]",[],[],[],[],[],[],[],[],[],[],[],[],[],[],[],[],[],[],[]
viral/deu_news_2023_1M-sentences.txt/277455,2021-2025,"[('viral/ADJ',)]",[],[],"[('geht',)]",[],[],[],[],[],[],[],[],[],[],[],[],[],[],[],[],[],[],[]
viral/deu_news_2023_1M-sentences.txt/415951,2021-2025,"[('viral/ADJ',)]",[],[],"[('gehen',)]",[],[],[],[],[],[],[],[],[],[],[],[],[],[],[],[],[],[],[]
viral/deu_news_2023_1M-sentences.txt/481619,2021-2025,"[('viral/ADJ',)]","[('Video',)]",[],[],[],[],[],[],[],[],[],[],[],[],[],[],[],[],[],[],[],[],[]
viral/deu_news_2023_1M-sentences.txt/1117637,2021-2025,"[('viral/ADJ',)]","[('Infekt',)]",[],[],[],[],[],[],[],[],"[('rein',)]",[],[],[],[],[],[],[],[],[],[],[],[]
viral/deu_news_2023_1M-sentences.txt/1617600,2021-2025,"[('viral/ADJ',)]",[],[],"[('geht',)]",[],[],[],[],[],[],[],[],[],[],[],[],[],[],[],[],[],[],[]
viral/deu_news_2023_1M-sentences.txt/1638250,2021-2025,"[('viral/ADJ',)]",[],[],"[('ging',)]",[],[],[],[],[],[],[],[],[],[],[],[],[],[],[],[],[],[],[]
viral/deu_news_2023_1M-sentences.txt/1668227,2021-2025,"[('viral/ADJ',)]",[],[],"[('geht',)]",[],[],[],[],[],[],[],[],[],[],[],[],[],[],[],[],[],[],[]
viral/deu_news_2023_1M-sentences.txt/1697775,2021-2025,"[('viral/ADJ',)]",[],[],"[('ging',)]",[],[],[],[],[],[],[],[],[],[],[],[],[],[],[],[],[],[],[]
viral/deu_news_2023_1M-sentences.txt/2190987,2021-2025,"[('viral/ADJ',)]","[('Video',)]",[],[],[],[],[],[],[],[],[],[],[],[],[],[],[],[],[],[],[],[],[]
viral/deu_news_2023_1M-sentences.txt/2350395,2021-2025,"[('viral/ADJ',)]",[],[],"[('gegangen',)]",[],[],[],[],[],[],[],[],[],[],[],[],[],[],[],[],[],[],[]
viral/deu_news_2023_1M-sentences.txt/2364063,2021-2025,"[('viral/ADJ',)]",[],[],"[('ging',)]",[],[],[],[],[],[],[],[],[],[],[],[],[],[],[],[],[],[],[]
viral/deu_news_2023_1M-sentences.txt/3579365,2021-2025,"[('viral/ADJ',)]",[],[],"[('verbreitete',)]",[],[],[],[],[],[],[],[],[],[],[],[],[],[],[],[],[],[],[]
viral/deu_news_2023_1M-sentences.txt/4290887,2021-2025,"[('viral/ADJ',)]","[('Tiktok',)]",[],[],[],[],[],[],[],[],[],[],[],[],[],[],[],[],[],[],[],[],[]
viral/deu_news_2023_1M-sentences.txt/4290988,2021-2025,"[('viral/ADJ',)]",[],[],"[('geht',)]",[],[],[],[],[],[],[],[],[],[],[],[],[],[],[],[],[],[],[]
viral/deu_news_2023_1M-sentences.txt/4291018,2021-2025,"[('viral/ADJ',)]",[],[],"[('geht',)]",[],[],[],[],[],[],[],[],[],[],[],[],[],[],[],[],[],[],[]
viral/deu_news_2023_1M-sentences.txt/4291034,2021-2025,"[('viral/ADJ',)]",[],[],"[('ging',)]",[],[],[],[],[],[],[],[],[],[],[],[],[],[],[],[],[],[],[]
viral/deu_news_2023_1M-sentences.txt/4291041,2021-2025,"[('viral/ADJ',)]",[],[],"[('ging',)]",[],[],[],[],[],[],[],[],[],[],[],[],[],[],[],[],[],[],[]
viral/deu_news_2023_1M-sentences.txt/4291237,2021-2025,"[('viral/ADJ',)]",[],[],"[('gegangen',)]",[],[],[],[],[],[],[],[],[],[],[],[],[],[],[],[],[],[],[]
viral/deu_news_2023_1M-sentences.txt/4291384,2021-2025,"[('viral/ADJ',)]",[],[],"[('gegangen',)]",[],[],[],[],[],[],[],[],[],[],[],[],[],[],[],[],[],[],[]
viral/deu_news_2023_1M-sentences.txt/4291730,2021-2025,"[('viral/ADJ',)]",[],[],"[('gegangen',)]",[],[],[],[],[],[],[],[],[],[],[],[],[],[],[],[],[],[],[]
viral/deu_news_2023_1M-sentences.txt/4297871,2021-2025,"[('viral/ADJ',)]",[],[],"[('ging',)]",[],[],[],[],[],[],[],[],[],[],[],[],[],[],[],[],[],[],[]
viral/deu_news_2023_1M-sentences.txt/4309191,2021-2025,"[('viral/ADJ',)]",[],[],"[('ging',)]",[],[],[],[],[],[],[],[],[],[],[],[],[],[],[],[],[],[],[]
viral/deu_news_2023_1M-sentences.txt/4439767,2021-2025,"[('viral/ADJ',)]",[],[],[],[],"[('oder',)]","[('bakterielle',)]",[],[],[],[],[],[],[],[],[],[],[],[],[],[],[],[]
viral/deu_news_2023_1M-sentences.txt/4483930,2021-2025,"[('viral/ADJ',)]",[],[],[],[],"[('und',)]","[('Reddit',)]",[],[],[],"[('kürzlich',)]",[],[],[],[],[],[],[],[],[],[],[],[]
viral/deu_news_2023_1M-sentences.txt/4612947,2021-2025,"[('viral/ADJ',)]",[],[],"[('geht',)]",[],[],[],[],[],[],[],[],[],[],[],[],[],[],[],[],[],[],[]
viral/deu_news_2023_1M-sentences.txt/4758218,2021-2025,"[('viral/ADJ',)]",[],[],"[('geht',)]",[],[],[],[],[],[],[],[],[],[],[],[],[],[],[],[],[],[],[]
viral/deu_news_2023_1M-sentences.txt/4765477,2021-2025,"[('viral/ADJ',)]","[('Erklärvideo',)]",[],[],[],[],[],[],[],[],[],[],[],[],[],[],[],[],[],[],[],[],[]
viral/deu_news_2023_1M-sentences.txt/4789649,2021-2025,"[('viral/ADJ',)]",[],[],"[('ging',)]",[],[],[],[],[],[],[],[],[],[],[],[],[],[],[],[],[],[],[]
viral/deu_news_2023_1M-sentences.txt/5458011,2021-2025,"[('viral/ADJ',)]","[('Kleid',)]",[],[],[],[],[],[],[],[],[],[],[],[],[],[],[],[],[],[],[],[],[]
viral/deu_news_2023_1M-sentences.txt/5844397,2021-2025,"[('viral/ADJ',)]",[],[],"[('geht',)]",[],[],[],[],[],[],[],[],[],[],[],[],[],[],[],[],[],[],[]
viral/deu_news_2023_1M-sentences.txt/5871876,2021-2025,"[('viral/ADJ',)]",[],[],"[('ging',)]",[],[],[],[],[],[],[],[],[],[],[],[],[],[],[],[],[],[],[]
viral/deu_news_2023_1M-sentences.txt/5873602,2021-2025,"[('viral/ADJ',)]","[('Clip',)]",[],[],[],[],[],[],[],[],[],[],[],[],[],[],[],[],[],[],[],[],[]
viral/deu_news_2023_1M-sentences.txt/6304625,2021-2025,"[('viral/ADJ',)]",[],[],"[('gegangen',)]",[],[],[],[],[],[],[],[],[],[],[],[],[],[],[],[],[],[],[]
viral/deu_news_2023_1M-sentences.txt/6959599,2021-2025,"[('viral/ADJ',)]","[('Hepatitis',)]",[],[],[],[],[],[],[],[],[],[],[],[],[],[],[],[],[],[],[],[],[]
viral/deu_news_2023_1M-sentences.txt/7191130,2021-2025,"[('viral/ADJ',)]",[],[],"[('geht',)]",[],[],[],[],[],[],[],[],[],[],[],[],[],[],[],[],[],[],[]
viral/deu_news_2023_1M-sentences.txt/7679385,2021-2025,"[('viral/ADJ',)]",[],[],"[('gehen',)]",[],[],[],[],[],[],[],[],[],[],[],[],[],[],[],[],[],[],[]
viral/deu_news_2023_1M-sentences.txt/7754184,2021-2025,"[('viral/ADJ',)]",[],[],"[('geht',)]",[],[],[],[],[],[],[],[],[],[],[],[],[],[],[],[],[],[],[]
viral/deu_news_2023_1M-sentences.txt/7770464,2021-2025,"[('viral/ADJ',)]",[],"[('das',)]","[('geht',)]",[],[],[],[],[],[],[],[],[],[],[],[],[],[],[],[],[],[],[]
viral/deu_news_2023_1M-sentences.txt/7807868,2021-2025,"[('viral/ADJ',)]",[],[],"[('ging',)]",[],[],[],[],[],[],[],[],[],[],[],[],[],[],[],[],[],[],[]
viral/deu_news_2023_1M-sentences.txt/7809928,2021-2025,"[('viral/ADJ',)]",[],[],"[('wurde',)]",[],[],[],[],[],[],[],[],[],[],[],[],[],[],[],[],[],[],[]
viral/deu_news_2023_1M-sentences.txt/7922290,2021-2025,"[('viral/ADJ',)]",[],[],"[('gingen',)]",[],[],[],[],[],[],[],[],[],[],[],[],[],[],[],[],[],[],[]
viral/deu_news_2023_1M-sentences.txt/8591670,2021-2025,"[('viral/ADJ',)]",[],[],"[('gegangenen',)]",[],[],[],[],[],[],[],[],[],[],[],[],[],[],[],[],[],[],[]
viral/deu_news_2023_1M-sentences.txt/8664745,2021-2025,"[('viral/ADJ',)]","[('Tiervideo',)]",[],[],[],[],[],[],[],[],[],[],[],[],[],[],[],[],[],[],[],[],[]
viral/deu_news_2023_1M-sentences.txt/8801521,2021-2025,"[('viral/ADJ',)]","[('Video',)]",[],[],[],[],[],[],[],[],[],[],[],[],[],[],[],[],[],[],[],[],[]
viral/deu_news_2023_1M-sentences.txt/9000366,2021-2025,"[('viral/ADJ',)]","[('Hit',)]",[],[],[],[],[],[],[],[],[],[],[],[],[],[],[],[],[],[],[],[],[]
viral/deu_news_2023_1M-sentences.txt/9131568,2021-2025,"[('viral/ADJ',)]",[],[],"[('ging',)]",[],[],[],[],[],[],"[('fast',)]",[],[],[],[],[],[],[],[],[],[],[],[]
viral/deu_news_2023_1M-sentences.txt/9173586,2021-2025,"[('viral/ADJ',)]","[('Video',)]",[],[],[],[],[],[],[],[],[],[],[],[],[],[],[],[],[],[],[],[],[]
viral/deu_news_2023_1M-sentences.txt/9371377,2021-2025,"[('viral/ADJ',)]",[],[],"[('geht',)]",[],[],[],[],[],[],[],[],[],[],[],[],[],[],[],[],[],[],[]
viral/deu_news_2023_1M-sentences.txt/9462942,2021-2025,"[('viral/ADJ',)]",[],[],"[('ging',)]",[],[],[],[],[],[],[],[],[],[],[],[],[],[],[],[],[],[],[]
viral/deu_news_2023_1M-sentences.txt/9514872,2021-2025,"[('viral/ADJ',)]",[],[],"[('geht',)]",[],[],[],[],[],[],[],[],[],[],[],[],[],[],[],[],[],[],[]
viral/deu_news_2023_1M-sentences.txt/9514930,2021-2025,"[('viral/ADJ',)]",[],[],"[('ging',)]",[],[],[],[],[],[],[],[],[],[],[],[],[],[],[],[],[],[],[]
viral/deu_news_2023_1M-sentences.txt/9515305,2021-2025,"[('viral/ADJ',)]",[],[],"[('geht',)]",[],[],[],[],[],[],[],[],[],[],[],[],[],[],[],[],[],[],[]
viral/deu_news_2023_1M-sentences.txt/9769380,2021-2025,"[('viral/ADJ',)]",[],[],"[('gehen',)]",[],[],[],[],[],[],[],[],[],[],[],[],[],[],[],[],[],[],[]
viral/deu_news_2023_1M-sentences.txt/9891987,2021-2025,"[('viral/ADJ',)]","[('Erkrankung',)]",[],[],[],[],[],[],[],[],[],[],[],[],[],[],[],[],[],[],[],[],[]
viral/deu_news_2023_1M-sentences.txt/10171500,2021-2025,"[('viral/ADJ',)]",[],[],"[('gegangen',)]",[],[],[],[],[],[],[],[],[],[],[],[],[],[],[],[],[],[],[]
viral/deu_news_2023_1M-sentences.txt/10419144,2021-2025,"[('viral/ADJ',)]",[],[],"[('gegangen',)]",[],[],[],[],[],[],[],[],[],[],[],[],[],[],[],[],[],[],[]
viral/deu_news_2023_1M-sentences.txt/10459772,2021-2025,"[('viral/ADJ',)]",[],[],"[('gingen',)]",[],[],[],[],[],[],[],[],[],[],[],[],[],[],[],[],[],[],[]
viral/deu_news_2023_1M-sentences.txt/10658167,2021-2025,"[('viral/ADJ',)]",[],[],"[('ging',)]",[],[],[],[],[],[],[],[],[],[],[],[],[],[],[],[],[],[],[]
viral/deu_news_2023_1M-sentences.txt/10978416,2021-2025,"[('viral/ADJ',)]",[],[],"[('ging',)]",[],[],[],[],[],[],[],[],[],[],[],[],[],[],[],[],[],[],[]
viral/deu_news_2023_1M-sentences.txt/11096398,2021-2025,"[('viral/ADJ',)]",[],[],"[('Geht',)]",[],[],[],[],[],[],[],[],[],[],[],[],[],[],[],[],[],[],[]
viral/deu_news_2023_1M-sentences.txt/11759310,2021-2025,"[('viral/ADJ',)]","[('Produkt',)]",[],[],[],[],[],[],[],[],[],[],[],[],[],[],[],[],[],[],[],[],[]
viral/deu_news_2023_1M-sentences.txt/11778947,2021-2025,"[('viral/ADJ',)]","[('Video',)]",[],[],[],[],[],[],[],[],[],[],[],[],[],[],[],[],[],[],[],[],[]
viral/deu_news_2023_1M-sentences.txt/12062426,2021-2025,"[('viral/ADJ',)]",[],[],"[('ging',)]",[],[],[],[],[],[],[],[],[],[],[],[],[],[],[],[],[],[],[]
viral/deu_news_2023_1M-sentences.txt/12514802,2021-2025,"[('viral/ADJ',)]",[],[],"[('gegangenen',)]",[],[],[],[],[],[],[],[],[],[],[],[],[],[],[],[],[],[],[]
viral/deu_news_2023_1M-sentences.txt/12586115,2021-2025,"[('viral/ADJ',)]","[('Videos',)]",[],[],[],[],[],[],[],[],[],[],[],[],[],[],[],[],[],[],[],[],[]
viral/deu_news_2023_1M-sentences.txt/12847990,2021-2025,"[('viral/ADJ',)]","[('Video',)]",[],[],[],[],[],[],[],[],[],[],[],[],[],[],[],[],[],[],[],[],[]
viral/deu_news_2023_1M-sentences.txt/12875590,2021-2025,"[('viral/ADJ',)]","[('Videos',)]",[],[],[],[],[],[],[],[],[],[],[],[],[],[],[],[],[],[],[],[],[]
viral/deu_news_2023_1M-sentences.txt/12885519,2021-2025,"[('viral/ADJ',)]",[],[],"[('ging',)]",[],[],[],[],[],[],[],[],[],[],[],[],[],[],[],[],[],[],[]
viral/deu_news_2023_1M-sentences.txt/12958842,2021-2025,"[('viral/ADJ',)]",[],[],"[('ging',)]",[],[],[],[],[],[],[],[],[],[],[],[],[],[],[],[],[],[],[]
viral/deu_news_2023_1M-sentences.txt/13027839,2021-2025,"[('viral/ADJ',)]","[('Hit',)]",[],[],[],[],[],[],[],[],[],[],[],[],[],[],[],[],[],[],[],[],[]
viral/deu_news_2023_1M-sentences.txt/13041918,2021-2025,"[('viral/ADJ',)]",[],[],"[('ging',)]",[],[],[],[],[],[],[],[],[],[],[],[],[],[],[],[],[],[],[]
viral/deu_news_2023_1M-sentences.txt/13631246,2021-2025,"[('viral/ADJ',)]",[],[],"[('ging',)]",[],[],[],[],[],[],[],[],[],[],[],[],[],[],[],[],[],[],[]
viral/deu_news_2023_1M-sentences.txt/13953554,2021-2025,"[('viral/ADJ',)]",[],[],"[('gehen',)]",[],[],[],[],[],[],[],[],[],[],[],[],[],[],[],[],[],[],[]
viral/deu_news_2023_1M-sentences.txt/14585672,2021-2025,"[('viral/ADJ',)]","[('Momente',)]",[],[],[],[],[],[],[],[],[],[],[],[],[],[],[],[],[],[],[],[],[]
viral/deu_news_2023_1M-sentences.txt/14658660,2021-2025,"[('viral/ADJ',)]","[('Tanzmoment',)]",[],[],[],[],[],[],[],[],[],[],[],[],[],[],[],[],[],[],[],[],[]
viral/deu_news_2023_1M-sentences.txt/14841944,2021-2025,"[('viral/ADJ',)]",[],[],"[('ging',)]",[],[],[],[],[],[],[],[],[],[],[],[],[],[],[],[],[],[],[]
viral/deu_news_2023_1M-sentences.txt/14855627,2021-2025,"[('viral/ADJ',)]",[],[],"[('gegangen',)]",[],[],[],[],[],[],[],[],[],[],[],[],[],[],[],[],[],[],[]
viral/deu_news_2023_1M-sentences.txt/14950150,2021-2025,"[('viral/ADJ',)]",[],[],"[('geht',)]",[],[],[],[],[],[],[],[],[],[],[],[],[],[],[],[],[],[],[]
viral/deu_news_2023_1M-sentences.txt/15002411,2021-2025,"[('viral/ADJ',)]","[('Erklärvideo',)]",[],[],[],[],[],[],[],[],[],[],[],[],[],[],[],[],[],[],[],[],[]
viral/deu_news_2023_1M-sentences.txt/15237835,2021-2025,"[('viral/ADJ',)]","[('Krankheiten',)]",[],[],[],[],[],[],[],[],[],[],[],[],[],[],[],[],[],[],[],[],[]
viral/deu_news_2023_1M-sentences.txt/15437603,2021-2025,"[('viral/ADJ',)]",[],[],"[('geht',)]",[],[],[],[],[],[],[],[],[],[],[],[],[],[],[],[],[],[],[]
viral/deu_news_2023_1M-sentences.txt/15452058,2021-2025,"[('viral/ADJ',)]",[],[],"[('gegangen',)]",[],[],[],[],[],[],[],[],[],[],[],[],[],[],[],[],[],[],[]
viral/deu_news_2023_1M-sentences.txt/15577309,2021-2025,"[('viral/ADJ',)]","[('Infekte',)]",[],[],[],[],[],[],[],[],[],[],[],[],[],[],[],[],[],[],[],[],[]
viral/deu_news_2023_1M-sentences.txt/15851960,2021-2025,"[('viral/ADJ',)]",[],[],"[('gehen',)]",[],[],[],[],[],[],[],[],[],[],[],[],[],[],[],[],[],[],[]
viral/deu_news_2023_1M-sentences.txt/16267240,2021-2025,"[('viral/ADJ',)]",[],[],"[('ging',)]",[],[],[],[],[],[],[],[],[],[],[],[],[],[],[],[],[],[],[]
viral/deu_news_2023_1M-sentences.txt/16324634,2021-2025,"[('viral/ADJ',)]","[('Infektionen',)]",[],[],[],[],[],[],[],[],[],[],[],[],[],[],[],[],[],[],[],[],[]
viral/deu_news_2023_1M-sentences.txt/16411233,2021-2025,"[('viral/ADJ',)]",[],[],"[('ging',)]",[],[],[],[],[],[],[],[],[],[],[],[],[],[],[],[],[],[],[]
viral/deu_news_2023_1M-sentences.txt/16462915,2021-2025,"[('viral/ADJ',)]",[],[],"[('geht',)]",[],[],[],[],[],[],[],[],[],[],[],[],[],[],[],[],[],[],[]
viral/deu_news_2023_1M-sentences.txt/16943502,2021-2025,"[('viral/ADJ',)]",[],[],"[('gingen',)]",[],[],[],[],[],[],[],[],[],[],[],[],[],[],[],[],[],[],[]
viral/deu_news_2023_1M-sentences.txt/16985287,2021-2025,"[('viral/ADJ',)]",[],[],"[('ging',)]",[],[],[],[],[],[],[],[],[],[],[],[],[],[],[],[],[],[],[]
viral/deu_news_2023_1M-sentences.txt/17106293,2021-2025,"[('viral/ADJ',)]",[],[],"[('gehen',)]",[],[],[],[],[],[],[],[],[],[],[],[],[],[],[],[],[],[],[]
viral/deu_news_2023_1M-sentences.txt/17126345,2021-2025,"[('viral/ADJ',)]",[],[],"[('gegangenen',)]",[],[],[],[],[],[],[],[],[],[],[],[],[],[],[],[],[],[],[]
viral/deu_news_2023_1M-sentences.txt/17134808,2021-2025,"[('viral/ADJ',)]","[('Infektionen',)]","[('bakteriellen',)]",[],[],[],[],[],[],[],[],[],[],[],[],[],[],[],[],[],[],[],[]
viral/deu_news_2023_1M-sentences.txt/17411227,2021-2025,"[('viral/ADJ',)]",[],[],"[('gingen',)]",[],[],[],[],[],[],"[('auch',)]",[],[],[],[],[],[],[],[],[],[],[],[]
viral/deu_news_2023_1M-sentences.txt/17647766,2021-2025,"[('viral/ADJ',)]",[],[],"[('verbreitet',)]",[],[],[],[],[],[],[],[],[],[],[],[],[],[],[],[],[],[],[]
viral/deu_news_2023_1M-sentences.txt/17692720,2021-2025,"[('viral/ADJ',)]",[],[],"[('ging',)]",[],[],[],[],[],[],[],[],[],[],[],[],[],[],[],[],[],[],[]
viral/deu_news_2023_1M-sentences.txt/18423412,2021-2025,"[('viral/ADJ',)]",[],[],"[('gehen',)]","[('„',), ('“',)]",[],[],[],[],[],[],[],[],[],[],[],[],[],[],[],[],[],[]
viral/deu_news_2023_1M-sentences.txt/18519044,2021-2025,"[('viral/ADJ',)]","[('Hits',)]",[],[],[],[],[],[],[],[],[],[],[],[],[],[],[],[],[],[],[],[],[]
viral/deu_news_2023_1M-sentences.txt/18586178,2021-2025,"[('viral/ADJ',)]","[('Trendsettern',)]",[],[],[],[],[],[],[],[],[],[],[],[],[],[],[],[],[],[],[],[],[]
viral/deu_news_2023_1M-sentences.txt/18596843,2021-2025,"[('viral/ADJ',)]","[('Baked',)]",[],[],[],[],[],[],[],[],[],[],[],[],[],[],[],[],[],[],[],[],[]
viral/deu_news_2023_1M-sentences.txt/18638008,2021-2025,"[('viral/ADJ',)]",[],[],"[('gehenden',)]",[],[],[],[],[],[],[],[],[],[],[],[],[],[],[],[],[],[],[]
viral/deu_news_2023_1M-sentences.txt/18660076,2021-2025,"[('viral/ADJ',)]",[],[],"[('ging',)]",[],[],[],[],[],[],[],[],[],[],[],[],[],[],[],[],[],[],[]
viral/deu_news_2023_1M-sentences.txt/18931222,2021-2025,"[('viral/ADJ',)]",[],[],"[('geht',)]",[],[],[],[],[],[],[],[],[],[],[],[],[],[],[],[],[],[],[]
viral/deu_news_2023_1M-sentences.txt/18987438,2021-2025,"[('viral/ADJ',)]","[('Video',)]",[],[],[],[],[],[],[],[],[],[],[],[],[],[],[],[],[],[],[],[],[]
viral/deu_news_2023_1M-sentences.txt/19158617,2021-2025,"[('viral/ADJ',)]",[],[],"[('ging',)]",[],[],[],[],[],[],[],[],[],[],[],[],[],[],[],[],[],[],[]
viral/deu_news_2023_1M-sentences.txt/19702833,2021-2025,"[('viral/ADJ',)]","[('Infekt',)]",[],[],[],[],[],[],[],[],[],[],[],[],[],[],[],[],[],[],[],[],[]
viral/deu_news_2023_1M-sentences.txt/20128905,2021-2025,"[('viral/ADJ',)]","[('Hits',)]",[],[],[],[],[],[],[],[],[],[],[],[],[],[],[],[],[],[],[],[],[]
viral/deu_news_2023_1M-sentences.txt/20421402,2021-2025,"[('viral/ADJ',)]","[('Reaktivierung',)]",[],[],[],[],[],[],[],[],[],[],[],[],[],[],[],[],[],[],[],[],[]
viral/deu_news_2024_1M-sentences.txt/459091,2021-2025,"[('viral/ADJ',)]",[],[],"[('ging',)]",[],[],[],[],[],[],[],[],[],[],[],[],[],[],[],[],[],[],[]
viral/deu_news_2024_1M-sentences.txt/617264,2021-2025,"[('viral/ADJ',)]",[],[],"[('gehen',)]",[],[],[],[],[],[],[],[],[],[],[],[],[],[],[],[],[],[],[]
viral/deu_news_2024_1M-sentences.txt/865881,2021-2025,"[('viral/ADJ',)]","[('Erfolge',)]",[],[],[],[],[],[],[],[],[],[],[],[],[],[],[],[],[],[],[],[],[]
viral/deu_news_2024_1M-sentences.txt/1005174,2021-2025,"[('viral/ADJ',)]",[],[],"[('ging',)]",[],[],[],[],[],[],[],[],[],[],[],[],[],[],[],[],[],[],[]
viral/deu_news_2024_1M-sentences.txt/1443672,2021-2025,"[('viral/ADJ',)]","[('Infektionen',)]",[],[],[],[],[],[],[],[],[],[],[],[],[],[],[],[],[],[],[],[],[]
viral/deu_news_2024_1M-sentences.txt/1469960,2021-2025,"[('viral/ADJ',)]",[],[],"[('gegangen',)]",[],[],[],[],[],[],[],[],[],[],[],[],[],[],[],[],[],[],[]
viral/deu_news_2024_1M-sentences.txt/1566710,2021-2025,"[('viral/ADJ',)]",[],[],"[('gegangenen',)]",[],[],[],[],[],[],[],[],[],[],[],[],[],[],[],[],[],[],[]
viral/deu_news_2024_1M-sentences.txt/1640569,2021-2025,"[('viral/ADJ',)]",[],[],[],[],"[('und',)]","[('förderlichen',)]",[],[],[],[],[],[],[],[],[],[],[],[],[],[],[],[]
viral/deu_news_2024_1M-sentences.txt/1686788,2021-2025,"[('viral/ADJ',)]","[('Hits',)]",[],[],[],[],[],[],[],[],[],[],[],[],[],[],[],[],[],[],[],[],[]
viral/deu_news_2024_1M-sentences.txt/1694725,2021-2025,"[('viral/ADJ',)]",[],[],"[('geht',)]",[],[],[],[],[],[],[],[],[],[],[],[],[],[],[],[],[],[],[]
viral/deu_news_2024_1M-sentences.txt/1819925,2021-2025,"[('viral/ADJ',)]","[('Suchergebnisse',)]",[],[],[],[],[],[],[],[],[],[],[],[],[],[],[],[],[],[],[],[],[]
viral/deu_news_2024_1M-sentences.txt/1860762,2021-2025,"[('viral/ADJ',)]","[('Infektionen',)]",[],[],[],[],[],[],[],[],[],[],[],[],[],[],[],[],[],[],[],[],[]
viral/deu_news_2024_1M-sentences.txt/2125307,2021-2025,"[('viral/ADJ',)]",[],[],"[('geht',)]",[],[],[],[],[],[],[],[],[],[],[],[],[],[],[],[],[],[],[]
viral/deu_news_2024_1M-sentences.txt/2363442,2021-2025,"[('viral/ADJ',)]",[],[],"[('ging',)]",[],[],[],[],[],[],[],[],[],[],[],[],[],[],[],[],[],[],[]
viral/deu_news_2024_1M-sentences.txt/2835171,2021-2025,"[('viral/ADJ',)]","[('Tweet',)]",[],[],[],[],[],[],[],[],[],[],[],[],[],[],[],[],[],[],[],[],[]
viral/deu_news_2024_1M-sentences.txt/2912731,2021-2025,"[('viral/ADJ',)]","[('Ursprungs',)]",[],[],[],[],[],[],[],[],[],[],[],[],[],[],[],[],[],[],[],[],[]
viral/deu_news_2024_1M-sentences.txt/3374337,2021-2025,"[('viral/ADJ',)]",[],[],"[('ging',)]",[],[],[],[],[],[],[],[],[],[],[],[],[],[],[],[],[],[],[]
viral/deu_news_2024_1M-sentences.txt/3485863,2021-2025,"[('viral/ADJ',)]","[('Beispiel',)]",[],[],[],[],[],[],[],[],[],[],[],[],[],[],[],[],[],[],[],[],[]
viral/deu_news_2024_1M-sentences.txt/3488605,2021-2025,"[('viral/ADJ',)]","[('Verbreitung',)]",[],[],[],[],[],[],[],[],[],[],[],[],[],[],[],[],[],[],[],[],[]
viral/deu_news_2024_1M-sentences.txt/3659565,2021-2025,"[('viral/ADJ',)]","[('Potenzial',)]",[],[],[],[],[],[],[],[],[],[],[],[],[],[],[],[],[],[],[],[],[]
viral/deu_news_2024_1M-sentences.txt/3798038,2021-2025,"[('viral/ADJ',)]","[('Wirkstoffe',)]","[('bakterielle',), ('biologische',)]",[],[],[],[],[],[],[],[],[],[],[],[],[],[],[],[],[],[],[],[]
viral/deu_news_2024_1M-sentences.txt/3821024,2021-2025,"[('viral/ADJ',)]",[],[],"[('startet',)]",[],[],[],[],[],[],[],[],[],[],[],[],[],[],[],[],[],[],[]
viral/deu_news_2024_1M-sentences.txt/4221481,2021-2025,"[('viral/ADJ',)]",[],[],"[('gehen',)]",[],[],[],[],[],[],[],[],[],[],[],[],[],[],[],[],[],[],[]
viral/deu_news_2024_1M-sentences.txt/4221701,2021-2025,"[('viral/ADJ',)]",[],[],[],"[(',',)]","[('sondern',)]","[('ging',)]",[],[],[],"[('weltweit',), ('schnell',)]",[],[],[],[],[],[],[],[],[],[],[],[]
viral/deu_news_2024_1M-sentences.txt/4222563,2021-2025,"[('viral/ADJ',)]",[],[],"[('ging',)]",[],[],[],[],[],[],[],[],[],[],[],[],[],[],[],[],[],[],[]
viral/deu_news_2024_1M-sentences.txt/4319084,2021-2025,"[('viral/ADJ',)]",[],[],"[('gegangen',)]",[],[],[],[],[],[],[],[],[],[],[],[],[],[],[],[],[],[],[]
viral/deu_news_2024_1M-sentences.txt/4762828,2021-2025,"[('viral/ADJ',)]",[],[],[],"[(',',)]",[],"[('ging',)]",[],[],[],[],[],[],[],"[('Fußball',), ('Medien',)]",[],[],[],[],[],[],[],[]
viral/deu_news_2024_1M-sentences.txt/4862669,2021-2025,"[('viral/ADJ',)]",[],[],"[('ging',)]",[],[],[],[],[],[],[],[],[],[],[],[],[],[],[],[],[],[],[]
viral/deu_news_2024_1M-sentences.txt/4893889,2021-2025,"[('viral/ADJ',)]",[],[],"[('geht',)]",[],[],[],[],[],[],[],[],[],[],[],[],[],[],[],[],[],[],[]
viral/deu_news_2024_1M-sentences.txt/4975720,2021-2025,"[('viral/ADJ',)]",[],[],"[('ging',)]",[],[],[],[],[],[],[],[],[],[],[],[],[],[],[],[],[],[],[]
viral/deu_news_2024_1M-sentences.txt/5198458,2021-2025,"[('viral/ADJ',)]","[('Gerüchte',)]",[],[],[],[],[],[],[],[],[],[],[],[],[],[],[],[],[],[],[],[],[]
viral/deu_news_2024_1M-sentences.txt/5421785,2021-2025,"[('viral/ADJ',)]",[],[],"[('ging',)]",[],[],[],[],[],[],[],[],[],[],[],[],[],[],[],[],[],[],[]
viral/deu_news_2024_1M-sentences.txt/5596410,2021-2025,"[('viral/ADJ',)]","[('Infektion',)]",[],[],[],[],[],[],[],[],[],[],[],[],[],[],[],[],[],[],[],[],[]
viral/deu_news_2024_1M-sentences.txt/5857035,2021-2025,"[('viral/ADJ',)]",[],[],"[('ging',)]",[],[],[],"[('mit',)]","[('seinem',)]",[],"[('fast',)]",[],[],[],[],[],[],[],[],[],[],[],[]
viral/deu_news_2024_1M-sentences.txt/6372796,2021-2025,"[('viral/ADJ',)]",[],[],"[('gehen',)]",[],[],[],[],[],[],[],[],[],[],[],[],[],[],[],[],[],[],[]
viral/deu_news_2024_1M-sentences.txt/6447354,2021-2025,"[('viral/ADJ',)]",[],[],"[('geht',)]",[],[],[],[],[],[],[],[],[],[],[],[],[],[],[],[],[],[],[]
viral/deu_news_2024_1M-sentences.txt/6530936,2021-2025,"[('viral/ADJ',)]",[],[],"[('geht',)]",[],[],[],[],[],[],[],[],[],[],[],[],[],[],[],[],[],[],[]
viral/deu_news_2024_1M-sentences.txt/6662846,2021-2025,"[('viral/ADJ',)]","[('Enzyms',)]",[],[],[],[],[],[],[],[],[],[],[],[],[],[],[],[],[],[],[],[],[]
viral/deu_news_2024_1M-sentences.txt/6696717,2021-2025,"[('viral/ADJ',)]",[],[],"[('geht',)]",[],[],[],[],[],[],[],[],[],[],[],[],[],[],[],[],[],[],[]
viral/deu_news_2024_1M-sentences.txt/6871737,2021-2025,"[('viral/ADJ',)]",[],[],"[('gehen',)]",[],[],[],[],[],[],[],[],[],[],[],[],[],[],[],[],[],[],[]
viral/deu_news_2024_1M-sentences.txt/7054864,2021-2025,"[('viral/ADJ',)]","[('Erfolg',)]",[],[],[],[],[],[],[],[],[],[],[],[],[],[],[],[],[],[],[],[],[]
viral/deu_news_2024_1M-sentences.txt/7169542,2021-2025,"[('viral/ADJ',)]","[('Atemwegsinfektionen',)]",[],[],[],[],[],[],[],[],[],[],[],[],[],[],[],[],[],[],[],[],[]
viral/deu_news_2024_1M-sentences.txt/7457709,2021-2025,"[('viral/ADJ',)]",[],[],"[('ging',)]",[],[],[],[],[],[],[],[],[],[],[],[],[],[],[],[],[],[],[]
viral/deu_news_2024_1M-sentences.txt/7787098,2021-2025,"[('viral/ADJ',)]",[],[],"[('ging',)]",[],[],[],[],[],[],[],[],[],[],[],[],[],[],[],[],[],[],[]
viral/deu_news_2024_1M-sentences.txt/7791030,2021-2025,"[('viral/ADJ',)]",[],[],"[('gehen',)]",[],[],[],[],[],[],[],[],[],[],[],[],[],[],[],[],[],[],[]
viral/deu_news_2024_1M-sentences.txt/8821136,2021-2025,"[('viral/ADJ',)]",[],[],"[('geht',)]",[],[],[],[],[],[],[],[],[],[],[],[],[],[],[],[],[],[],[]
viral/deu_news_2024_1M-sentences.txt/8891241,2021-2025,"[('viral/ADJ',)]",[],[],"[('geht',)]",[],[],[],[],[],[],[],[],[],[],[],[],[],[],[],[],[],[],[]
viral/deu_news_2024_1M-sentences.txt/8934966,2021-2025,"[('viral/ADJ',)]",[],[],"[('geht',)]",[],[],[],[],[],[],[],[],[],[],[],[],[],[],[],[],[],[],[]
viral/deu_news_2024_1M-sentences.txt/9018729,2021-2025,"[('viral/ADJ',)]","[('Erbgut',)]",[],[],[],[],[],[],[],[],[],[],[],[],[],[],[],[],[],[],[],[],[]
viral/deu_news_2024_1M-sentences.txt/9064241,2021-2025,"[('viral/ADJ',)]",[],[],"[('gegangen',)]",[],[],[],[],[],[],[],[],[],[],[],[],[],[],[],[],[],[],[]
viral/deu_news_2024_1M-sentences.txt/9120103,2021-2025,"[('viral/ADJ',)]","[('Beliebtheit',)]",[],[],[],[],[],[],[],[],[],[],[],[],[],[],[],[],[],[],[],[],[]
viral/deu_news_2024_1M-sentences.txt/9169638,2021-2025,"[('viral/ADJ',)]",[],[],"[('Eines',)]",[],[],[],[],"[('der',)]",[],[],[],[],[],[],[],[],[],[],[],[],[],[]
viral/deu_news_2024_1M-sentences.txt/9194707,2021-2025,"[('viral/ADJ',)]",[],[],"[('geht',)]",[],[],[],[],[],[],[],[],[],[],[],[],[],[],[],[],[],[],[]
viral/deu_news_2024_1M-sentences.txt/9292078,2021-2025,"[('viral/ADJ',)]",[],[],"[('geht',)]",[],[],[],[],[],[],[],[],[],[],[],[],[],[],[],[],[],[],[]
viral/deu_news_2024_1M-sentences.txt/9313468,2021-2025,"[('viral/ADJ',)]",[],[],"[('gehen',)]",[],[],[],[],[],[],[],[],[],[],[],[],[],[],[],[],[],[],[]
viral/deu_news_2024_1M-sentences.txt/9342936,2021-2025,"[('viral/ADJ',)]",[],[],"[('gegangenes',)]",[],[],[],[],[],[],[],[],[],[],[],[],[],[],[],[],[],[],[]
viral/deu_news_2024_1M-sentences.txt/9423031,2021-2025,"[('viral/ADJ',)]","[('LinkedIn',)]",[],[],[],[],[],[],[],[],[],[],[],[],[],[],[],[],[],[],[],[],[]
viral/deu_news_2024_1M-sentences.txt/9489019,2021-2025,"[('viral/ADJ',)]",[],[],"[('gehen',)]",[],[],[],[],[],[],[],[],[],[],[],[],[],[],[],[],[],[],[]
viral/deu_news_2024_1M-sentences.txt/9569289,2021-2025,"[('viral/ADJ',)]","[('Attacke',)]",[],[],[],[],[],[],[],[],[],[],[],[],[],[],[],[],[],[],[],[],[]
viral/deu_news_2024_1M-sentences.txt/10412239,2021-2025,"[('viral/ADJ',)]","[('Infektionen',)]",[],[],[],[],[],[],[],[],[],[],[],[],[],[],[],[],[],[],[],[],[]
viral/deu_news_2024_1M-sentences.txt/10703494,2021-2025,"[('viral/ADJ',)]",[],[],"[('geht',)]",[],[],[],[],[],[],[],[],[],[],[],[],[],[],[],[],[],[],[]
viral/deu_news_2024_1M-sentences.txt/10798665,2021-2025,"[('viral/ADJ',)]","[('Infektionen',)]",[],[],[],[],[],[],[],[],[],[],[],[],[],[],[],[],[],[],[],[],[]
viral/deu_news_2024_1M-sentences.txt/10886169,2021-2025,"[('viral/ADJ',)]",[],[],"[('geht',)]",[],[],[],[],[],[],[],[],[],[],[],[],[],[],[],[],[],[],[]
viral/deu_news_2024_1M-sentences.txt/11360244,2021-2025,"[('viral/ADJ',)]",[],[],"[('gingen',)]",[],[],[],[],[],[],[],[],[],[],[],[],[],[],[],[],[],[],[]
viral/deu_news_2024_1M-sentences.txt/11730232,2021-2025,"[('viral/ADJ',)]","[('Tanz',)]",[],[],[],[],[],[],[],[],[],[],[],[],[],[],[],[],[],[],[],[],[]
viral/deu_news_2024_1M-sentences.txt/11924987,2021-2025,"[('viral/ADJ',)]",[],[],"[('gingen',)]",[],[],[],[],[],[],[],[],[],[],[],[],[],[],[],[],[],[],[]
viral/deu_news_2024_1M-sentences.txt/12057366,2021-2025,"[('viral/ADJ',)]","[('Ursachen',)]",[],[],[],[],[],[],[],[],[],[],[],[],[],[],[],[],[],[],[],[],[]
viral/deu_news_2024_1M-sentences.txt/12218264,2021-2025,"[('viral/ADJ',)]",[],[],"[('gehen',)]",[],[],[],[],[],[],[],[],[],[],[],[],[],[],[],[],[],[],[]
viral/deu_news_2024_1M-sentences.txt/12308730,2021-2025,"[('viral/ADJ',)]","[('Syndrom',)]",[],[],"[('-',)]",[],[],[],[],[],[],[],[],[],[],[],[],[],[],[],[],[],[]
viral/deu_news_2024_1M-sentences.txt/12317448,2021-2025,"[('viral/ADJ',)]",[],[],"[('gingen',)]",[],[],[],[],[],[],[],[],[],[],[],[],[],[],[],[],[],[],[]
viral/deu_news_2024_1M-sentences.txt/12387422,2021-2025,"[('viral/ADJ',)]",[],[],"[('ging',)]",[],[],[],[],[],[],[],[],[],[],[],[],[],[],[],[],[],[],[]
viral/deu_news_2024_1M-sentences.txt/12440220,2021-2025,"[('viral/ADJ',)]",[],[],"[('gegangen',)]",[],[],[],[],[],[],[],[],[],[],[],[],[],[],[],[],[],[],[]
viral/deu_news_2024_1M-sentences.txt/12467004,2021-2025,"[('viral/ADJ',)]",[],[],"[('ging',)]",[],[],[],[],[],[],[],[],[],[],[],[],[],[],[],[],[],[],[]
viral/deu_news_2024_1M-sentences.txt/12476253,2021-2025,"[('viral/ADJ',)]",[],[],"[('ging',)]",[],[],[],[],[],[],[],[],[],[],[],[],[],[],[],[],[],[],[]
viral/deu_news_2024_1M-sentences.txt/12484507,2021-2025,"[('viral/ADJ',)]",[],[],"[('gegangen',)]",[],[],[],[],[],[],[],[],[],[],[],[],[],[],[],[],[],[],[]
viral/deu_news_2024_1M-sentences.txt/12533893,2021-2025,"[('viral/ADJ',)]",[],[],"[('gehen',)]",[],[],[],[],[],[],[],[],[],[],[],[],[],[],[],[],[],[],[]
viral/deu_news_2024_1M-sentences.txt/12533905,2021-2025,"[('viral/ADJ',)]",[],[],"[('gehen',)]",[],[],[],[],[],[],[],[],[],[],[],[],[],[],[],[],[],[],[]
viral/deu_news_2024_1M-sentences.txt/12542142,2021-2025,"[('viral/ADJ',)]","[('Bilder',)]","[('KI',), ('explizite',)]",[],[],[],[],[],[],[],[],[],[],[],[],[],[],[],[],[],[],[],[]
viral/deu_news_2024_1M-sentences.txt/12659179,2021-2025,"[('viral/ADJ',)]",[],[],"[('geht',)]",[],[],[],[],[],[],[],[],[],[],[],[],[],[],[],[],[],[],[]
viral/deu_news_2024_1M-sentences.txt/12659230,2021-2025,"[('viral/ADJ',)]",[],[],"[('geht',)]",[],[],[],[],[],[],[],[],[],[],[],[],[],[],[],[],[],[],[]
viral/deu_news_2024_1M-sentences.txt/12790867,2021-2025,"[('viral/ADJ',)]","[('Social',)]",[],[],[],[],[],[],[],[],[],[],[],[],[],[],[],[],[],[],[],[],[]
viral/deu_news_2024_1M-sentences.txt/13255337,2021-2025,"[('viral/ADJ',)]",[],[],"[('gegangen',)]",[],[],[],[],[],[],[],[],[],[],[],[],[],[],[],[],[],[],[]
viral/deu_news_2024_1M-sentences.txt/13292321,2021-2025,"[('viral/ADJ',)]",[],[],"[('ging',)]",[],[],[],[],[],[],[],[],[],[],[],[],[],[],[],[],[],[],[]
viral/deu_news_2024_1M-sentences.txt/13357155,2021-2025,"[('viral/ADJ',)]",[],[],"[('nutzen',)]","[(',',)]",[],[],[],[],[],[],[],[],[],[],[],[],[],[],[],[],[],[]
viral/deu_news_2024_1M-sentences.txt/13467395,2021-2025,"[('viral/ADJ',)]",[],[],"[('ging',)]",[],[],[],[],[],[],"[('so',)]",[],[],[],[],[],[],[],[],[],[],[],[]
viral/deu_news_2024_1M-sentences.txt/13700103,2021-2025,"[('viral/ADJ',)]",[],[],"[('gegangen',)]",[],[],[],[],[],[],[],[],[],[],[],[],[],[],[],[],[],[],[]
viral/deu_news_2024_1M-sentences.txt/13756040,2021-2025,"[('viral/ADJ',)]","[('Erkrankungen',)]",[],[],[],[],[],[],[],[],[],[],[],[],[],[],[],[],[],[],[],[],[]
viral/deu_news_2024_1M-sentences.txt/13964864,2021-2025,"[('viral/ADJ',)]",[],[],"[('geht',)]",[],[],[],[],[],[],[],[],[],[],[],[],[],[],[],[],[],[],[]
viral/deu_news_2024_1M-sentences.txt/14097066,2021-2025,"[('viral/ADJ',)]","[('Tiktok',)]",[],[],[],[],[],[],[],[],[],[],[],[],[],[],[],[],[],[],[],[],[]
viral/deu_news_2024_1M-sentences.txt/14159082,2021-2025,"[('viral/ADJ',)]",[],[],"[('ging',)]",[],[],[],[],[],[],[],[],[],[],[],[],[],[],[],[],[],[],[]
viral/deu_news_2024_1M-sentences.txt/14265104,2021-2025,"[('viral/ADJ',)]","[('Verbreitung',)]",[],[],[],[],[],[],[],[],[],[],[],[],[],[],[],[],[],[],[],[],[]
viral/deu_news_2024_1M-sentences.txt/14419042,2021-2025,"[('viral/ADJ',)]",[],[],"[('gegangen',)]",[],[],[],[],[],[],[],[],[],[],[],[],[],[],[],[],[],[],[]
viral/deu_news_2024_1M-sentences.txt/14696579,2021-2025,"[('viral/ADJ',)]","[('Sensation',)]",[],[],[],[],[],[],[],[],[],[],[],[],[],[],[],[],[],[],[],[],[]
viral/deu_news_2024_1M-sentences.txt/14708502,2021-2025,"[('viral/ADJ',)]","[('Erfolg',)]",[],[],[],[],[],[],[],[],[],[],[],[],[],[],[],[],[],[],[],[],[]
viral/deu_news_2024_1M-sentences.txt/14722637,2021-2025,"[('viral/ADJ',)]",[],[],"[('gehen',)]",[],[],[],[],[],[],[],[],[],[],[],[],[],[],[],[],[],[],[]
viral/deu_news_2024_1M-sentences.txt/14833228,2021-2025,"[('viral/ADJ',)]",[],[],"[('gegangen',)]",[],[],[],[],[],[],[],[],[],[],[],[],[],[],[],[],[],[],[]
viral/deu_news_2024_1M-sentences.txt/15308594,2021-2025,"[('viral/ADJ',)]",[],[],"[('geht',)]",[],[],[],[],[],[],[],[],[],[],[],[],[],[],[],[],[],[],[]
viral/deu_news_2024_1M-sentences.txt/15520316,2021-2025,"[('viral/ADJ',)]","[('Dubai',)]",[],[],[],[],[],[],[],[],[],[],[],[],[],[],[],[],[],[],[],[],[]
viral/deu_news_2024_1M-sentences.txt/15923931,2021-2025,"[('viral/ADJ',)]",[],[],"[('ging',)]",[],[],[],[],[],[],[],[],[],[],[],[],[],[],[],[],[],[],[]
viral/deu_news_2024_1M-sentences.txt/15944488,2021-2025,"[('viral/ADJ',)]",[],[],"[('ging',)]",[],[],[],[],[],[],[],[],[],[],[],[],[],[],[],[],[],[],[]
viral/deu_news_2024_1M-sentences.txt/15954438,2021-2025,"[('viral/ADJ',)]","[('Trends',)]",[],[],[],[],[],[],[],[],[],[],[],[],[],[],[],[],[],[],[],[],[]
viral/deu_news_2024_1M-sentences.txt/16250835,2021-2025,"[('viral/ADJ',)]","[('Hit',)]",[],[],[],[],[],[],[],[],[],[],[],[],[],[],[],[],[],[],[],[],[]
viral/deu_news_2024_1M-sentences.txt/16253914,2021-2025,"[('viral/ADJ',)]",[],[],"[('ging',)]",[],[],[],[],[],[],[],[],[],[],[],[],[],[],[],[],[],[],[]
viral/deu_news_2024_1M-sentences.txt/16393395,2021-2025,"[('viral/ADJ',)]",[],[],"[('ging',)]",[],[],[],[],[],[],[],[],[],[],[],[],[],[],[],[],[],[],[]
viral/deu_news_2024_1M-sentences.txt/16500775,2021-2025,"[('viral/ADJ',)]",[],[],"[('gehen',)]",[],[],[],[],[],[],[],[],[],[],[],[],[],[],[],[],[],[],[]
viral/deu_news_2024_1M-sentences.txt/16585217,2021-2025,"[('viral/ADJ',)]","[('TikTok',)]",[],[],[],[],[],[],[],[],[],[],[],[],[],[],[],[],[],[],[],[],[]
viral/deu_news_2024_1M-sentences.txt/16683283,2021-2025,"[('viral/ADJ',)]",[],[],[],[],[],[],[],[],[],[],[],[],[],[],[],[],[],[],[],[],[],"[('geht',)]"
viral/deu_news_2024_1M-sentences.txt/16684018,2021-2025,"[('viral/ADJ',)]","[('Infektionskrankheit',)]","[('seuchenartige',)]",[],[],[],[],[],[],[],[],[],[],[],[],[],[],[],[],[],[],[],[]
viral/deu_news_2024_1M-sentences.txt/16823691,2021-2025,"[('viral/ADJ',)]",[],[],"[('ging',)]",[],[],[],[],[],[],[],[],[],[],[],[],[],[],[],[],[],[],[]
viral/deu_news_2024_1M-sentences.txt/16969856,2021-2025,"[('viral/ADJ',)]",[],[],"[('gehen',)]",[],[],[],[],[],[],[],[],[],[],[],[],[],[],[],[],[],[],[]
viral/deu_news_2024_1M-sentences.txt/17082924,2021-2025,"[('viral/ADJ',)]","[('Idee',)]",[],[],[],[],[],[],[],[],[],[],[],[],[],[],[],[],[],[],[],[],[]
viral/deu_news_2024_1M-sentences.txt/17139640,2021-2025,"[('viral/ADJ',)]",[],[],"[('geht',)]",[],[],[],[],[],[],[],[],[],[],[],[],[],[],[],[],[],[],[]
viral/deu_news_2024_1M-sentences.txt/17421074,2021-2025,"[('viral/ADJ',)]","[('Information',)]",[],[],[],[],[],[],[],[],[],[],[],[],[],[],[],[],[],[],[],[],[]
viral/deu_news_2024_1M-sentences.txt/17466499,2021-2025,"[('viral/ADJ',)]","[('Trends',)]",[],[],[],[],[],[],[],[],[],[],[],[],[],[],[],[],[],[],[],[],[]
viral/deu_news_2024_1M-sentences.txt/17774897,2021-2025,"[('viral/ADJ',)]",[],[],"[('gehende',)]",[],[],[],[],[],[],[],[],[],[],[],[],[],[],[],[],[],[],[]
viral/deu_news_2024_1M-sentences.txt/17801341,2021-2025,"[('viral/ADJ',)]",[],[],"[('ging',)]",[],[],[],[],[],[],[],[],[],[],[],[],[],[],[],[],[],[],[]
viral/deu_news_2024_1M-sentences.txt/18078113,2021-2025,"[('viral/ADJ',)]",[],[],"[('abgehen',)]",[],[],[],[],[],[],[],[],[],[],[],[],[],[],[],[],[],[],[]
viral/deu_news_2024_1M-sentences.txt/18204488,2021-2025,"[('viral/ADJ',)]",[],[],"[('gehen',)]",[],[],[],[],[],[],[],[],[],[],[],[],[],[],[],[],[],[],[]
viral/deu_news_2024_1M-sentences.txt/18348491,2021-2025,"[('viral/ADJ',)]","[('Infektionen',)]","[('bakterielle',)]",[],[],[],[],[],[],[],[],[],[],[],[],[],[],[],[],[],[],[],[]
viral/deu_news_2024_1M-sentences.txt/18380182,2021-2025,"[('viral/ADJ',)]",[],[],"[('gingen',)]",[],[],[],[],[],[],[],[],[],[],[],[],[],[],[],[],[],[],[]
viral/deu_news_2024_1M-sentences.txt/18473312,2021-2025,"[('viral/ADJ',)]",[],[],"[('geht',)]",[],[],[],[],[],[],[],[],[],[],[],[],[],[],[],[],[],[],[]
viral/deu_news_2024_1M-sentences.txt/18487055,2021-2025,"[('viral/ADJ',)]","[('Videos',)]",[],[],[],[],[],[],[],[],[],[],[],[],[],[],[],[],[],[],[],[],[]
viral/deu_news_2024_1M-sentences.txt/18487542,2021-2025,"[('viral/ADJ',)]",[],[],"[('geht',)]",[],[],[],[],[],[],[],[],[],[],[],[],[],[],[],[],[],[],[]
viral/deu_news_2024_1M-sentences.txt/18561930,2021-2025,"[('viral/ADJ',)]",[],[],"[('ging',)]",[],[],[],[],[],[],[],[],[],[],[],[],[],[],[],[],[],[],[]
viral/deu_news_2024_1M-sentences.txt/19235400,2021-2025,"[('viral/ADJ',)]","[('Trends',)]",[],[],[],[],[],[],[],[],[],[],[],[],[],[],[],[],[],[],[],[],[]
viral/deu_news_2024_1M-sentences.txt/19242853,2021-2025,"[('viral/ADJ',)]",[],[],"[('geht',)]",[],[],[],[],[],[],[],[],[],[],[],[],[],[],[],[],[],[],[]
viral/deu_news_2024_1M-sentences.txt/19458949,2021-2025,"[('viral/ADJ',)]","[('Persistenz',)]",[],[],[],[],[],[],[],[],[],[],[],[],[],[],[],[],[],[],[],[],[]
viral/deu_news_2024_1M-sentences.txt/19562383,2021-2025,"[('viral/ADJ',)]","[('Clips',)]",[],[],[],[],[],[],[],[],[],[],[],[],[],[],[],[],[],[],[],[],[]
viral/deu_news_2024_1M-sentences.txt/20322336,2021-2025,"[('viral/ADJ',)]",[],[],"[('ging',)]",[],[],[],[],[],[],[],[],[],[],[],[],[],[],[],[],[],[],[]
viral/deu_news_2024_1M-sentences.txt/20396402,2021-2025,"[('viral/ADJ',)]","[('Video',)]",[],[],[],[],[],[],[],[],[],[],[],[],[],[],[],[],[],[],[],[],[]
viral/deu_news_2024_1M-sentences.txt/20492484,2021-2025,"[('viral/ADJ',)]",[],[],"[('gehen',)]",[],[],[],[],[],[],[],[],[],[],[],[],[],[],[],[],[],[],[]
viral/deu_news_2025_1M-sentences.txt/151323,2021-2025,"[('viral/ADJ',)]",[],[],"[('geht',)]",[],[],[],[],[],[],[],[],[],[],[],[],[],[],[],[],[],[],[]
viral/deu_news_2025_1M-sentences.txt/471606,2021-2025,"[('viral/ADJ',)]",[],[],"[('geht',)]",[],[],[],[],[],[],[],[],[],[],[],[],[],[],[],[],[],[],[]
viral/deu_news_2025_1M-sentences.txt/598070,2021-2025,"[('viral/ADJ',)]",[],[],"[('ging',)]",[],[],[],[],[],[],[],[],[],[],[],[],[],[],[],[],[],[],[]
viral/deu_news_2025_1M-sentences.txt/803958,2021-2025,"[('viral/ADJ',)]",[],[],[],"[('.',)]",[],[],[],[],[],[],[],"[('ich',)]","[('war',)]","[('Tag',)]",[],[],[],[],[],[],[],[]
viral/deu_news_2025_1M-sentences.txt/1335857,2021-2025,"[('viral/ADJ',)]","[('Hit',)]",[],[],[],[],[],[],[],[],[],[],[],[],[],[],[],[],[],[],[],[],[]
viral/deu_news_2025_1M-sentences.txt/1438222,2021-2025,"[('viral/ADJ',)]",[],[],"[('verbreiten',)]",[],[],[],[],[],[],[],[],[],[],[],[],[],[],[],[],[],[],[]
viral/deu_news_2025_1M-sentences.txt/1517312,2021-2025,"[('viral/ADJ',)]","[('Duft',)]",[],[],[],[],[],[],[],[],[],[],[],[],[],[],[],[],[],[],[],[],[]
viral/deu_news_2025_1M-sentences.txt/1644680,2021-2025,"[('viral/ADJ',)]",[],[],"[('gehen',)]",[],[],[],[],[],[],[],[],[],[],[],[],[],[],[],[],[],[],[]
viral/deu_news_2025_1M-sentences.txt/1657429,2021-2025,"[('viral/ADJ',)]",[],[],"[('ging',)]",[],[],[],[],[],[],[],[],[],[],[],[],[],[],[],[],[],[],[]
viral/deu_news_2025_1M-sentences.txt/1661035,2021-2025,"[('viral/ADJ',)]",[],[],"[('geht',)]",[],[],[],[],[],[],[],[],[],[],[],[],[],[],[],[],[],[],[]
viral/deu_news_2025_1M-sentences.txt/1664678,2021-2025,"[('viral/ADJ',)]",[],[],"[('gehen',)]",[],[],[],[],[],[],[],[],[],[],[],[],[],[],[],[],[],[],[]
viral/deu_news_2025_1M-sentences.txt/1809635,2021-2025,"[('viral/ADJ',)]","[('Reifen',)]",[],[],[],[],[],[],[],[],[],[],[],[],[],[],[],[],[],[],[],[],[]
viral/deu_news_2025_1M-sentences.txt/1838764,2021-2025,"[('viral/ADJ',)]",[],[],"[('geht',)]",[],[],[],[],[],[],[],[],[],[],[],[],[],[],[],[],[],[],[]
viral/deu_news_2025_1M-sentences.txt/1905629,2021-2025,"[('viral/ADJ',)]",[],[],"[('gehen',)]",[],[],[],[],[],[],[],[],[],[],[],[],[],[],[],[],[],[],[]
viral/deu_news_2025_1M-sentences.txt/2232408,2021-2025,"[('viral/ADJ',)]",[],[],"[('gegangene',)]",[],[],[],[],[],[],[],[],[],[],[],[],[],[],[],[],[],[],[]
viral/deu_news_2025_1M-sentences.txt/2290380,2021-2025,"[('viral/ADJ',)]",[],[],"[('ging',)]",[],[],[],[],[],[],[],[],[],[],[],[],[],[],[],[],[],[],[]
viral/deu_news_2025_1M-sentences.txt/2844874,2021-2025,"[('viral/ADJ',)]","[('Stories',)]",[],[],[],[],[],[],[],[],[],[],[],[],[],[],[],[],[],[],[],[],[]
viral/deu_news_2025_1M-sentences.txt/3126377,2021-2025,"[('viral/ADJ',)]","[('Aura',)]",[],[],[],[],[],[],[],[],[],[],[],[],[],[],[],[],[],[],[],[],[]
viral/deu_news_2025_1M-sentences.txt/3836107,2021-2025,"[('viral/ADJ',)]",[],[],"[('gingen',)]",[],[],[],[],[],[],[],[],[],[],[],[],[],[],[],[],[],[],[]
viral/deu_news_2025_1M-sentences.txt/3987894,2021-2025,"[('viral/ADJ',)]","[('Themen',)]",[],[],[],[],[],[],[],[],[],[],[],[],[],[],[],[],[],[],[],[],[]
viral/deu_news_2025_1M-sentences.txt/4023629,2021-2025,"[('viral/ADJ',)]",[],[],"[('ausbreitet',)]",[],[],[],[],[],[],[],[],[],[],[],[],[],[],[],[],[],[],[]
viral/deu_news_2025_1M-sentences.txt/4137414,2021-2025,"[('viral/ADJ',)]",[],[],"[('ging',)]",[],[],[],[],[],[],[],[],[],[],[],[],[],[],[],[],[],[],[]
viral/deu_news_2025_1M-sentences.txt/4137529,2021-2025,"[('viral/ADJ',)]",[],[],"[('ging',)]",[],[],[],[],[],[],[],[],[],[],[],[],[],[],[],[],[],[],[]
viral/deu_news_2025_1M-sentences.txt/4137636,2021-2025,"[('viral/ADJ',)]",[],[],"[('ging',)]",[],[],[],[],[],[],[],[],[],[],[],[],[],[],[],[],[],[],[]
viral/deu_news_2025_1M-sentences.txt/4137780,2021-2025,"[('viral/ADJ',)]",[],[],"[('geht',)]",[],[],[],[],[],[],[],[],[],[],[],[],[],[],[],[],[],[],[]
viral/deu_news_2025_1M-sentences.txt/4138693,2021-2025,"[('viral/ADJ',)]",[],[],"[('gingen',)]",[],[],[],[],[],[],[],[],[],[],[],[],[],[],[],[],[],[],[]
viral/deu_news_2025_1M-sentences.txt/4139047,2021-2025,"[('viral/ADJ',)]",[],[],"[('ging',)]",[],[],[],[],[],[],[],[],[],[],[],[],[],[],[],[],[],[],[]
viral/deu_news_2025_1M-sentences.txt/4140408,2021-2025,"[('viral/ADJ',)]","[('Video',)]",[],[],[],[],[],[],[],[],[],[],[],[],[],[],[],[],[],[],[],[],[]
viral/deu_news_2025_1M-sentences.txt/4179513,2021-2025,"[('viral/ADJ',)]","[('Phänomen',)]",[],[],[],[],[],[],[],[],[],[],[],[],[],[],[],[],[],[],[],[],[]
viral/deu_news_2025_1M-sentences.txt/4355148,2021-2025,"[('viral/ADJ',)]","[('Beiträge',)]",[],[],[],[],[],[],[],[],[],[],[],[],[],[],[],[],[],[],[],[],[]
viral/deu_news_2025_1M-sentences.txt/4565315,2021-2025,"[('viral/ADJ',)]",[],[],"[('geht',)]",[],[],[],[],[],[],[],[],[],[],[],[],[],[],[],[],[],[],[]
viral/deu_news_2025_1M-sentences.txt/4575183,2021-2025,"[('viral/ADJ',)]",[],[],"[('ging',)]",[],[],[],[],[],[],[],[],[],[],[],[],[],[],[],[],[],[],[]
viral/deu_news_2025_1M-sentences.txt/4748099,2021-2025,"[('viral/ADJ',)]","[('Potenzials',)]",[],[],[],[],[],[],[],[],[],[],[],[],[],[],[],[],[],[],[],[],[]
viral/deu_news_2025_1M-sentences.txt/4790592,2021-2025,"[('viral/ADJ',)]","[('Phänomen',)]",[],[],[],[],[],[],[],[],[],[],[],[],[],[],[],[],[],[],[],[],[]
viral/deu_news_2025_1M-sentences.txt/4817428,2021-2025,"[('viral/ADJ',)]","[('Verbreitung',)]",[],[],[],[],[],[],[],[],[],[],[],[],[],[],[],[],[],[],[],[],[]
viral/deu_news_2025_1M-sentences.txt/4861067,2021-2025,"[('viral/ADJ',)]",[],[],"[('ging',)]",[],[],[],[],[],[],[],[],[],[],[],[],[],[],[],[],[],[],[]
viral/deu_news_2025_1M-sentences.txt/5314384,2021-2025,"[('viral/ADJ',)]","[('Hit',)]",[],[],[],[],[],[],[],[],[],[],[],[],[],[],[],[],[],[],[],[],[]
viral/deu_news_2025_1M-sentences.txt/5499727,2021-2025,"[('viral/ADJ',)]",[],[],"[('gehen',)]",[],[],[],[],[],[],[],[],[],[],[],[],[],[],[],[],[],[],[]
viral/deu_news_2025_1M-sentences.txt/5685728,2021-2025,"[('viral/ADJ',)]","[('Tipp',)]",[],[],[],[],[],[],[],[],[],[],[],[],[],[],[],[],[],[],[],[],[]
viral/deu_news_2025_1M-sentences.txt/5693200,2021-2025,"[('viral/ADJ',)]",[],[],"[('verbreitet',)]",[],[],[],[],[],[],[],[],[],[],[],[],[],[],[],[],[],[],[]
viral/deu_news_2025_1M-sentences.txt/5804758,2021-2025,"[('viral/ADJ',)]","[('Hepatitis',)]",[],[],[],[],[],[],[],[],[],[],[],[],[],[],[],[],[],[],[],[],[]
viral/deu_news_2025_1M-sentences.txt/6033872,2021-2025,"[('viral/ADJ',)]",[],[],"[('ging',)]",[],[],[],[],[],[],[],[],[],[],[],[],[],[],[],[],[],[],[]
viral/deu_news_2025_1M-sentences.txt/6034231,2021-2025,"[('viral/ADJ',)]",[],[],"[('gingen',)]",[],[],[],[],[],[],[],[],[],[],[],[],[],[],[],[],[],[],[]
viral/deu_news_2025_1M-sentences.txt/6034319,2021-2025,"[('viral/ADJ',)]",[],[],"[('gingen',)]",[],[],[],[],[],[],[],[],[],[],[],[],[],[],[],[],[],[],[]
viral/deu_news_2025_1M-sentences.txt/6448795,2021-2025,"[('viral/ADJ',)]","[('Meningitis',)]",[],[],[],[],[],[],[],[],[],[],[],[],[],[],[],[],[],[],[],[],[]
viral/deu_news_2025_1M-sentences.txt/6487556,2021-2025,"[('viral/ADJ',)]",[],[],"[('geht',)]",[],[],[],[],[],[],[],[],[],[],[],[],[],[],[],[],[],[],[]
viral/deu_news_2025_1M-sentences.txt/6870206,2021-2025,"[('viral/ADJ',)]",[],[],"[('ging',)]",[],[],[],[],[],[],[],[],[],[],[],[],[],[],[],[],[],[],[]
viral/deu_news_2025_1M-sentences.txt/7210784,2021-2025,"[('viral/ADJ',)]","[('Social',)]",[],[],[],[],[],[],[],[],[],[],[],[],[],[],[],[],[],[],[],[],[]
viral/deu_news_2025_1M-sentences.txt/7453280,2021-2025,"[('viral/ADJ',)]",[],[],"[('gehen',)]",[],[],[],[],[],[],[],[],[],[],[],[],[],[],[],[],[],[],[]
viral/deu_news_2025_1M-sentences.txt/7493108,2021-2025,"[('viral/ADJ',)]",[],[],"[('gehen',)]",[],[],[],[],[],[],[],[],[],[],[],[],[],[],[],[],[],[],[]
viral/deu_news_2025_1M-sentences.txt/7632609,2021-2025,"[('viral/ADJ',)]","[('Erreger',)]",[],[],[],[],[],[],[],[],[],[],[],[],[],[],[],[],[],[],[],[],[]
viral/deu_news_2025_1M-sentences.txt/7655701,2021-2025,"[('viral/ADJ',)]",[],[],"[('geht',)]",[],[],[],[],[],[],[],[],[],[],[],[],[],[],[],[],[],[],[]
viral/deu_news_2025_1M-sentences.txt/7668583,2021-2025,"[('viral/ADJ',)]",[],[],"[('geht',)]",[],[],[],[],[],[],[],[],[],[],[],[],[],[],[],[],[],[],[]
viral/deu_news_2025_1M-sentences.txt/7736966,2021-2025,"[('viral/ADJ',)]",[],[],"[('ging',)]",[],[],[],[],[],[],[],[],[],[],[],[],[],[],[],[],[],[],[]
viral/deu_news_2025_1M-sentences.txt/7894917,2021-2025,"[('viral/ADJ',)]",[],[],"[('geht',)]",[],[],[],[],[],[],[],[],[],[],[],[],[],[],[],[],[],[],[]
viral/deu_news_2025_1M-sentences.txt/8085592,2021-2025,"[('viral/ADJ',)]",[],[],"[('gingen',)]",[],[],[],[],[],[],[],[],[],[],[],[],[],[],[],[],[],[],[]
viral/deu_news_2025_1M-sentences.txt/8085768,2021-2025,"[('viral/ADJ',)]",[],[],"[('gingen',)]",[],[],[],[],[],[],"[('derart',)]",[],[],[],[],[],[],[],[],[],[],[],[]
viral/deu_news_2025_1M-sentences.txt/8092492,2021-2025,"[('viral/ADJ',)]","[('Infektion',)]",[],[],[],[],[],[],[],[],[],[],[],[],[],[],[],[],[],[],[],[],[]
viral/deu_news_2025_1M-sentences.txt/8158818,2021-2025,"[('viral/ADJ',)]","[('Fieber',)]",[],[],[],[],[],[],[],[],[],[],[],[],[],[],[],[],[],[],[],[],[]
viral/deu_news_2025_1M-sentences.txt/8163306,2021-2025,"[('viral/ADJ',)]","[('Hit',)]",[],[],[],[],[],[],[],[],[],[],[],[],[],[],[],[],[],[],[],[],[]
viral/deu_news_2025_1M-sentences.txt/8316898,2021-2025,"[('viral/ADJ',)]",[],[],"[('geht',)]",[],[],[],[],[],[],[],[],[],[],[],[],[],[],[],[],[],[],[]
viral/deu_news_2025_1M-sentences.txt/8820360,2021-2025,"[('viral/ADJ',)]",[],[],[],[],"[('und',)]","[('bakterieller',)]",[],[],[],[],[],[],[],[],[],[],[],[],[],[],[],[]
viral/deu_news_2025_1M-sentences.txt/8872782,2021-2025,"[('viral/ADJ',)]",[],[],"[('geht',)]",[],[],[],[],[],[],[],[],[],[],[],[],[],[],[],[],[],[],[]
viral/deu_news_2025_1M-sentences.txt/9104126,2021-2025,"[('viral/ADJ',)]","[('Kampagne',)]",[],[],[],[],[],[],[],[],[],[],[],[],[],[],[],[],[],[],[],[],[]
viral/deu_news_2025_1M-sentences.txt/9104155,2021-2025,"[('viral/ADJ',)]","[('Meningitis',)]",[],[],[],[],[],[],[],[],[],[],[],[],[],[],[],[],[],[],[],[],[]
viral/deu_news_2025_1M-sentences.txt/9158137,2021-2025,"[('viral/ADJ',)]",[],[],"[('geht',)]",[],[],[],[],[],[],[],[],[],[],[],[],[],[],[],[],[],[],[]
viral/deu_news_2025_1M-sentences.txt/9177941,2021-2025,"[('viral/ADJ',)]",[],"[('diskutiert',)]",[],"[('.',)]",[],[],[],[],[],[],[],"[('Moment',)]",[],[],[],[],[],[],[],[],[],[]
viral/deu_news_2025_1M-sentences.txt/9222248,2021-2025,"[('viral/ADJ',)]",[],[],"[('ging',)]",[],[],[],[],[],[],[],[],[],[],[],[],[],[],[],[],[],[],[]
viral/deu_news_2025_1M-sentences.txt/9223583,2021-2025,"[('viral/ADJ',)]","[('Hit',)]",[],[],[],[],[],[],[],[],[],[],[],[],[],[],[],[],[],[],[],[],[]
viral/deu_news_2025_1M-sentences.txt/9243211,2021-2025,"[('viral/ADJ',)]",[],[],"[('gehen',)]",[],[],[],[],[],[],[],[],[],[],[],[],[],[],[],[],[],[],[]
viral/deu_news_2025_1M-sentences.txt/9245864,2021-2025,"[('viral/ADJ',)]",[],[],"[('ging',)]",[],[],[],[],[],[],[],[],[],[],[],[],[],[],[],[],[],[],[]
viral/deu_news_2025_1M-sentences.txt/9248191,2021-2025,"[('viral/ADJ',)]",[],[],"[('gehen',)]",[],[],[],[],[],[],[],[],[],[],[],[],[],[],[],[],[],[],[]
viral/deu_news_2025_1M-sentences.txt/9292999,2021-2025,"[('viral/ADJ',)]",[],[],"[('ging',)]",[],[],[],[],[],[],[],[],[],[],[],[],[],[],[],[],[],[],[]
viral/deu_news_2025_1M-sentences.txt/9341262,2021-2025,"[('viral/ADJ',)]","[('Tiktok',)]",[],[],[],[],[],[],[],[],[],[],[],[],[],[],[],[],[],[],[],[],[]
viral/deu_news_2025_1M-sentences.txt/9386910,2021-2025,"[('viral/ADJ',)]",[],[],"[('ging',)]",[],[],[],[],[],[],[],[],[],[],[],[],[],[],[],[],[],[],[]
viral/deu_news_2025_1M-sentences.txt/9387114,2021-2025,"[('viral/ADJ',)]",[],[],"[('ging',)]",[],[],[],[],[],[],[],[],[],[],[],[],[],[],[],[],[],[],[]
viral/deu_news_2025_1M-sentences.txt/9387144,2021-2025,"[('viral/ADJ',)]",[],[],"[('geht',)]",[],[],[],[],[],[],[],[],[],[],[],[],[],[],[],[],[],[],[]
viral/deu_news_2025_1M-sentences.txt/9388541,2021-2025,"[('viral/ADJ',)]","[('Trend',)]",[],[],[],[],[],[],[],[],[],[],[],[],[],[],[],[],[],[],[],[],[]
viral/deu_news_2025_1M-sentences.txt/9388566,2021-2025,"[('viral/ADJ',)]","[('Video',)]",[],[],[],[],[],[],[],[],[],[],[],[],[],[],[],[],[],[],[],[],[]
viral/deu_news_2025_1M-sentences.txt/9388582,2021-2025,"[('viral/ADJ',)]","[('YouTube',)]",[],[],[],[],[],[],[],[],[],[],[],[],[],[],[],[],[],[],[],[],[]
viral/deu_news_2025_1M-sentences.txt/9404165,2021-2025,"[('viral/ADJ',)]","[('Vorher',)]",[],[],[],[],[],[],[],[],[],[],[],[],[],[],[],[],[],[],[],[],[]
viral/deu_news_2025_1M-sentences.txt/9457620,2021-2025,"[('viral/ADJ',)]",[],[],"[('geht',)]",[],[],[],[],[],[],[],[],[],[],[],[],[],[],[],[],[],[],[]
viral/deu_news_2025_1M-sentences.txt/9684391,2021-2025,"[('viral/ADJ',)]","[('Videos',)]",[],[],[],[],[],[],[],[],[],[],[],[],[],[],[],[],[],[],[],[],[]
viral/deu_news_2025_1M-sentences.txt/10027446,2021-2025,"[('viral/ADJ',)]",[],[],"[('ging',)]",[],[],[],[],[],[],[],[],[],[],[],[],[],[],[],[],[],[],[]
viral/deu_news_2025_1M-sentences.txt/10090822,2021-2025,"[('viral/ADJ',)]",[],[],"[('geht',)]",[],[],[],[],[],[],[],[],[],[],[],[],[],[],[],[],[],[],[]
viral/deu_news_2025_1M-sentences.txt/10455311,2021-2025,"[('viral/ADJ',)]",[],[],"[('geht',)]",[],[],[],[],[],[],[],[],[],[],[],[],[],[],[],[],[],[],[]
viral/deu_news_2025_1M-sentences.txt/10499736,2021-2025,"[('viral/ADJ',)]",[],[],"[('gingen',)]",[],[],[],[],[],[],[],[],[],[],[],[],[],[],[],[],[],[],[]
viral/deu_news_2025_1M-sentences.txt/10499765,2021-2025,"[('viral/ADJ',)]",[],[],"[('gingen',)]",[],[],[],[],[],[],[],[],[],[],[],[],[],[],[],[],[],[],[]
viral/deu_news_2025_1M-sentences.txt/10599820,2021-2025,"[('viral/ADJ',)]",[],[],"[('gingen',)]",[],[],[],[],[],[],[],[],[],[],[],[],[],[],[],[],[],[],[]
viral/deu_news_2025_1M-sentences.txt/11307907,2021-2025,"[('viral/ADJ',)]",[],[],"[('geht',)]",[],[],[],[],[],[],[],[],[],[],[],[],[],[],[],[],[],[],[]
viral/deu_news_2025_1M-sentences.txt/11328871,2021-2025,"[('viral/ADJ',)]",[],[],"[('gehen',)]",[],[],[],[],[],[],[],[],[],[],[],[],[],[],[],[],[],[],[]
viral/deu_news_2025_1M-sentences.txt/11393102,2021-2025,"[('viral/ADJ',)]",[],[],"[('verbreiten',)]",[],[],[],[],[],[],[],[],[],[],[],[],[],[],[],[],[],[],[]
viral/deu_news_2025_1M-sentences.txt/11412724,2021-2025,"[('viral/ADJ',)]",[],[],"[('gehen',)]",[],[],[],[],[],[],[],[],[],[],[],[],[],[],[],[],[],[],[]
viral/deu_news_2025_1M-sentences.txt/11487937,2021-2025,"[('viral/ADJ',)]","[('Video',)]",[],[],[],[],[],[],[],[],[],[],[],[],[],[],[],[],[],[],[],[],[]
viral/deu_news_2025_1M-sentences.txt/11862279,2021-2025,"[('viral/ADJ',)]",[],[],"[('geht',)]",[],[],[],[],[],[],[],[],[],[],[],[],[],[],[],[],[],[],[]
viral/deu_news_2025_1M-sentences.txt/11885003,2021-2025,"[('viral/ADJ',)]",[],[],"[('ging',)]",[],[],[],[],[],[],[],[],[],[],[],[],[],[],[],[],[],[],[]
viral/deu_news_2025_1M-sentences.txt/11907105,2021-2025,"[('viral/ADJ',)]","[('YouTube',)]",[],[],[],[],[],[],[],[],[],[],[],[],[],[],[],[],[],[],[],[],[]
viral/deu_news_2025_1M-sentences.txt/12685174,2021-2025,"[('viral/ADJ',)]",[],[],"[('ging',)]",[],[],[],[],[],[],[],[],[],[],[],[],[],[],[],[],[],[],[]
viral/deu_news_2025_1M-sentences.txt/12686008,2021-2025,"[('viral/ADJ',)]","[('Videoclip',)]",[],[],[],[],[],[],[],[],[],[],[],[],[],[],[],[],[],[],[],[],[]
viral/deu_news_2025_1M-sentences.txt/12705591,2021-2025,"[('viral/ADJ',)]","[('Video',)]",[],[],[],[],[],[],[],[],"[('mittlerweile',)]",[],[],[],[],[],[],[],[],[],[],[],[]
viral/deu_news_2025_1M-sentences.txt/12742506,2021-2025,"[('viral/ADJ',)]","[('Vektorimpfstoff',)]",[],[],[],[],[],[],[],[],[],[],[],[],[],[],[],[],[],[],[],[],[]
viral/deu_news_2025_1M-sentences.txt/12755835,2021-2025,"[('viral/ADJ',)]",[],[],"[('verbreiten',)]",[],[],[],[],[],[],[],[],[],[],[],[],[],[],[],[],[],[],[]
viral/deu_news_2025_1M-sentences.txt/12802101,2021-2025,"[('viral/ADJ',)]",[],[],"[('ging',)]",[],[],[],[],[],[],[],[],[],[],[],[],[],[],[],[],[],[],[]
viral/deu_news_2025_1M-sentences.txt/13052957,2021-2025,"[('viral/ADJ',)]","[('Hit',)]",[],[],[],[],[],[],[],[],[],[],[],[],[],[],[],[],[],[],[],[],[]
viral/deu_news_2025_1M-sentences.txt/13068720,2021-2025,"[('viral/ADJ',)]","[('Hit',)]",[],[],[],[],[],[],[],[],[],[],[],[],[],[],[],[],[],[],[],[],[]
viral/deu_news_2025_1M-sentences.txt/13125832,2021-2025,"[('viral/ADJ',)]","[('Tiktok',)]",[],[],[],[],[],[],[],[],[],[],[],[],[],[],[],[],[],[],[],[],[]
viral/deu_news_2025_1M-sentences.txt/13261204,2021-2025,"[('viral/ADJ',)]",[],[],"[('gegangen',)]",[],[],[],[],[],[],[],[],[],[],[],[],[],[],[],[],[],[],[]
viral/deu_news_2025_1M-sentences.txt/13287879,2021-2025,"[('viral/ADJ',)]",[],[],"[('gegangen',)]",[],[],[],[],[],[],[],[],[],[],[],[],[],[],[],[],[],[],[]
viral/deu_news_2025_1M-sentences.txt/13535425,2021-2025,"[('viral/ADJ',)]",[],[],"[('ging',)]",[],[],[],[],[],[],[],[],[],[],[],[],[],[],[],[],[],[],[]
viral/deu_news_2025_1M-sentences.txt/13784238,2021-2025,"[('viral/ADJ',)]","[('Louvre',)]",[],[],[],[],[],[],[],[],[],[],[],[],[],[],[],[],[],[],[],[],[]
viral/deu_news_2025_1M-sentences.txt/13799339,2021-2025,"[('viral/ADJ',)]",[],[],"[('gehen',)]",[],[],[],[],[],[],[],[],[],[],[],[],[],[],[],[],[],[],[]
viral/deu_news_2025_1M-sentences.txt/14044820,2021-2025,"[('viral/ADJ',)]","[('Clip',)]",[],[],[],[],[],[],[],[],[],[],[],[],[],[],[],[],[],[],[],[],[]
viral/deu_news_2025_1M-sentences.txt/14179363,2021-2025,"[('viral/ADJ',)]","[('Potenzial',)]",[],[],[],[],[],[],[],[],[],[],[],[],[],[],[],[],[],[],[],[],[]
viral/deu_news_2025_1M-sentences.txt/14299259,2021-2025,"[('viral/ADJ',)]","[('Hype',)]",[],[],[],[],[],[],[],[],[],[],[],[],[],[],[],[],[],[],[],[],[]
viral/deu_news_2025_1M-sentences.txt/14359665,2021-2025,"[('viral/ADJ',)]","[('Moment',)]",[],[],[],[],[],[],[],[],[],[],[],[],[],[],[],[],[],[],[],[],[]
viral/deu_news_2025_1M-sentences.txt/14742192,2021-2025,"[('viral/ADJ',)]",[],[],"[('geht',)]",[],[],[],[],[],[],[],[],[],[],[],[],[],[],[],[],[],[],[]
viral/deu_news_2025_1M-sentences.txt/14812226,2021-2025,"[('viral/ADJ',)]","[('Video',)]",[],[],[],[],[],[],[],[],[],[],[],[],[],[],[],[],[],[],[],[],[]
viral/deu_news_2025_1M-sentences.txt/15234845,2021-2025,"[('viral/ADJ',)]",[],[],"[('geht',)]",[],[],[],[],[],[],[],[],[],[],[],[],[],[],[],[],[],[],[]
viral/deu_news_2025_1M-sentences.txt/15339031,2021-2025,"[('viral/ADJ',)]","[('Inhalte',)]",[],[],[],[],[],[],[],[],[],[],[],[],[],[],[],[],[],[],[],[],[]
viral/deu_news_2025_1M-sentences.txt/16000882,2021-2025,"[('viral/ADJ',)]",[],[],"[('gingen',)]",[],[],[],[],[],[],[],[],[],[],[],[],[],[],[],[],[],[],[]
viral/deu_news_2025_1M-sentences.txt/16073312,2021-2025,"[('viral/ADJ',)]","[('Song',)]",[],[],[],[],[],[],[],[],[],[],[],[],[],[],[],[],[],[],[],[],[]
viral/deu_news_2025_1M-sentences.txt/16226734,2021-2025,"[('viral/ADJ',)]",[],[],"[('ging',)]",[],[],[],[],[],[],[],[],[],[],[],[],[],[],[],[],[],[],[]
viral/deu_news_2025_1M-sentences.txt/16575670,2021-2025,"[('viral/ADJ',)]","[('Video',)]",[],[],[],[],[],[],[],[],[],[],[],[],[],[],[],[],[],[],[],[],[]
viral/deu_news_2025_1M-sentences.txt/16841412,2021-2025,"[('viral/ADJ',)]","[('DNA',)]",[],[],[],[],[],[],[],[],[],[],[],[],[],[],[],[],[],[],[],[],[]
viral/deu_news_2025_1M-sentences.txt/16960518,2021-2025,"[('viral/ADJ',)]","[('Challenges',)]",[],[],[],[],[],[],[],[],[],[],[],[],[],[],[],[],[],[],[],[],[]
viral/deu_news_2025_1M-sentences.txt/17006278,2021-2025,"[('viral/ADJ',)]",[],[],"[('gegangenen',)]",[],[],[],[],[],[],[],[],[],[],[],[],[],[],[],[],[],[],[]
viral/deu_news_2025_1M-sentences.txt/17024866,2021-2025,"[('viral/ADJ',)]","[('Video',)]",[],[],[],[],[],[],[],[],[],[],[],[],[],[],[],[],[],[],[],[],[]
viral/deu_news_2025_1M-sentences.txt/17094779,2021-2025,"[('viral/ADJ',)]","[('Tanzsequenzen',)]",[],[],[],[],[],[],[],[],[],[],[],[],[],[],[],[],[],[],[],[],[]
viral/deu_news_2025_1M-sentences.txt/17319074,2021-2025,"[('viral/ADJ',)]","[('Meningitis',)]",[],[],[],[],[],[],[],[],[],[],[],[],[],[],[],[],[],[],[],[],[]
viral/deu_news_2025_1M-sentences.txt/17324156,2021-2025,"[('viral/ADJ',)]","[('Internet',)]",[],[],[],[],[],[],[],[],[],[],[],[],[],[],[],[],[],[],[],[],[]
viral/deu_news_2025_1M-sentences.txt/17324177,2021-2025,"[('viral/ADJ',)]",[],[],"[('geht',)]",[],[],[],[],[],[],[],[],[],[],[],[],[],[],[],[],[],[],[]
viral/deu_news_2025_1M-sentences.txt/17345321,2021-2025,"[('viral/ADJ',)]","[('Infekten',)]",[],[],[],[],[],[],[],[],[],[],[],[],[],[],[],[],[],[],[],[],[]
viral/deu_news_2025_1M-sentences.txt/17957745,2021-2025,"[('viral/ADJ',)]","[('Onlineartikeln',)]","[('recherchierten',)]",[],[],[],[],[],[],[],[],[],[],[],[],[],[],[],[],[],[],[],[]
viral/deu_news_2025_1M-sentences.txt/18130095,2021-2025,"[('viral/ADJ',)]","[('Internet',)]",[],[],[],[],[],[],[],[],[],[],[],[],[],[],[],[],[],[],[],[],[]
viral/deu_news_2025_1M-sentences.txt/18319720,2021-2025,"[('viral/ADJ',)]","[('Video',)]",[],[],[],[],[],[],[],[],[],[],[],[],[],[],[],[],[],[],[],[],[]
viral/deu_news_2025_1M-sentences.txt/18456318,2021-2025,"[('viral/ADJ',)]",[],[],"[('gingen',)]",[],[],[],[],[],[],[],[],[],[],[],[],[],[],[],[],[],[],[]
viral/deu_news_2025_1M-sentences.txt/18724472,2021-2025,"[('viral/ADJ',)]","[('TikTok',)]",[],[],[],[],[],[],[],[],[],[],[],[],[],[],[],[],[],[],[],[],[]
viral/deu_news_2025_1M-sentences.txt/18780168,2021-2025,"[('viral/ADJ',)]","[('Foto',)]",[],[],[],[],[],[],[],[],[],[],[],[],[],[],[],[],[],[],[],[],[]
viral/deu_news_2025_1M-sentences.txt/18867898,2021-2025,"[('viral/ADJ',)]",[],[],"[('gegangen',)]",[],[],[],[],[],[],[],[],[],[],[],[],[],[],[],[],[],[],[]
viral/deu_news_2025_1M-sentences.txt/19016065,2021-2025,"[('viral/ADJ',)]","[('Reddit',)]",[],[],[],[],[],[],[],[],[],[],[],[],[],[],[],[],[],[],[],[],[]
viral/deu_news_2025_1M-sentences.txt/19203687,2021-2025,"[('viral/ADJ',)]",[],[],"[('gehen',)]",[],[],[],[],[],[],[],[],[],[],[],[],[],[],[],[],[],[],[]
viral/deu_news_2025_1M-sentences.txt/19395831,2021-2025,"[('viral/ADJ',)]",[],[],"[('machen',)]",[],[],[],[],[],[],[],[],[],[],[],[],[],[],[],[],[],[],[]
viral/deu_news_2025_1M-sentences.txt/20027360,2021-2025,"[('viral/ADJ',)]","[('Verbreitung',)]",[],[],[],[],[],[],[],[],[],[],[],[],[],[],[],[],[],[],[],[],[]
viral/deu_news_2025_1M-sentences.txt/20104761,2021-2025,"[('viral/ADJ',)]",[],[],"[('gehen',)]",[],[],[],[],[],[],"[('gerade',)]",[],[],[],[],[],[],[],[],[],[],[],[]
